user_id,age,gender,height_cm,weight_kg,bmi,shoe_size,apparel_size,foot_arch_type,primary_sport,fitness_level,workouts_per_week,indoor_or_outdoor,budget_min,budget_max,preferred_brands,style_preference,color_preference,material_preference,location,climate
U00001,21,female,165.3,47.8,17.5,9.0,XS,high,skateboarding,beginner,2,outdoor,11,35,Nike|Adidas,casual,navy,synthetic,"Denver, CO",cold
U00002,49,male,179.6,70.6,21.9,11.0,S,low,training,beginner,4,indoor,13,42,Adidas|Nike,athleisure,black,synthetic,"Phoenix, AZ",hot
U00003,26,male,183.5,81.8,24.3,11.0,M,normal,running,intermediate,5,outdoor,39,214,Nike|Jordan|Adidas,performance,grey,cotton,"Houston, TX",tropical
U00004,41,male,183.5,64.0,19.0,11.0,XS,normal,football,beginner,4,indoor,10,51,Adidas|Jordan,performance,grey,polyester,"Los Angeles, CA",hot
U00005,41,male,184.1,99.3,29.3,11.5,XL,normal,running,advanced,2,both,30,109,Jordan,performance,black,mesh,"Minneapolis, MN",cold
U00006,50,male,184.1,95.9,28.3,11.5,L,normal,football,intermediate,2,indoor,37,88,Nike|Adidas,performance,multi,synthetic,"Detroit, MI",continental
U00007,24,female,161.0,69.7,26.9,8.0,L,normal,basketball,intermediate,2,indoor,19,88,Jordan,retro,multi,mesh,"San Francisco, CA",temperate
U00008,54,male,170.4,65.9,22.7,8.0,M,high,football,advanced,4,indoor,51,176,Adidas|Nike,casual,black,synthetic,"San Francisco, CA",temperate
U00009,25,female,165.4,62.9,23.0,8.5,M,low,basketball,intermediate,4,indoor,21,127,Adidas|Nike|Jordan,athleisure,white,synthetic,"Atlanta, GA",temperate
U00010,18,male,169.8,72.7,25.2,9.0,M,normal,running,intermediate,4,outdoor,23,95,Nike|Adidas|Jordan,athleisure,black,mesh,"Los Angeles, CA",hot
U00011,20,female,156.4,64.3,26.3,7.5,L,normal,lifestyle,beginner,3,indoor,18,70,Nike|Adidas,athleisure,green,leather,"Houston, TX",tropical
U00012,40,female,160.6,79.4,30.8,8.5,XL,low,football,advanced,3,outdoor,65,147,Adidas,performance,grey,leather,"Minneapolis, MN",cold
U00013,21,female,170.7,69.3,23.8,9.5,M,high,training,beginner,3,both,26,127,Adidas|Nike,casual,multi,nylon,"Minneapolis, MN",cold
U00014,31,male,166.4,88.6,32.0,9.0,XL,normal,football,intermediate,2,outdoor,15,86,Adidas,retro,blue,synthetic,"Dallas, TX",hot
U00015,56,male,173.6,67.8,22.5,9.0,M,normal,running,advanced,3,both,40,239,Adidas|Nike|Jordan,performance,black,mesh,"Portland, OR",temperate
U00016,26,female,165.8,65.2,23.7,9.0,M,high,running,beginner,5,outdoor,16,51,Adidas,performance,yellow,synthetic,"Phoenix, AZ",hot
U00017,25,female,176.8,80.6,25.8,10.5,L,low,running,beginner,3,outdoor,11,36,Adidas|Nike,performance,green,cotton,"Seattle, WA",temperate
U00018,35,female,155.8,48.8,20.1,7.5,S,normal,training,intermediate,4,indoor,11,52,Jordan,athleisure,black,nylon,"Boston, MA",continental
U00019,40,male,177.5,63.6,20.2,10.0,S,normal,running,advanced,3,outdoor,42,187,Jordan|Nike,performance,black,nylon,"Seattle, WA",temperate
U00020,52,male,171.1,68.8,23.5,9.0,M,low,basketball,intermediate,4,both,42,171,Jordan|Adidas|Nike,retro,beige,synthetic,"Los Angeles, CA",hot
U00021,18,female,161.5,57.6,22.1,8.5,M,high,yoga,intermediate,3,indoor,10,53,Adidas|Nike,casual,multi,cotton,"San Diego, CA",hot
U00022,31,female,161.0,62.2,24.0,8.0,M,high,lifestyle,intermediate,4,both,29,73,Adidas|Nike,athleisure,pink,gore-tex,"Detroit, MI",continental
U00023,21,male,177.1,97.9,31.2,11.0,XL,normal,running,beginner,3,indoor,24,63,Nike,athleisure,black,mesh,"San Francisco, CA",temperate
U00024,20,male,177.5,84.4,26.8,10.5,L,normal,running,intermediate,4,both,21,86,Nike,casual,black,nylon,"Orlando, FL",tropical
U00025,32,female,169.7,77.2,26.8,9.0,L,high,basketball,intermediate,3,both,26,82,Nike|Adidas,performance,red,fleece,"Los Angeles, CA",hot
U00026,18,female,159.9,48.8,19.1,8.0,S,normal,running,advanced,5,outdoor,20,79,Adidas,performance,black,nylon,"San Francisco, CA",temperate
U00027,20,female,162.8,58.6,22.1,8.5,M,low,lifestyle,beginner,4,outdoor,10,61,Jordan|Adidas,casual,black,gore-tex,"Denver, CO",cold
U00028,21,male,180.2,64.0,19.7,10.5,S,high,lifestyle,beginner,4,outdoor,23,70,Nike,performance,black,mesh,"Philadelphia, PA",temperate
U00029,50,male,175.9,63.7,20.6,9.5,S,normal,training,intermediate,4,indoor,47,129,Nike,performance,navy,cotton,"Charlotte, NC",temperate
U00030,38,female,155.0,72.3,30.1,7.0,XL,low,training,advanced,4,indoor,42,167,Adidas|Nike,performance,red,mesh,"Las Vegas, NV",hot
U00031,50,male,171.1,68.8,23.5,8.0,M,normal,training,intermediate,4,indoor,15,67,Nike|Adidas,athleisure,multi,knit,"Chicago, IL",continental
U00032,26,female,163.9,59.4,22.1,9.0,M,normal,training,beginner,3,indoor,17,74,Adidas|Nike|Jordan,performance,black,polyester,"Detroit, MI",continental
U00033,52,male,175.9,81.4,26.3,10.0,L,normal,yoga,intermediate,2,indoor,30,116,Adidas,casual,beige,nylon,"Orlando, FL",tropical
U00034,29,male,176.5,89.4,28.7,10.5,XL,normal,swimming,advanced,4,both,28,95,Adidas,performance,white,synthetic,"Charlotte, NC",temperate
U00035,27,female,171.3,62.2,21.2,9.5,S,normal,yoga,beginner,4,outdoor,21,57,Jordan,retro,brown,polyester,"Los Angeles, CA",hot
U00036,18,male,184.1,94.6,27.9,11.0,L,normal,training,intermediate,3,indoor,21,100,Adidas|Nike|Jordan,performance,red,knit,"New York, NY",continental
U00037,22,female,174.2,74.7,24.6,10.5,L,normal,running,beginner,3,outdoor,19,52,Nike|Adidas,performance,white,synthetic,"Miami, FL",tropical
U00038,34,male,174.7,69.9,22.9,9.5,M,normal,yoga,advanced,4,both,32,72,Adidas|Nike|Jordan,athleisure,brown,mesh,"Philadelphia, PA",temperate
U00039,27,female,174.5,61.8,20.3,10.5,S,normal,football,beginner,3,outdoor,10,50,Adidas|Nike|Jordan,performance,navy,polyester,"Phoenix, AZ",hot
U00040,52,female,164.7,71.3,26.3,9.0,L,normal,running,beginner,5,outdoor,15,48,Nike,performance,red,knit,"Charlotte, NC",temperate
U00041,31,male,177.5,86.0,27.3,10.0,L,normal,running,advanced,2,outdoor,54,209,Jordan,performance,brown,mesh,"New York, NY",continental
U00042,51,male,180.7,71.2,21.8,10.5,S,normal,training,beginner,4,indoor,64,194,Nike,performance,blue,leather,"Atlanta, GA",temperate
U00043,21,male,184.2,70.6,20.8,11.0,S,high,training,beginner,5,indoor,23,56,Nike|Adidas,performance,black,leather,"Boston, MA",continental
U00044,20,female,156.4,51.6,21.1,8.0,S,normal,training,beginner,4,both,15,35,Jordan|Adidas|Nike,performance,black,polyester,"Boston, MA",continental
U00045,40,male,178.2,72.1,22.7,10.5,M,normal,training,beginner,4,indoor,17,61,Nike,performance,white,leather,"San Diego, CA",hot
U00046,37,male,169.8,90.2,31.3,8.5,XL,high,training,intermediate,2,indoor,40,105,Nike|Adidas,performance,purple,leather,"Seattle, WA",temperate
U00047,21,male,173.6,82.9,27.5,9.0,L,normal,tennis,intermediate,3,outdoor,36,118,Nike,casual,multi,mesh,"Minneapolis, MN",cold
U00048,44,male,182.2,75.4,22.7,11.0,M,low,yoga,intermediate,2,outdoor,68,177,Nike|Adidas,performance,navy,polyester,"Atlanta, GA",temperate
U00049,57,female,162.1,53.6,20.4,8.5,S,normal,running,beginner,3,outdoor,40,96,Nike,performance,navy,mesh,"Seattle, WA",temperate
U00050,22,male,178.2,70.8,22.3,10.0,S,normal,yoga,beginner,4,both,24,67,Adidas|Nike,athleisure,white,leather,"Detroit, MI",continental
U00051,53,female,159.9,49.1,19.2,8.0,S,low,yoga,advanced,4,both,28,165,Nike|Adidas,casual,brown,knit,"Houston, TX",tropical
U00052,26,female,163.3,85.6,32.1,9.0,XXL,high,yoga,advanced,4,indoor,69,308,Jordan,athleisure,grey,gore-tex,"Orlando, FL",tropical
U00053,23,male,175.9,68.7,22.2,9.5,S,normal,football,beginner,2,indoor,18,46,Nike|Jordan|Adidas,performance,blue,cotton,"Las Vegas, NV",hot
U00054,20,female,170.3,72.2,24.9,10.5,L,low,training,advanced,2,indoor,22,138,Adidas|Jordan,performance,multi,mesh,"Los Angeles, CA",hot
U00055,19,male,177.5,71.8,22.8,10.0,M,normal,running,intermediate,4,both,24,78,Nike,performance,orange,polyester,"Portland, OR",temperate
U00056,26,female,162.1,73.6,28.0,9.0,XL,normal,running,intermediate,2,outdoor,14,43,Nike,athleisure,green,nylon,"Miami, FL",tropical
U00057,58,female,176.8,61.0,19.5,11.5,S,normal,training,intermediate,3,indoor,58,147,Jordan,casual,blue,polyester,"Phoenix, AZ",hot
U00058,46,female,162.1,67.5,25.7,8.5,L,normal,yoga,beginner,2,indoor,34,86,Nike,performance,black,cotton,"Las Vegas, NV",hot
U00059,25,female,166.9,58.2,20.9,8.5,S,high,football,intermediate,3,outdoor,10,39,Adidas,performance,grey,leather,"Charlotte, NC",temperate
U00060,22,female,155.8,75.2,31.0,8.0,XL,normal,football,beginner,3,both,29,81,Jordan,performance,grey,cotton,"Miami, FL",tropical
U00061,33,male,179.6,79.0,24.5,10.0,M,high,yoga,intermediate,5,indoor,36,92,Nike|Adidas|Jordan,athleisure,orange,mesh,"Houston, TX",tropical
U00062,53,female,159.2,52.7,20.8,8.0,S,normal,training,beginner,5,indoor,18,98,Nike|Adidas|Jordan,performance,green,knit,"Denver, CO",cold
U00063,29,female,163.9,76.8,28.6,8.5,XL,normal,training,intermediate,3,indoor,32,108,Adidas,athleisure,beige,gore-tex,"Houston, TX",tropical
U00064,42,female,165.4,66.8,24.4,9.0,M,high,tennis,intermediate,3,outdoor,20,59,Nike|Adidas,retro,black,polyester,"Charlotte, NC",temperate
U00065,23,female,158.1,53.2,21.3,8.0,S,normal,outdoor,advanced,2,outdoor,35,137,Nike,performance,blue,mesh,"Dallas, TX",hot
U00066,32,male,184.7,79.8,23.4,12.0,M,normal,skateboarding,advanced,4,indoor,30,113,Nike|Jordan,casual,yellow,polyester,"Seattle, WA",temperate
U00067,22,female,165.9,58.9,21.4,9.0,S,high,running,beginner,4,outdoor,10,35,Adidas,retro,blue,nylon,"New York, NY",continental
U00068,42,male,183.6,68.4,20.3,11.0,S,high,running,intermediate,4,outdoor,58,151,Jordan,casual,white,polyester,"New York, NY",continental
U00069,19,female,174.2,48.6,16.0,10.5,XS,high,yoga,advanced,4,indoor,35,159,Adidas,athleisure,orange,cotton,"Denver, CO",cold
U00070,21,female,167.6,71.6,25.5,10.0,L,normal,training,beginner,5,indoor,28,100,Jordan|Nike,performance,black,synthetic,"Houston, TX",tropical
U00071,30,male,172.0,64.8,21.9,9.0,S,normal,training,beginner,3,indoor,17,55,Nike|Adidas,performance,grey,cotton,"Philadelphia, PA",temperate
U00072,57,female,174.5,70.9,23.3,10.5,M,normal,yoga,intermediate,4,outdoor,10,57,Adidas|Jordan,performance,pink,nylon,"Minneapolis, MN",cold
U00073,24,female,163.9,66.1,24.6,8.5,L,normal,training,intermediate,4,indoor,32,113,Nike,performance,black,leather,"Seattle, WA",temperate
U00074,50,male,172.3,85.8,28.9,9.0,XL,low,yoga,intermediate,4,indoor,14,74,Adidas|Nike,athleisure,yellow,polyester,"Boston, MA",continental
U00075,27,female,165.9,47.9,17.4,9.0,XS,high,training,advanced,3,outdoor,32,145,Adidas,athleisure,grey,cotton,"San Diego, CA",hot
U00076,48,male,189.5,83.3,23.2,12.5,M,normal,training,intermediate,4,indoor,34,131,Adidas,performance,grey,mesh,"Las Vegas, NV",hot
U00077,33,female,153.7,86.9,36.8,7.5,XXL,normal,football,intermediate,3,both,30,100,Nike,performance,multi,knit,"New York, NY",continental
U00078,32,female,160.0,66.6,26.0,8.0,L,high,yoga,intermediate,2,indoor,24,86,Nike,casual,black,nylon,"Houston, TX",tropical
U00079,52,male,173.6,63.9,21.2,9.5,S,high,training,advanced,3,outdoor,16,92,Adidas|Nike,performance,grey,leather,"Philadelphia, PA",temperate
U00080,32,male,183.1,75.1,22.4,11.5,S,normal,football,advanced,4,outdoor,63,245,Adidas|Nike,performance,blue,synthetic,"Phoenix, AZ",hot
U00081,18,female,163.3,55.2,20.7,8.0,S,normal,training,intermediate,2,indoor,12,74,Nike|Adidas,athleisure,black,leather,"Boston, MA",continental
U00082,29,male,171.1,87.5,29.9,8.5,XL,normal,running,beginner,4,outdoor,19,84,Nike,retro,white,cotton,"Minneapolis, MN",cold
U00083,23,female,161.0,62.2,24.0,8.0,M,normal,outdoor,beginner,4,outdoor,11,65,Adidas,casual,blue,mesh,"Phoenix, AZ",hot
U00084,45,male,185.7,84.1,24.4,11.5,M,low,training,intermediate,4,indoor,33,166,Jordan|Nike,athleisure,beige,synthetic,"Minneapolis, MN",cold
U00085,56,male,178.2,70.2,22.1,10.0,S,normal,yoga,beginner,4,indoor,14,48,Adidas,athleisure,blue,synthetic,"Dallas, TX",hot
U00086,19,male,184.2,70.9,20.9,11.5,S,high,yoga,beginner,5,indoor,20,46,Jordan,athleisure,navy,fleece,"Denver, CO",cold
U00087,31,female,168.0,66.6,23.6,9.5,M,high,basketball,intermediate,2,indoor,14,66,Adidas,retro,red,knit,"Orlando, FL",tropical
U00088,45,male,170.4,75.8,26.1,9.5,L,normal,running,advanced,4,both,48,131,Nike|Jordan|Adidas,performance,black,synthetic,"Las Vegas, NV",hot
U00089,23,female,176.9,75.1,24.0,11.5,M,normal,basketball,beginner,3,indoor,10,62,Nike,casual,black,cotton,"Denver, CO",cold
U00090,31,female,164.7,71.1,26.2,8.5,L,low,football,beginner,4,both,12,46,Adidas,performance,blue,fleece,"Boston, MA",continental
U00091,40,female,171.9,61.5,20.8,9.5,S,high,running,beginner,5,outdoor,20,74,Adidas|Nike,performance,red,polyester,"Houston, TX",tropical
U00092,40,male,149.8,63.5,28.3,7.0,L,high,yoga,intermediate,4,indoor,35,194,Adidas|Nike|Jordan,casual,white,mesh,"Orlando, FL",tropical
U00093,19,male,188.4,78.1,22.0,12.0,S,high,training,intermediate,4,indoor,24,71,Adidas,performance,black,leather,"San Francisco, CA",temperate
U00094,36,male,174.1,80.9,26.7,9.5,L,normal,running,beginner,3,both,10,37,Nike,athleisure,green,knit,"Charlotte, NC",temperate
U00095,29,female,154.5,63.7,26.7,7.0,L,normal,swimming,beginner,3,indoor,21,55,Nike|Jordan|Adidas,performance,pink,mesh,"Portland, OR",temperate
U00096,37,female,165.9,59.4,21.6,9.0,M,normal,running,beginner,5,outdoor,12,36,Nike|Adidas|Jordan,performance,brown,knit,"Orlando, FL",tropical
U00097,49,male,174.1,88.5,29.2,10.0,XL,normal,basketball,advanced,3,indoor,108,289,Nike|Adidas,performance,orange,cotton,"Philadelphia, PA",temperate
U00098,36,female,165.9,52.0,18.9,8.5,S,normal,training,advanced,4,indoor,34,171,Nike,performance,green,fleece,"Portland, OR",temperate
U00099,27,female,155.8,60.4,24.9,8.0,L,low,training,intermediate,3,outdoor,19,77,Nike,performance,blue,nylon,"Dallas, TX",hot
U00100,18,male,169.8,76.1,26.4,9.0,L,low,tennis,advanced,2,indoor,39,107,Adidas|Nike|Jordan,performance,beige,leather,"Los Angeles, CA",hot
U00101,45,male,185.7,84.1,24.4,12.0,M,normal,training,intermediate,4,indoor,18,64,Nike|Adidas,retro,pink,knit,"Los Angeles, CA",hot
U00102,54,male,166.0,88.7,32.2,8.0,XL,high,football,beginner,3,outdoor,34,99,Nike,performance,black,cotton,"Los Angeles, CA",hot
U00103,40,male,153.0,66.2,28.3,7.0,L,normal,yoga,intermediate,4,indoor,62,227,Jordan,athleisure,green,polyester,"Philadelphia, PA",temperate
U00104,20,male,190.2,93.0,25.7,12.5,XL,normal,running,intermediate,3,outdoor,16,46,Jordan,casual,white,cotton,"San Diego, CA",hot
U00105,43,female,176.2,71.1,22.9,11.0,M,normal,yoga,advanced,4,indoor,88,256,Nike|Adidas,athleisure,orange,fleece,"New York, NY",continental
U00106,31,male,175.3,77.7,25.3,9.5,M,normal,training,beginner,2,indoor,14,59,Jordan|Nike,performance,multi,synthetic,"Orlando, FL",tropical
U00107,26,male,167.1,65.9,23.6,8.5,M,normal,training,beginner,2,indoor,46,111,Nike,performance,black,leather,"Seattle, WA",temperate
U00108,29,male,169.9,75.6,26.2,8.5,L,low,training,beginner,3,indoor,13,35,Nike|Adidas,casual,black,cotton,"Orlando, FL",tropical
U00109,29,male,170.4,79.8,27.5,9.5,L,normal,running,advanced,5,outdoor,31,181,Nike|Adidas,performance,green,cotton,"Denver, CO",cold
U00110,54,female,153.7,59.1,25.0,7.0,L,low,yoga,intermediate,3,indoor,14,88,Nike|Adidas,athleisure,orange,leather,"Denver, CO",cold
U00111,23,female,174.5,62.1,20.4,10.0,S,high,training,beginner,3,outdoor,26,70,Nike,athleisure,red,knit,"Phoenix, AZ",hot
U00112,28,male,174.7,79.0,25.9,10.0,L,high,training,intermediate,2,indoor,37,108,Nike|Adidas|Jordan,performance,blue,gore-tex,"Philadelphia, PA",temperate
U00113,33,male,180.7,100.9,30.9,12.0,XL,normal,training,beginner,4,indoor,28,66,Nike,performance,purple,polyester,"Los Angeles, CA",hot
U00114,50,female,170.7,67.6,23.2,9.0,M,normal,running,beginner,3,both,22,62,Adidas|Jordan,performance,red,cotton,"San Diego, CA",hot
U00115,34,male,170.4,84.2,29.0,9.0,XL,normal,football,intermediate,5,both,43,202,Adidas,retro,purple,leather,"Detroit, MI",continental
U00116,18,female,165.4,53.3,19.5,9.0,S,normal,football,advanced,2,both,20,126,Nike|Adidas,retro,white,gore-tex,"New York, NY",continental
U00117,30,male,178.2,73.7,23.2,10.5,M,normal,training,intermediate,4,indoor,47,151,Nike|Jordan,performance,grey,cotton,"Orlando, FL",tropical
U00118,21,male,169.9,76.2,26.4,9.5,L,normal,tennis,advanced,2,outdoor,53,176,Nike,performance,red,knit,"Las Vegas, NV",hot
U00119,33,female,163.9,54.3,20.2,9.0,S,high,football,advanced,4,outdoor,103,240,Nike|Adidas,performance,pink,leather,"Houston, TX",tropical
U00120,18,female,164.7,50.2,18.5,9.0,S,normal,outdoor,intermediate,3,both,20,56,Adidas|Nike,performance,black,leather,"Dallas, TX",hot
U00121,18,male,169.9,78.2,27.1,9.5,L,normal,yoga,beginner,4,indoor,30,72,Jordan,performance,black,mesh,"Atlanta, GA",temperate
U00122,46,male,189.1,80.8,22.6,12.5,M,low,training,beginner,4,indoor,28,75,Nike,performance,yellow,synthetic,"Las Vegas, NV",hot
U00123,53,male,176.5,81.9,26.3,10.0,L,low,lifestyle,intermediate,3,both,22,64,Adidas,casual,navy,knit,"Philadelphia, PA",temperate
U00124,29,male,170.4,79.8,27.5,8.5,L,low,training,advanced,5,indoor,48,151,Nike|Adidas|Jordan,performance,white,synthetic,"Detroit, MI",continental
U00125,23,male,168.5,89.4,31.5,9.5,XL,low,running,intermediate,3,outdoor,73,226,Adidas,performance,white,cotton,"Las Vegas, NV",hot
U00126,55,female,167.1,69.5,24.9,9.0,L,normal,training,beginner,4,indoor,17,55,Nike|Adidas,performance,orange,leather,"Dallas, TX",hot
U00127,48,male,174.1,73.4,24.2,9.0,M,normal,lifestyle,advanced,3,both,57,141,Nike,casual,black,mesh,"Miami, FL",tropical
U00128,42,female,156.4,76.8,31.4,8.0,XL,normal,training,beginner,2,indoor,17,79,Adidas|Nike,performance,navy,gore-tex,"Detroit, MI",continental
U00129,46,female,152.9,67.6,28.9,7.0,XL,normal,running,beginner,2,outdoor,22,52,Nike|Adidas,performance,blue,mesh,"Denver, CO",cold
U00130,20,male,177.1,83.1,26.5,10.0,L,low,training,beginner,3,both,18,57,Nike|Adidas,performance,multi,leather,"Portland, OR",temperate
U00131,52,female,167.2,69.6,24.9,8.5,L,high,training,beginner,4,indoor,15,54,Nike|Adidas,athleisure,green,polyester,"Charlotte, NC",temperate
U00132,31,female,161.6,67.1,25.7,8.5,L,high,yoga,intermediate,2,indoor,26,124,Adidas|Nike,athleisure,pink,nylon,"Las Vegas, NV",hot
U00133,21,female,167.6,45.8,16.3,9.0,XS,normal,swimming,beginner,4,both,12,52,Adidas|Jordan|Nike,performance,green,cotton,"Dallas, TX",hot
U00134,29,female,157.1,62.4,25.3,8.0,L,normal,training,intermediate,5,outdoor,77,238,Nike|Adidas,performance,multi,knit,"Denver, CO",cold
U00135,26,male,180.7,78.0,23.9,10.5,M,normal,training,beginner,4,both,13,66,Nike|Adidas,casual,white,polyester,"Denver, CO",cold
U00136,20,male,179.1,84.7,26.4,11.0,L,high,football,intermediate,3,outdoor,12,78,Nike|Adidas,performance,black,synthetic,"Orlando, FL",tropical
U00137,53,male,175.9,73.3,23.7,10.0,M,normal,running,intermediate,3,outdoor,37,162,Nike|Adidas,performance,white,polyester,"Los Angeles, CA",hot
U00138,50,female,165.4,59.6,21.8,9.5,M,low,training,intermediate,2,indoor,14,59,Nike|Adidas,athleisure,beige,synthetic,"Denver, CO",cold
U00139,28,female,160.6,58.3,22.6,8.5,M,normal,yoga,intermediate,3,indoor,93,214,Adidas|Jordan,athleisure,pink,mesh,"Portland, OR",temperate
U00140,49,female,160.6,81.0,31.4,8.5,XL,normal,training,intermediate,2,outdoor,22,69,Nike|Adidas|Jordan,athleisure,black,cotton,"Orlando, FL",tropical
U00141,45,female,172.5,59.5,20.0,10.5,S,normal,basketball,beginner,5,indoor,29,107,Adidas|Nike|Jordan,performance,white,mesh,"Boston, MA",continental
U00142,56,female,157.2,71.7,29.0,8.5,XL,normal,yoga,beginner,3,both,44,98,Adidas|Nike,athleisure,navy,cotton,"Atlanta, GA",temperate
U00143,28,male,174.1,63.7,21.0,9.5,S,normal,yoga,intermediate,4,indoor,22,84,Nike|Adidas,athleisure,black,leather,"San Diego, CA",hot
U00144,44,male,181.2,86.0,26.2,11.5,L,normal,yoga,intermediate,3,indoor,38,88,Nike,athleisure,navy,nylon,"Seattle, WA",temperate
U00145,18,male,172.3,65.9,22.2,9.0,S,normal,running,beginner,4,outdoor,22,51,Adidas|Jordan,performance,black,synthetic,"Detroit, MI",continental
U00146,57,male,174.7,85.2,27.9,10.0,L,normal,swimming,beginner,3,indoor,25,69,Nike|Jordan,performance,pink,mesh,"Boston, MA",continental
U00147,45,female,161.0,48.7,18.8,8.0,S,high,training,advanced,3,indoor,34,109,Nike|Adidas|Jordan,performance,white,cotton,"Orlando, FL",tropical
U00148,22,female,169.1,65.8,23.0,8.5,M,normal,running,advanced,5,both,51,129,Nike|Adidas,athleisure,grey,fleece,"Detroit, MI",continental
U00149,18,female,151.8,56.0,24.3,6.5,M,normal,training,advanced,3,indoor,29,119,Nike|Adidas,performance,black,mesh,"Philadelphia, PA",temperate
U00150,46,female,161.6,55.9,21.4,8.5,S,normal,training,advanced,3,both,27,102,Jordan,athleisure,red,polyester,"Houston, TX",tropical
U00151,43,female,168.0,83.5,29.6,9.5,XL,normal,training,intermediate,3,indoor,14,68,Nike|Adidas,athleisure,pink,polyester,"Phoenix, AZ",hot
U00152,43,male,186.8,83.4,23.9,12.0,M,normal,training,advanced,3,both,39,174,Adidas,performance,purple,polyester,"Boston, MA",continental
U00153,29,male,184.7,86.0,25.2,11.5,M,low,training,beginner,4,both,13,68,Jordan|Adidas,performance,pink,synthetic,"Portland, OR",temperate
U00154,26,male,170.4,81.0,27.9,9.0,L,low,running,intermediate,2,both,31,76,Adidas,performance,red,cotton,"Orlando, FL",tropical
U00155,18,female,156.4,62.6,25.6,7.5,L,low,yoga,intermediate,4,both,13,89,Nike,retro,grey,synthetic,"Minneapolis, MN",cold
U00156,47,male,178.2,92.4,29.1,10.5,XL,normal,outdoor,advanced,3,outdoor,35,126,Adidas|Nike,casual,black,leather,"San Diego, CA",hot
U00157,26,female,170.7,73.1,25.1,10.0,L,normal,outdoor,intermediate,4,outdoor,47,182,Adidas|Jordan,casual,red,mesh,"Phoenix, AZ",hot
U00158,30,male,185.2,61.7,18.0,12.0,XS,normal,basketball,beginner,5,indoor,17,62,Adidas,casual,black,synthetic,"Houston, TX",tropical
U00159,25,female,175.5,59.4,19.3,10.5,S,normal,basketball,intermediate,3,indoor,67,166,Adidas|Jordan,performance,red,polyester,"Minneapolis, MN",cold
U00160,18,male,185.2,79.2,23.1,11.0,M,high,yoga,intermediate,3,both,17,42,Nike,performance,black,mesh,"Houston, TX",tropical
U00161,18,male,181.7,64.0,19.4,10.5,XS,normal,running,intermediate,4,outdoor,35,99,Adidas,performance,black,mesh,"New York, NY",continental
U00162,48,female,160.6,62.7,24.3,7.5,M,normal,running,beginner,5,outdoor,30,83,Jordan,athleisure,navy,mesh,"Houston, TX",tropical
U00163,56,male,178.3,82.7,26.0,10.5,L,normal,training,beginner,2,both,20,50,Adidas,performance,beige,leather,"New York, NY",continental
U00164,45,female,140.2,61.9,31.5,5.5,XXL,normal,yoga,beginner,4,indoor,14,52,Jordan|Nike,retro,pink,synthetic,"New York, NY",continental
U00165,35,male,176.5,77.3,24.8,10.0,M,normal,running,intermediate,4,outdoor,28,98,Nike|Adidas,athleisure,pink,fleece,"Boston, MA",continental
U00166,45,male,172.3,81.6,27.5,9.5,L,normal,training,intermediate,2,indoor,32,143,Adidas|Nike,athleisure,orange,mesh,"Dallas, TX",hot
U00167,27,female,161.0,74.4,28.7,8.5,XL,high,yoga,intermediate,2,indoor,14,63,Nike|Adidas,performance,blue,polyester,"Miami, FL",tropical
U00168,18,female,167.2,68.2,24.4,8.5,M,normal,running,beginner,5,outdoor,31,72,Adidas,performance,pink,polyester,"Las Vegas, NV",hot
U00169,49,female,172.5,66.4,22.3,10.0,M,high,running,beginner,5,outdoor,28,74,Nike|Jordan,performance,blue,synthetic,"Charlotte, NC",temperate
U00170,47,female,161.6,82.8,31.7,8.0,XXL,normal,training,intermediate,4,indoor,27,94,Nike|Adidas,athleisure,multi,knit,"Phoenix, AZ",hot
U00171,30,male,173.6,64.2,21.3,9.0,S,high,football,beginner,3,outdoor,10,59,Adidas|Nike,casual,pink,mesh,"Charlotte, NC",temperate
U00172,30,female,176.4,82.5,26.5,11.5,L,low,running,beginner,2,outdoor,25,67,Adidas|Nike,performance,white,mesh,"Orlando, FL",tropical
U00173,20,male,175.9,85.7,27.7,10.5,L,normal,running,intermediate,4,outdoor,75,173,Jordan,performance,grey,leather,"Las Vegas, NV",hot
U00174,54,female,163.3,57.9,21.7,8.5,M,normal,running,advanced,4,both,82,191,Nike,athleisure,red,cotton,"Los Angeles, CA",hot
U00175,18,male,173.1,79.7,26.6,9.5,L,normal,yoga,beginner,2,outdoor,13,36,Nike,performance,blue,leather,"Los Angeles, CA",hot
U00176,24,male,174.1,64.0,21.1,9.0,S,normal,lifestyle,advanced,3,outdoor,39,113,Adidas|Nike,athleisure,black,cotton,"San Diego, CA",hot
U00177,23,male,165.0,63.4,23.3,7.5,M,normal,running,beginner,4,outdoor,10,35,Nike,performance,red,nylon,"Detroit, MI",continental
U00178,41,male,187.7,91.2,25.9,12.5,L,normal,running,intermediate,2,both,10,47,Nike|Adidas,retro,red,mesh,"Los Angeles, CA",hot
U00179,26,male,186.4,82.0,23.6,12.0,M,normal,training,intermediate,4,indoor,15,64,Nike|Adidas,performance,black,nylon,"Boston, MA",continental
U00180,34,female,159.3,69.5,27.4,7.5,L,normal,running,beginner,2,indoor,22,68,Adidas,retro,grey,knit,"Dallas, TX",hot
U00181,58,male,177.5,77.8,24.7,10.0,M,normal,running,beginner,2,both,39,91,Adidas|Nike,performance,green,synthetic,"Charlotte, NC",temperate
U00182,41,male,179.6,89.0,27.6,10.0,L,normal,training,beginner,2,indoor,41,99,Nike,athleisure,black,polyester,"Atlanta, GA",temperate
U00183,18,male,177.6,71.9,22.8,10.5,M,normal,outdoor,intermediate,4,outdoor,13,53,Adidas|Nike|Jordan,performance,purple,polyester,"Dallas, TX",hot
U00184,40,male,186.4,80.6,23.2,11.5,M,low,football,beginner,3,indoor,12,46,Nike,performance,navy,polyester,"San Diego, CA",hot
U00185,45,female,142.0,63.9,31.7,5.0,XXL,normal,running,beginner,3,both,11,44,Nike|Adidas,performance,grey,polyester,"San Francisco, CA",temperate
U00186,43,male,162.9,65.3,24.6,7.5,M,normal,training,beginner,3,both,11,35,Nike,performance,multi,mesh,"Seattle, WA",temperate
U00187,43,female,162.8,66.0,24.9,8.5,L,normal,swimming,beginner,3,outdoor,24,61,Nike|Adidas,performance,red,synthetic,"Minneapolis, MN",cold
U00188,36,female,163.3,54.1,20.3,8.5,S,high,training,beginner,3,indoor,35,91,Nike|Adidas,athleisure,beige,leather,"Los Angeles, CA",hot
U00189,20,male,180.2,84.8,26.1,11.5,L,normal,training,beginner,5,indoor,20,48,Nike,athleisure,multi,gore-tex,"Dallas, TX",hot
U00190,24,male,190.7,81.8,22.5,13.0,L,normal,basketball,advanced,3,indoor,24,79,Nike,casual,blue,gore-tex,"Atlanta, GA",temperate
U00191,46,male,183.2,83.6,24.9,11.0,M,high,training,beginner,5,both,16,46,Jordan,performance,grey,knit,"San Diego, CA",hot
U00192,53,male,165.0,87.4,32.1,8.5,XL,low,yoga,advanced,2,indoor,63,144,Adidas|Jordan,athleisure,purple,polyester,"Chicago, IL",continental
U00193,59,female,159.3,79.7,31.4,8.0,XL,normal,running,advanced,5,outdoor,66,187,Nike|Adidas,athleisure,black,knit,"San Diego, CA",hot
U00194,33,male,181.3,80.5,24.5,11.0,M,high,training,intermediate,4,indoor,19,97,Jordan,athleisure,blue,polyester,"Atlanta, GA",temperate
U00195,47,male,181.3,72.6,22.1,11.0,S,high,running,advanced,3,outdoor,53,215,Jordan,athleisure,red,leather,"San Francisco, CA",temperate
U00196,45,female,170.3,46.4,16.0,10.0,XS,normal,football,beginner,5,outdoor,11,63,Adidas|Nike|Jordan,performance,orange,polyester,"Miami, FL",tropical
U00197,46,female,164.7,55.9,20.6,8.0,S,normal,basketball,advanced,4,both,33,182,Adidas,performance,pink,mesh,"Miami, FL",tropical
U00198,25,male,179.1,64.2,20.0,10.5,S,normal,yoga,intermediate,4,indoor,21,71,Adidas|Nike,performance,black,polyester,"Seattle, WA",temperate
U00199,40,male,189.5,99.8,27.8,12.5,L,high,swimming,beginner,2,indoor,18,49,Adidas,performance,red,synthetic,"Dallas, TX",hot
U00200,28,female,166.9,51.0,18.3,8.5,XS,normal,football,beginner,3,outdoor,10,38,Nike,performance,red,polyester,"Orlando, FL",tropical
U00201,52,female,171.9,47.3,16.0,10.0,XS,normal,running,beginner,3,indoor,21,84,Jordan,performance,black,mesh,"Chicago, IL",continental
U00202,18,female,172.5,47.6,16.0,10.0,XS,normal,training,advanced,2,both,30,120,Nike|Adidas|Jordan,performance,white,fleece,"Dallas, TX",hot
U00203,20,male,175.3,76.5,24.9,9.5,M,normal,football,beginner,3,outdoor,14,35,Adidas|Jordan,retro,blue,polyester,"San Francisco, CA",temperate
U00204,48,male,175.3,84.5,27.5,9.5,L,normal,training,beginner,5,indoor,16,80,Adidas,athleisure,red,leather,"Atlanta, GA",temperate
U00205,34,female,163.9,73.1,27.2,9.0,L,high,running,advanced,4,both,40,248,Nike|Adidas,performance,pink,leather,"Atlanta, GA",temperate
U00206,35,male,181.7,104.0,31.5,11.0,XL,normal,training,advanced,2,indoor,39,117,Nike,performance,navy,leather,"Los Angeles, CA",hot
U00207,21,male,179.6,72.3,22.4,10.5,S,normal,swimming,intermediate,2,both,32,105,Nike|Jordan|Adidas,athleisure,multi,cotton,"Phoenix, AZ",hot
U00208,27,female,163.3,48.3,18.1,8.5,XS,normal,running,beginner,2,outdoor,10,60,Adidas,performance,pink,mesh,"Dallas, TX",hot
U00209,29,male,173.1,73.1,24.4,9.0,M,normal,training,beginner,4,indoor,13,35,Adidas|Jordan|Nike,athleisure,black,polyester,"Detroit, MI",continental
U00210,18,male,178.3,70.9,22.3,10.0,S,normal,yoga,beginner,4,indoor,34,121,Nike|Jordan,athleisure,pink,polyester,"Seattle, WA",temperate
U00211,59,female,162.1,48.3,18.4,8.5,XS,low,yoga,beginner,5,both,15,49,Nike,athleisure,black,knit,"Dallas, TX",hot
U00212,18,male,165.1,63.5,23.3,8.0,M,normal,training,beginner,4,indoor,20,58,Adidas|Nike|Jordan,performance,black,mesh,"Seattle, WA",temperate
U00213,48,male,177.1,92.5,29.5,10.5,XL,low,running,intermediate,4,outdoor,13,81,Nike|Jordan|Adidas,performance,red,rubber,"Philadelphia, PA",temperate
U00214,19,female,167.2,52.8,18.9,9.5,S,high,tennis,intermediate,3,outdoor,15,76,Adidas|Nike,retro,blue,cotton,"Chicago, IL",continental
U00215,57,male,190.8,58.2,16.0,13.0,S,normal,training,beginner,2,both,16,57,Nike|Adidas,performance,multi,polyester,"Denver, CO",cold
U00216,36,female,169.2,63.0,22.0,10.0,M,normal,training,beginner,3,indoor,10,42,Nike|Adidas,performance,navy,cotton,"San Diego, CA",hot
U00217,44,male,174.1,73.4,24.2,10.0,M,normal,running,advanced,3,both,62,336,Nike,performance,blue,knit,"Phoenix, AZ",hot
U00218,18,male,186.4,73.0,21.0,12.5,S,normal,training,intermediate,4,indoor,30,122,Nike|Adidas|Jordan,athleisure,black,fleece,"New York, NY",continental
U00219,58,male,167.8,77.7,27.6,8.0,L,normal,yoga,intermediate,2,both,30,107,Nike,athleisure,purple,synthetic,"Detroit, MI",continental
U00220,46,male,171.2,73.3,25.0,9.0,M,high,running,beginner,2,outdoor,25,61,Nike|Jordan,performance,white,knit,"Atlanta, GA",temperate
U00221,38,male,168.5,79.5,28.0,9.0,L,normal,yoga,beginner,3,indoor,15,47,Adidas|Jordan,performance,grey,cotton,"Chicago, IL",continental
U00222,33,male,180.2,84.1,25.9,11.0,L,normal,training,intermediate,3,both,69,162,Nike|Jordan|Adidas,performance,blue,nylon,"Denver, CO",cold
U00223,23,female,168.0,61.2,21.7,9.0,M,high,training,intermediate,5,indoor,32,111,Nike|Adidas,performance,multi,polyester,"Las Vegas, NV",hot
U00224,46,male,186.9,60.8,17.4,12.0,XS,high,running,beginner,3,outdoor,16,55,Nike|Adidas,performance,white,polyester,"Phoenix, AZ",hot
U00225,35,female,175.6,79.9,25.9,10.5,L,high,training,intermediate,4,indoor,16,67,Nike|Jordan,casual,pink,knit,"Atlanta, GA",temperate
U00226,24,female,158.9,54.8,21.7,8.5,M,normal,running,beginner,3,outdoor,10,35,Jordan|Nike,performance,pink,knit,"Charlotte, NC",temperate
U00227,45,female,161.0,65.3,25.2,7.5,L,normal,training,intermediate,3,indoor,21,106,Adidas,athleisure,black,fleece,"Denver, CO",cold
U00228,28,female,160.0,55.6,21.7,7.5,M,normal,training,intermediate,2,both,16,95,Jordan|Nike|Adidas,athleisure,grey,polyester,"Portland, OR",temperate
U00229,56,female,176.9,61.0,19.5,10.0,S,normal,yoga,intermediate,3,both,51,142,Nike,performance,black,fleece,"Detroit, MI",continental
U00230,29,male,179.1,84.0,26.2,10.5,L,normal,basketball,beginner,4,indoor,25,99,Adidas|Jordan,performance,black,gore-tex,"Boston, MA",continental
U00231,26,female,163.9,66.1,24.6,9.5,L,high,running,intermediate,4,outdoor,17,107,Nike,performance,black,leather,"Miami, FL",tropical
U00232,20,female,169.7,68.5,23.8,9.5,M,normal,running,intermediate,2,outdoor,31,83,Adidas|Nike,performance,white,cotton,"Seattle, WA",temperate
U00233,18,female,151.8,77.4,33.6,7.0,XXL,normal,training,beginner,4,both,10,35,Adidas|Jordan,performance,pink,cotton,"Las Vegas, NV",hot
U00234,39,male,182.3,83.1,25.0,11.0,M,high,football,intermediate,2,outdoor,69,164,Adidas|Jordan|Nike,performance,black,leather,"Charlotte, NC",temperate
U00235,35,female,150.8,64.6,28.4,6.5,XL,normal,running,advanced,4,outdoor,64,161,Jordan,performance,grey,cotton,"San Diego, CA",hot
U00236,42,male,172.0,90.5,30.6,9.5,XL,low,football,advanced,2,both,51,213,Nike|Adidas,performance,navy,rubber,"Charlotte, NC",temperate
U00237,36,female,170.7,70.2,24.1,10.0,M,high,training,beginner,2,indoor,24,107,Adidas,performance,black,gore-tex,"San Francisco, CA",temperate
U00238,25,female,155.0,68.0,28.3,7.0,XL,low,lifestyle,beginner,3,indoor,23,51,Adidas|Nike,casual,white,synthetic,"Las Vegas, NV",hot
U00239,48,female,163.9,54.0,20.1,8.5,S,high,training,advanced,2,indoor,46,117,Nike|Jordan,performance,navy,knit,"Las Vegas, NV",hot
U00240,54,female,156.4,50.1,20.5,7.5,S,low,outdoor,advanced,5,outdoor,193,450,Nike,performance,pink,fleece,"Las Vegas, NV",hot
U00241,18,male,171.2,79.1,27.0,9.5,L,normal,lifestyle,beginner,5,both,11,68,Adidas|Nike,retro,blue,fleece,"Charlotte, NC",temperate
U00242,48,female,165.4,47.9,17.5,9.5,XS,normal,swimming,beginner,4,indoor,19,58,Adidas|Nike,performance,grey,cotton,"San Francisco, CA",temperate
U00243,33,male,174.7,77.5,25.4,9.5,M,normal,training,intermediate,3,both,41,177,Adidas|Nike,casual,yellow,synthetic,"Los Angeles, CA",hot
U00244,29,female,165.4,82.1,30.0,9.0,XL,high,yoga,beginner,3,indoor,15,57,Nike|Adidas,athleisure,yellow,knit,"Los Angeles, CA",hot
U00245,39,male,176.5,69.2,22.2,10.0,S,normal,basketball,advanced,2,indoor,34,189,Adidas,performance,white,leather,"Houston, TX",tropical
U00246,21,female,162.9,67.9,25.6,8.0,L,low,tennis,beginner,2,indoor,16,42,Nike|Jordan,retro,pink,mesh,"San Diego, CA",hot
U00247,31,female,165.4,54.7,20.0,8.5,S,normal,outdoor,beginner,4,outdoor,20,65,Jordan|Adidas,casual,red,synthetic,"Chicago, IL",continental
U00248,23,male,172.7,67.4,22.6,9.0,M,high,yoga,beginner,2,indoor,19,48,Jordan|Nike,casual,black,mesh,"Seattle, WA",temperate
U00249,34,male,175.3,77.7,25.3,9.0,M,normal,training,beginner,2,both,10,47,Nike|Adidas,athleisure,black,synthetic,"New York, NY",continental
U00250,57,female,169.7,65.1,22.6,9.5,M,high,swimming,intermediate,4,indoor,43,95,Nike|Adidas,performance,black,knit,"Miami, FL",tropical
U00251,26,female,142.5,58.5,28.8,5.5,XL,low,training,beginner,4,indoor,13,50,Adidas|Nike,performance,black,nylon,"San Diego, CA",hot
U00252,54,female,157.6,53.2,21.4,7.5,S,high,basketball,intermediate,4,indoor,58,134,Nike|Adidas|Jordan,athleisure,black,mesh,"Atlanta, GA",temperate
U00253,24,male,175.3,70.7,23.0,10.0,M,normal,yoga,intermediate,4,indoor,27,76,Nike|Adidas,casual,black,synthetic,"San Diego, CA",hot
U00254,31,male,181.8,64.1,19.4,10.5,XS,high,running,advanced,2,indoor,15,80,Adidas,athleisure,grey,mesh,"Orlando, FL",tropical
U00255,55,male,173.1,76.4,25.5,9.0,L,normal,football,beginner,4,outdoor,32,84,Nike|Adidas,casual,pink,cotton,"Orlando, FL",tropical
U00256,32,female,161.6,61.1,23.4,9.0,M,high,tennis,advanced,5,both,69,216,Adidas|Jordan,performance,blue,leather,"Detroit, MI",continental
U00257,46,male,176.5,80.4,25.8,9.5,L,normal,tennis,intermediate,4,outdoor,56,271,Adidas|Jordan,performance,navy,mesh,"San Diego, CA",hot
U00258,33,male,179.6,64.2,19.9,10.0,S,normal,running,beginner,4,outdoor,13,65,Adidas,performance,white,cotton,"Minneapolis, MN",cold
U00259,50,male,163.1,62.8,23.6,7.5,M,normal,training,intermediate,4,indoor,49,113,Nike,casual,red,cotton,"Denver, CO",cold
U00260,26,female,162.1,63.3,24.1,8.5,M,normal,yoga,intermediate,3,indoor,58,128,Adidas|Nike,performance,white,knit,"Charlotte, NC",temperate
U00261,58,female,153.0,68.4,29.2,7.5,XL,high,training,intermediate,2,indoor,43,132,Adidas,athleisure,white,gore-tex,"San Francisco, CA",temperate
U00262,18,male,189.2,72.0,20.1,13.0,S,high,basketball,intermediate,4,both,27,129,Adidas,athleisure,multi,polyester,"Chicago, IL",continental
U00263,31,female,158.1,50.7,20.3,7.5,S,high,yoga,intermediate,3,indoor,30,120,Adidas|Nike,performance,grey,cotton,"Charlotte, NC",temperate
U00264,43,female,159.3,75.6,29.8,8.0,XL,normal,training,beginner,3,indoor,14,64,Adidas,athleisure,blue,gore-tex,"Seattle, WA",temperate
U00265,51,male,190.9,68.9,18.9,13.0,S,high,yoga,beginner,5,indoor,31,93,Adidas|Nike,athleisure,black,polyester,"Dallas, TX",hot
U00266,58,female,157.6,49.4,19.9,8.0,S,normal,yoga,beginner,5,indoor,14,52,Jordan,athleisure,beige,synthetic,"Boston, MA",continental
U00267,59,male,167.9,77.8,27.6,8.5,L,high,outdoor,intermediate,2,outdoor,13,50,Nike,performance,grey,gore-tex,"Philadelphia, PA",temperate
U00268,42,female,171.3,74.2,25.3,9.5,L,low,running,intermediate,4,both,22,56,Adidas|Nike|Jordan,performance,pink,cotton,"Minneapolis, MN",cold
U00269,40,male,172.3,87.9,29.6,9.5,XL,normal,running,intermediate,4,outdoor,41,93,Adidas|Nike,performance,red,mesh,"Atlanta, GA",temperate
U00270,25,female,169.2,54.4,19.0,10.0,S,normal,training,intermediate,3,outdoor,23,110,Jordan|Nike|Adidas,performance,brown,mesh,"Portland, OR",temperate
U00271,48,female,158.1,69.0,27.6,8.0,XL,normal,running,beginner,4,both,50,184,Nike|Adidas,athleisure,purple,mesh,"Orlando, FL",tropical
U00272,18,male,180.2,85.1,26.2,10.5,L,normal,running,intermediate,2,outdoor,25,82,Adidas|Nike,performance,black,leather,"Boston, MA",continental
U00273,20,female,164.7,61.6,22.7,9.0,M,high,training,intermediate,2,indoor,20,88,Nike,athleisure,black,mesh,"Las Vegas, NV",hot
U00274,33,female,167.2,63.2,22.6,9.5,M,high,training,intermediate,5,indoor,24,89,Nike,performance,brown,cotton,"San Diego, CA",hot
U00275,38,male,176.5,77.3,24.8,9.5,M,normal,yoga,intermediate,4,indoor,23,136,Jordan,athleisure,white,synthetic,"Denver, CO",cold
U00276,54,male,187.7,73.6,20.9,11.5,S,high,running,beginner,2,outdoor,12,73,Jordan,performance,yellow,leather,"Portland, OR",temperate
U00277,34,female,156.4,59.7,24.4,7.0,M,normal,running,intermediate,4,outdoor,31,80,Adidas|Nike|Jordan,performance,grey,synthetic,"Denver, CO",cold
U00278,59,male,176.5,63.6,20.4,9.5,S,normal,tennis,advanced,4,outdoor,22,88,Nike|Adidas,performance,grey,synthetic,"Portland, OR",temperate
U00279,46,male,186.6,92.3,26.5,12.0,L,normal,training,intermediate,5,both,32,89,Nike|Adidas,performance,black,rubber,"Los Angeles, CA",hot
U00280,18,female,160.0,74.5,29.1,8.5,XL,low,outdoor,intermediate,4,outdoor,10,60,Nike|Jordan,performance,multi,synthetic,"Houston, TX",tropical
U00281,29,male,191.0,58.4,16.0,13.0,S,low,football,intermediate,3,outdoor,33,95,Adidas,casual,black,gore-tex,"Orlando, FL",tropical
U00282,50,male,177.6,77.0,24.4,10.0,M,normal,lifestyle,advanced,2,outdoor,61,175,Nike|Adidas|Jordan,athleisure,blue,fleece,"Seattle, WA",temperate
U00283,42,female,173.4,71.9,23.9,10.5,M,normal,yoga,advanced,4,indoor,53,134,Nike|Adidas,athleisure,pink,synthetic,"Miami, FL",tropical
U00284,18,male,179.1,81.5,25.4,10.5,M,normal,running,beginner,3,outdoor,21,98,Nike,performance,grey,mesh,"Boston, MA",continental
U00285,41,female,163.9,70.4,26.2,8.5,L,high,swimming,intermediate,4,indoor,54,171,Nike|Adidas,performance,white,fleece,"Portland, OR",temperate
U00286,43,male,188.4,67.8,19.1,12.5,XS,low,training,intermediate,4,indoor,40,95,Jordan,performance,black,knit,"Las Vegas, NV",hot
U00287,44,male,187.7,91.2,25.9,11.5,L,high,lifestyle,intermediate,2,both,15,70,Adidas|Nike,casual,black,mesh,"Orlando, FL",tropical
U00288,27,male,190.4,84.8,23.4,12.5,L,high,training,intermediate,4,both,19,104,Jordan|Nike,performance,multi,nylon,"Las Vegas, NV",hot
U00289,18,male,172.3,84.3,28.4,9.5,L,normal,outdoor,intermediate,4,outdoor,21,81,Jordan|Adidas|Nike,athleisure,grey,cotton,"Portland, OR",temperate
U00290,25,female,177.0,58.0,18.5,11.0,S,normal,training,intermediate,3,indoor,45,102,Nike|Adidas|Jordan,performance,black,mesh,"Los Angeles, CA",hot
U00291,18,male,178.3,71.8,22.6,10.5,M,normal,running,beginner,5,outdoor,10,45,Jordan,performance,grey,leather,"Portland, OR",temperate
U00292,31,male,175.9,79.2,25.6,10.0,L,high,running,beginner,4,outdoor,10,42,Nike,retro,red,polyester,"New York, NY",continental
U00293,38,female,163.3,78.4,29.4,8.5,XL,normal,basketball,intermediate,5,indoor,48,107,Adidas|Nike|Jordan,athleisure,red,mesh,"Houston, TX",tropical
U00294,21,male,189.0,63.6,17.8,12.5,XS,high,football,beginner,4,both,12,46,Adidas|Nike,performance,black,polyester,"Atlanta, GA",temperate
U00295,18,male,191.0,72.2,19.8,13.0,M,normal,skateboarding,intermediate,2,outdoor,15,77,Nike|Jordan,casual,white,synthetic,"Portland, OR",temperate
U00296,41,female,152.5,57.7,24.8,7.0,L,normal,training,beginner,4,both,22,68,Nike|Adidas,performance,green,fleece,"Denver, CO",cold
U00297,35,female,166.9,61.0,21.9,9.5,M,normal,tennis,advanced,2,outdoor,25,160,Nike|Adidas,performance,multi,cotton,"Miami, FL",tropical
U00298,35,male,183.6,64.0,19.0,11.0,XS,normal,skateboarding,beginner,4,outdoor,19,67,Nike|Adidas,casual,blue,rubber,"Denver, CO",cold
U00299,23,female,155.1,49.1,20.4,8.0,S,high,basketball,beginner,3,indoor,10,45,Nike|Adidas|Jordan,casual,black,fleece,"Houston, TX",tropical
U00300,23,male,178.3,85.5,26.9,10.0,L,low,training,beginner,3,indoor,20,62,Nike|Jordan,performance,purple,leather,"Chicago, IL",continental
U00301,26,male,175.9,69.0,22.3,10.0,S,normal,training,beginner,2,indoor,16,48,Nike,performance,grey,synthetic,"New York, NY",continental
U00302,31,female,156.4,71.9,29.4,7.5,XL,low,running,beginner,2,indoor,10,41,Adidas,performance,green,gore-tex,"Phoenix, AZ",hot
U00303,23,male,179.1,75.7,23.6,10.0,M,low,football,beginner,4,outdoor,11,37,Nike|Adidas|Jordan,performance,white,mesh,"Miami, FL",tropical
U00304,30,female,171.9,72.1,24.4,10.0,M,normal,lifestyle,beginner,3,both,21,49,Jordan|Adidas,casual,purple,synthetic,"San Diego, CA",hot
U00305,45,female,154.5,62.3,26.1,7.0,L,low,outdoor,beginner,3,outdoor,10,38,Jordan|Nike,performance,white,cotton,"San Francisco, CA",temperate
U00306,18,male,171.2,79.1,27.0,9.5,L,normal,training,beginner,5,indoor,15,35,Adidas,performance,pink,leather,"Orlando, FL",tropical
U00307,44,male,180.7,81.3,24.9,10.0,M,normal,yoga,beginner,5,both,35,80,Nike|Adidas|Jordan,casual,grey,mesh,"Las Vegas, NV",hot
U00308,33,female,161.6,67.1,25.7,8.5,L,normal,yoga,intermediate,2,indoor,40,179,Adidas|Nike,athleisure,grey,knit,"Phoenix, AZ",hot
U00309,41,female,157.2,63.0,25.5,7.5,L,normal,training,advanced,3,indoor,68,209,Jordan|Nike|Adidas,retro,black,synthetic,"New York, NY",continental
U00310,39,female,162.9,67.4,25.4,8.5,L,low,basketball,advanced,4,indoor,54,135,Adidas,retro,yellow,nylon,"Detroit, MI",continental
U00311,33,female,168.7,80.5,28.3,10.0,XL,normal,training,intermediate,4,indoor,19,51,Nike,athleisure,blue,cotton,"Philadelphia, PA",temperate
U00312,22,male,183.2,89.3,26.6,11.5,L,normal,running,beginner,4,outdoor,22,58,Jordan,performance,grey,leather,"Houston, TX",tropical
U00313,29,female,155.1,64.7,26.9,7.0,L,normal,football,beginner,3,outdoor,10,35,Adidas,retro,black,mesh,"Philadelphia, PA",temperate
U00314,44,male,186.9,83.5,23.9,11.5,M,normal,training,advanced,3,outdoor,68,159,Adidas|Nike|Jordan,performance,black,cotton,"Detroit, MI",continental
U00315,18,female,167.2,71.8,25.7,9.5,L,high,training,advanced,3,indoor,21,97,Nike,athleisure,grey,knit,"Seattle, WA",temperate
U00316,28,male,177.6,63.7,20.2,10.5,S,normal,tennis,advanced,4,outdoor,22,63,Nike|Adidas,performance,black,mesh,"Orlando, FL",tropical
U00317,35,female,161.6,74.2,28.4,8.5,XL,high,training,beginner,4,both,50,121,Adidas|Jordan,performance,navy,mesh,"Los Angeles, CA",hot
U00318,57,female,169.2,89.3,31.2,10.0,XL,normal,football,beginner,3,outdoor,10,35,Adidas,performance,black,polyester,"Philadelphia, PA",temperate
U00319,23,male,175.3,86.7,28.2,10.0,L,low,yoga,beginner,4,outdoor,15,46,Nike|Jordan,athleisure,pink,nylon,"Minneapolis, MN",cold
U00320,38,female,164.7,62.1,22.9,8.5,M,normal,yoga,beginner,3,indoor,22,62,Jordan|Nike|Adidas,athleisure,red,cotton,"Portland, OR",temperate
U00321,19,male,168.6,86.7,30.5,8.0,XL,normal,football,beginner,4,both,19,44,Adidas|Nike,performance,blue,knit,"Portland, OR",temperate
U00322,49,female,174.2,48.6,16.0,10.5,XS,normal,training,beginner,4,indoor,22,79,Nike,performance,black,knit,"Charlotte, NC",temperate
U00323,36,female,177.0,68.9,22.0,11.0,M,normal,running,intermediate,4,both,25,77,Nike|Adidas|Jordan,athleisure,green,knit,"Miami, FL",tropical
U00324,32,male,176.5,89.4,28.7,10.0,XL,high,training,intermediate,3,indoor,24,123,Adidas|Nike,athleisure,multi,leather,"Houston, TX",tropical
U00325,20,female,160.0,64.5,25.2,8.5,L,normal,running,beginner,4,outdoor,10,61,Nike|Adidas|Jordan,performance,pink,cotton,"Charlotte, NC",temperate
U00326,24,male,181.3,94.0,28.6,10.5,XL,low,training,beginner,3,indoor,10,35,Adidas|Nike,performance,pink,gore-tex,"Denver, CO",cold
U00327,29,male,181.8,76.7,23.2,10.5,M,normal,running,beginner,3,outdoor,21,72,Jordan,performance,black,knit,"Los Angeles, CA",hot
U00328,27,male,178.3,73.8,23.2,10.0,M,normal,skateboarding,intermediate,4,indoor,21,67,Nike,casual,grey,leather,"Dallas, TX",hot
U00329,44,male,177.1,96.6,30.8,10.5,XL,normal,training,beginner,4,indoor,10,40,Nike|Adidas|Jordan,performance,black,cotton,"Miami, FL",tropical
U00330,39,female,168.0,62.1,22.0,8.5,M,high,tennis,advanced,4,both,38,186,Nike|Adidas|Jordan,performance,black,synthetic,"New York, NY",continental
U00331,57,female,177.0,61.1,19.5,11.0,S,normal,lifestyle,intermediate,3,outdoor,17,73,Adidas,casual,blue,mesh,"Denver, CO",cold
U00332,27,female,161.1,62.3,24.0,8.0,M,normal,football,intermediate,4,both,51,123,Nike,retro,white,mesh,"New York, NY",continental
U00333,45,male,174.1,74.3,24.5,8.5,M,normal,lifestyle,intermediate,4,outdoor,22,123,Nike,casual,red,cotton,"Philadelphia, PA",temperate
U00334,35,male,172.7,98.4,33.0,9.5,XXL,low,lifestyle,beginner,4,both,11,36,Nike,athleisure,beige,cotton,"Portland, OR",temperate
U00335,28,male,178.3,97.9,30.8,10.5,XL,normal,basketball,intermediate,3,indoor,55,143,Nike,performance,grey,cotton,"San Francisco, CA",temperate
U00336,45,female,161.1,65.4,25.2,8.0,L,normal,swimming,intermediate,3,indoor,49,118,Adidas,athleisure,black,fleece,"Charlotte, NC",temperate
U00337,19,female,150.8,59.8,26.3,6.0,L,normal,outdoor,intermediate,2,outdoor,24,67,Nike,performance,black,knit,"Seattle, WA",temperate
U00338,20,female,168.8,56.7,19.9,9.5,S,low,training,intermediate,3,indoor,19,81,Nike|Adidas,athleisure,blue,synthetic,"San Diego, CA",hot
U00339,32,female,177.0,50.1,16.0,11.5,XS,normal,training,intermediate,2,indoor,27,145,Adidas|Jordan|Nike,casual,blue,synthetic,"Houston, TX",tropical
U00340,33,female,158.1,49.5,19.8,7.5,S,normal,yoga,advanced,2,indoor,28,144,Nike,athleisure,navy,knit,"Philadelphia, PA",temperate
U00341,40,female,143.2,57.2,27.9,5.0,XL,normal,football,intermediate,4,outdoor,97,255,Nike|Adidas,retro,brown,polyester,"Las Vegas, NV",hot
U00342,42,female,163.4,54.7,20.5,8.5,S,high,yoga,beginner,3,both,29,122,Nike,athleisure,beige,leather,"San Diego, CA",hot
U00343,32,female,156.4,57.7,23.6,7.5,M,low,training,advanced,4,indoor,43,173,Nike|Jordan,performance,red,cotton,"Houston, TX",tropical
U00344,51,male,185.2,92.3,26.9,11.5,L,low,training,intermediate,4,indoor,19,95,Nike|Adidas|Jordan,performance,black,synthetic,"Atlanta, GA",temperate
U00345,25,female,165.9,58.9,21.4,9.0,S,high,training,beginner,4,indoor,17,60,Jordan,athleisure,black,knit,"San Francisco, CA",temperate
U00346,34,male,182.3,63.8,19.2,11.0,XS,normal,running,beginner,4,both,13,51,Jordan|Nike,performance,white,knit,"San Diego, CA",hot
U00347,49,male,191.1,90.2,24.7,12.5,L,high,training,beginner,3,indoor,18,69,Adidas,athleisure,pink,synthetic,"Chicago, IL",continental
U00348,47,female,172.5,60.4,20.3,9.5,S,normal,yoga,intermediate,2,indoor,22,140,Nike,performance,yellow,knit,"Detroit, MI",continental
U00349,36,male,177.6,90.2,28.6,9.5,XL,normal,training,intermediate,4,indoor,17,60,Jordan,performance,red,polyester,"Seattle, WA",temperate
U00350,20,male,180.2,73.4,22.6,10.5,M,normal,training,intermediate,3,indoor,21,113,Nike,performance,yellow,cotton,"Charlotte, NC",temperate
U00351,31,male,169.2,68.1,23.8,8.5,M,normal,training,intermediate,2,both,48,155,Nike,performance,white,polyester,"San Diego, CA",hot
U00352,42,male,175.9,95.9,31.0,10.0,XL,normal,running,beginner,3,outdoor,29,83,Jordan|Adidas,performance,pink,mesh,"Atlanta, GA",temperate
U00353,26,female,176.2,73.6,23.7,10.5,M,low,yoga,beginner,4,indoor,19,62,Nike,performance,white,nylon,"Detroit, MI",continental
U00354,24,female,155.1,52.2,21.7,7.5,M,high,running,intermediate,2,both,21,108,Nike|Adidas,performance,red,cotton,"San Francisco, CA",temperate
U00355,28,female,163.4,48.3,18.1,8.5,XS,high,training,beginner,2,indoor,38,112,Adidas,performance,black,cotton,"Denver, CO",cold
U00356,20,male,172.3,65.9,22.2,9.0,S,normal,outdoor,beginner,4,outdoor,14,52,Nike,performance,navy,rubber,"Miami, FL",tropical
U00357,20,female,164.7,61.6,22.7,9.0,M,low,running,intermediate,2,outdoor,22,87,Adidas|Nike,casual,brown,synthetic,"Phoenix, AZ",hot
U00358,30,male,170.4,64.2,22.1,8.5,S,normal,training,beginner,4,both,31,159,Jordan|Adidas,casual,white,nylon,"Denver, CO",cold
U00359,55,female,168.0,66.0,23.4,9.0,M,normal,yoga,advanced,3,both,84,188,Jordan|Nike|Adidas,performance,purple,leather,"Chicago, IL",continental
U00360,18,male,191.1,66.8,18.3,12.5,S,low,training,advanced,2,indoor,24,89,Adidas|Jordan,performance,black,fleece,"Minneapolis, MN",cold
U00361,54,male,184.2,82.1,24.2,11.0,M,high,outdoor,intermediate,2,outdoor,44,152,Adidas|Jordan,performance,red,gore-tex,"Atlanta, GA",temperate
U00362,18,male,167.9,75.3,26.7,7.5,L,low,running,intermediate,3,outdoor,18,102,Adidas|Jordan|Nike,performance,grey,knit,"San Francisco, CA",temperate
U00363,43,female,165.4,66.2,24.2,8.5,M,high,running,beginner,4,both,17,49,Nike,performance,black,synthetic,"Houston, TX",tropical
U00364,43,male,182.3,75.4,22.7,11.5,M,low,yoga,intermediate,2,indoor,15,66,Adidas|Nike|Jordan,performance,red,nylon,"Orlando, FL",tropical
U00365,20,female,165.4,75.2,27.5,9.5,XL,normal,outdoor,intermediate,3,outdoor,35,95,Nike,performance,black,leather,"Phoenix, AZ",hot
U00366,44,female,168.5,65.9,23.2,9.5,M,normal,lifestyle,intermediate,4,both,17,102,Jordan,casual,blue,polyester,"Houston, TX",tropical
U00367,21,female,167.6,71.6,25.5,9.5,L,low,training,beginner,5,both,10,35,Adidas,casual,white,mesh,"Denver, CO",cold
U00368,38,female,157.2,63.0,25.5,8.0,L,normal,outdoor,advanced,3,outdoor,59,159,Nike|Jordan,performance,black,leather,"Charlotte, NC",temperate
U00369,21,male,178.3,85.5,26.9,10.0,L,low,basketball,beginner,3,indoor,13,50,Nike|Adidas,casual,black,cotton,"Los Angeles, CA",hot
U00370,56,female,177.3,50.3,16.0,10.5,XS,high,yoga,advanced,2,indoor,21,132,Jordan,casual,red,synthetic,"Houston, TX",tropical
U00371,23,male,172.7,77.5,26.0,9.5,L,low,training,advanced,2,indoor,64,166,Jordan,performance,black,cotton,"Los Angeles, CA",hot
U00372,58,male,179.6,84.2,26.1,10.5,L,normal,running,intermediate,2,outdoor,18,41,Nike|Adidas,performance,white,cotton,"Houston, TX",tropical
U00373,20,female,175.0,49.0,16.0,10.0,XS,normal,training,advanced,2,indoor,22,85,Jordan|Nike,performance,black,gore-tex,"Charlotte, NC",temperate
U00374,47,male,173.6,83.5,27.7,9.5,L,normal,running,advanced,3,outdoor,45,134,Adidas|Nike|Jordan,performance,black,mesh,"Miami, FL",tropical
U00375,21,female,160.6,78.4,30.4,8.5,XL,normal,yoga,intermediate,3,indoor,39,150,Nike|Adidas|Jordan,athleisure,black,cotton,"Denver, CO",cold
U00376,31,male,174.7,77.5,25.4,9.0,M,normal,running,intermediate,3,outdoor,90,284,Jordan|Adidas,athleisure,blue,synthetic,"New York, NY",continental
U00377,60,male,191.1,58.4,16.0,12.5,S,high,training,beginner,2,indoor,20,53,Nike|Jordan,performance,green,gore-tex,"San Francisco, CA",temperate
U00378,18,female,160.0,73.7,28.8,8.5,XL,normal,training,intermediate,3,both,30,88,Jordan|Nike,athleisure,black,fleece,"Dallas, TX",hot
U00379,26,male,169.3,88.0,30.7,9.0,XL,high,training,intermediate,4,indoor,10,38,Adidas|Jordan,performance,black,leather,"Miami, FL",tropical
U00380,42,female,161.6,57.7,22.1,9.0,M,normal,training,advanced,3,outdoor,50,241,Adidas|Jordan,casual,brown,fleece,"Boston, MA",continental
U00381,22,female,152.5,69.8,30.0,7.0,XL,normal,running,beginner,3,indoor,20,64,Adidas|Nike,performance,beige,cotton,"Los Angeles, CA",hot
U00382,48,male,182.3,93.1,28.0,11.0,L,high,running,beginner,3,outdoor,25,73,Jordan,performance,multi,leather,"San Francisco, CA",temperate
U00383,26,female,158.2,63.3,25.3,8.0,L,normal,running,beginner,5,outdoor,13,39,Adidas|Nike|Jordan,performance,red,mesh,"San Diego, CA",hot
U00384,55,male,186.6,90.9,26.1,12.5,L,high,training,advanced,4,indoor,71,379,Nike|Jordan,performance,black,mesh,"San Francisco, CA",temperate
U00385,21,female,163.9,65.3,24.3,8.5,M,low,training,beginner,3,indoor,26,101,Adidas,casual,black,cotton,"Orlando, FL",tropical
U00386,20,male,170.5,77.6,26.7,8.5,L,low,outdoor,intermediate,3,outdoor,36,97,Nike|Jordan,performance,black,synthetic,"Houston, TX",tropical
U00387,40,male,178.3,72.2,22.7,10.0,M,normal,basketball,beginner,4,outdoor,19,99,Nike,performance,grey,mesh,"Chicago, IL",continental
U00388,47,male,180.7,74.8,22.9,10.5,M,normal,running,beginner,2,outdoor,27,66,Jordan,athleisure,grey,nylon,"Atlanta, GA",temperate
U00389,47,male,173.1,65.0,21.7,9.0,S,normal,running,intermediate,5,outdoor,43,148,Adidas|Jordan,performance,black,cotton,"Las Vegas, NV",hot
U00390,45,male,178.3,103.3,32.5,10.5,XXL,normal,tennis,beginner,5,outdoor,15,38,Nike|Adidas,performance,black,gore-tex,"Chicago, IL",continental
U00391,19,female,160.0,73.7,28.8,9.0,XL,normal,basketball,intermediate,3,indoor,10,35,Adidas|Nike|Jordan,performance,multi,knit,"Los Angeles, CA",hot
U00392,18,male,173.1,72.2,24.1,8.5,M,high,running,beginner,3,both,10,35,Nike|Adidas|Jordan,performance,black,knit,"Atlanta, GA",temperate
U00393,38,male,179.1,82.4,25.7,10.0,L,normal,training,beginner,4,outdoor,20,46,Nike,performance,black,nylon,"Minneapolis, MN",cold
U00394,40,female,164.7,48.3,17.8,9.0,XS,normal,tennis,beginner,4,indoor,16,50,Nike,retro,black,polyester,"Dallas, TX",hot
U00395,45,female,170.3,58.3,20.1,10.0,S,normal,outdoor,intermediate,3,outdoor,23,127,Nike,casual,navy,knit,"Houston, TX",tropical
U00396,22,female,157.2,78.8,31.9,7.0,XXL,normal,yoga,advanced,3,indoor,53,121,Adidas|Nike|Jordan,athleisure,white,leather,"Phoenix, AZ",hot
U00397,30,male,175.3,91.6,29.8,9.0,XL,normal,lifestyle,advanced,2,both,43,163,Nike,athleisure,blue,leather,"Los Angeles, CA",hot
U00398,55,male,175.3,82.0,26.7,10.0,L,normal,football,intermediate,4,outdoor,23,64,Nike,performance,blue,polyester,"Dallas, TX",hot
U00399,20,female,171.3,73.9,25.2,10.5,L,low,training,advanced,3,indoor,15,79,Adidas|Nike,athleisure,brown,knit,"San Francisco, CA",temperate
U00400,22,male,188.4,73.8,20.8,13.0,S,high,yoga,beginner,2,indoor,22,54,Adidas,performance,black,mesh,"Minneapolis, MN",cold
U00401,51,male,174.7,87.0,28.5,9.5,XL,low,basketball,intermediate,3,outdoor,37,84,Nike|Jordan,casual,white,fleece,"Boston, MA",continental
U00402,23,female,161.1,59.7,23.0,8.0,M,normal,tennis,advanced,3,outdoor,36,136,Nike|Adidas|Jordan,performance,red,mesh,"Boston, MA",continental
U00403,25,male,168.6,86.7,30.5,8.5,XL,normal,running,beginner,4,both,16,82,Jordan|Adidas,performance,blue,cotton,"Phoenix, AZ",hot
U00404,43,female,160.0,72.2,28.2,8.5,XL,normal,yoga,beginner,4,outdoor,41,129,Nike,retro,navy,leather,"Minneapolis, MN",cold
U00405,18,male,175.3,90.0,29.3,10.5,XL,normal,swimming,intermediate,2,outdoor,17,85,Adidas,casual,blue,synthetic,"Detroit, MI",continental
U00406,21,female,161.6,57.7,22.1,8.5,M,normal,training,intermediate,3,indoor,52,184,Nike,performance,yellow,mesh,"Seattle, WA",temperate
U00407,21,male,171.2,86.2,29.4,9.0,XL,low,running,beginner,4,indoor,21,63,Nike,performance,black,mesh,"Phoenix, AZ",hot
U00408,27,female,160.6,73.5,28.5,8.0,XL,normal,lifestyle,intermediate,4,outdoor,27,140,Nike,casual,multi,synthetic,"Portland, OR",temperate
U00409,18,female,170.7,67.3,23.1,9.5,M,low,training,advanced,3,outdoor,92,211,Nike,athleisure,black,synthetic,"Miami, FL",tropical
U00410,28,male,182.3,77.1,23.2,11.5,M,normal,swimming,intermediate,4,indoor,51,142,Nike|Adidas,performance,black,synthetic,"Philadelphia, PA",temperate
U00411,44,female,164.8,49.2,18.1,8.5,XS,normal,training,beginner,3,indoor,12,46,Adidas,athleisure,white,mesh,"Philadelphia, PA",temperate
U00412,59,male,179.6,82.9,25.7,10.0,L,normal,running,beginner,4,both,23,84,Nike|Adidas,performance,green,gore-tex,"Houston, TX",tropical
U00413,23,male,175.9,73.9,23.9,9.5,M,normal,running,intermediate,2,both,30,74,Adidas,performance,navy,synthetic,"Seattle, WA",temperate
U00414,29,female,158.9,68.4,27.1,8.0,L,normal,basketball,advanced,5,indoor,55,187,Nike|Adidas,performance,black,synthetic,"San Diego, CA",hot
U00415,24,female,159.3,69.3,27.3,7.5,L,normal,running,beginner,3,outdoor,25,56,Jordan|Nike,performance,purple,fleece,"Phoenix, AZ",hot
U00416,45,male,176.5,80.4,25.8,10.0,L,normal,tennis,intermediate,4,both,29,170,Adidas,casual,multi,mesh,"Las Vegas, NV",hot
U00417,27,female,163.4,48.6,18.2,8.5,XS,high,training,beginner,2,indoor,18,77,Jordan|Nike,performance,blue,synthetic,"Dallas, TX",hot
U00418,26,female,156.4,70.0,28.6,8.5,XL,low,training,intermediate,2,indoor,18,59,Nike|Adidas,performance,black,cotton,"Boston, MA",continental
U00419,31,female,154.5,59.9,25.1,6.5,L,high,running,beginner,3,outdoor,30,156,Nike|Adidas,performance,blue,knit,"Detroit, MI",continental
U00420,45,male,180.3,78.3,24.1,11.0,M,normal,lifestyle,beginner,4,outdoor,24,92,Adidas|Nike|Jordan,casual,navy,knit,"Los Angeles, CA",hot
U00421,48,male,183.6,91.0,27.0,12.0,L,normal,running,intermediate,2,outdoor,25,83,Nike|Jordan,performance,black,mesh,"Chicago, IL",continental
U00422,26,male,170.5,97.1,33.4,9.5,XXL,normal,running,beginner,3,outdoor,10,40,Adidas|Nike,performance,black,polyester,"Orlando, FL",tropical
U00423,36,male,168.6,74.2,26.1,8.0,L,normal,training,beginner,2,outdoor,19,97,Nike|Adidas|Jordan,performance,blue,polyester,"Denver, CO",cold
U00424,58,female,157.6,49.4,19.9,7.0,S,normal,yoga,beginner,5,indoor,10,35,Nike|Adidas|Jordan,athleisure,purple,synthetic,"Orlando, FL",tropical
U00425,25,female,171.9,55.3,18.7,10.0,S,high,swimming,advanced,2,outdoor,40,231,Nike|Jordan,performance,white,mesh,"San Francisco, CA",temperate
U00426,49,male,166.1,88.8,32.2,8.5,XL,normal,training,beginner,3,indoor,21,102,Adidas|Nike,performance,grey,knit,"Dallas, TX",hot
U00427,33,female,164.8,59.5,21.9,8.5,M,normal,training,intermediate,4,indoor,13,80,Jordan|Adidas,athleisure,brown,synthetic,"Charlotte, NC",temperate
U00428,40,male,186.9,60.8,17.4,12.5,XS,high,training,beginner,3,indoor,21,48,Adidas,performance,navy,knit,"Phoenix, AZ",hot
U00429,23,male,154.6,84.4,35.3,7.0,XXL,normal,lifestyle,advanced,5,outdoor,22,111,Jordan|Nike|Adidas,casual,navy,polyester,"Detroit, MI",continental
U00430,18,male,174.2,70.7,23.3,8.5,M,high,yoga,beginner,3,indoor,10,35,Nike,athleisure,white,mesh,"Atlanta, GA",temperate
U00431,20,female,162.9,67.9,25.6,8.5,L,low,running,beginner,2,both,26,59,Nike,performance,multi,synthetic,"Philadelphia, PA",temperate
U00432,26,male,185.8,85.6,24.8,12.0,M,low,running,beginner,4,outdoor,29,76,Nike,casual,pink,nylon,"Philadelphia, PA",temperate
U00433,29,female,162.1,64.9,24.7,8.5,L,normal,training,beginner,5,both,20,88,Nike|Adidas,performance,black,leather,"Boston, MA",continental
U00434,24,male,185.8,102.5,29.7,12.0,XL,low,training,intermediate,3,indoor,25,61,Adidas,performance,black,polyester,"New York, NY",continental
U00435,19,male,171.2,86.2,29.4,9.5,XL,normal,lifestyle,beginner,4,both,31,76,Nike|Adidas,casual,red,leather,"Denver, CO",cold
U00436,30,female,143.7,60.1,29.1,5.0,XL,low,training,intermediate,3,indoor,26,69,Nike|Adidas,athleisure,white,cotton,"Dallas, TX",hot
U00437,25,male,167.1,79.3,28.4,8.0,L,low,yoga,beginner,4,indoor,30,92,Adidas,athleisure,black,cotton,"Las Vegas, NV",hot
U00438,49,male,183.6,91.0,27.0,12.0,L,normal,running,intermediate,2,outdoor,18,56,Adidas|Jordan|Nike,performance,green,cotton,"Seattle, WA",temperate
U00439,37,male,184.2,80.4,23.7,10.5,M,normal,tennis,beginner,4,outdoor,56,126,Nike,retro,purple,mesh,"Orlando, FL",tropical
U00440,19,male,185.2,64.1,18.7,11.5,XS,high,training,intermediate,4,both,20,69,Adidas|Nike,performance,blue,mesh,"Philadelphia, PA",temperate
U00441,50,female,153.0,58.8,25.1,7.0,L,normal,running,beginner,4,both,33,84,Jordan|Adidas|Nike,performance,white,mesh,"Seattle, WA",temperate
U00442,18,male,168.6,70.8,24.9,9.0,M,low,running,advanced,3,outdoor,33,180,Adidas,athleisure,black,polyester,"Atlanta, GA",temperate
U00443,49,female,163.4,59.5,22.3,9.0,M,low,training,advanced,2,both,35,97,Nike,performance,red,rubber,"Atlanta, GA",temperate
U00444,26,female,161.6,49.6,19.0,8.5,S,normal,yoga,intermediate,5,indoor,67,149,Nike,retro,black,knit,"New York, NY",continental
U00445,44,male,182.3,80.8,24.3,10.5,M,low,running,advanced,3,both,20,131,Adidas|Nike,performance,pink,knit,"Seattle, WA",temperate
U00446,39,male,183.6,84.3,25.0,11.5,M,normal,training,advanced,2,indoor,33,145,Adidas|Nike,performance,multi,synthetic,"Houston, TX",tropical
U00447,21,male,167.2,71.8,25.7,7.5,L,low,running,intermediate,4,both,25,65,Jordan,athleisure,grey,leather,"Charlotte, NC",temperate
U00448,49,female,160.6,58.8,22.8,7.5,M,high,training,intermediate,2,indoor,77,207,Nike,performance,pink,cotton,"Portland, OR",temperate
U00449,39,female,152.5,57.7,24.8,7.0,L,normal,yoga,beginner,4,indoor,15,40,Nike|Jordan,athleisure,black,synthetic,"Detroit, MI",continental
U00450,31,female,171.3,69.3,23.6,9.5,M,normal,running,intermediate,4,outdoor,56,126,Nike|Adidas,performance,grey,cotton,"Seattle, WA",temperate
U00451,31,female,157.6,58.9,23.7,7.5,M,low,yoga,beginner,4,both,10,50,Nike,athleisure,blue,mesh,"Los Angeles, CA",hot
U00452,43,female,159.3,75.6,29.8,8.0,XL,low,training,beginner,3,indoor,36,103,Jordan,performance,red,polyester,"Portland, OR",temperate
U00453,18,male,175.3,90.0,29.3,10.5,XL,normal,running,intermediate,2,indoor,78,228,Adidas,athleisure,white,polyester,"Miami, FL",tropical
U00454,25,male,156.0,86.4,35.5,7.0,XXL,normal,training,advanced,5,indoor,27,127,Adidas,performance,red,gore-tex,"Denver, CO",cold
U00455,34,male,174.7,90.6,29.7,9.5,XL,normal,lifestyle,intermediate,4,both,24,111,Nike|Adidas,retro,pink,cotton,"Houston, TX",tropical
U00456,31,female,168.0,62.1,22.0,9.5,M,normal,training,advanced,4,indoor,48,140,Adidas|Nike,retro,black,cotton,"Philadelphia, PA",temperate
U00457,21,female,166.3,46.7,16.9,8.5,XS,normal,yoga,advanced,3,indoor,72,209,Jordan|Nike|Adidas,casual,yellow,cotton,"Charlotte, NC",temperate
U00458,18,female,160.0,65.0,25.4,8.5,L,high,running,intermediate,4,outdoor,26,78,Adidas|Jordan,performance,pink,mesh,"Dallas, TX",hot
U00459,46,male,185.8,79.4,23.0,11.5,M,normal,yoga,intermediate,3,indoor,44,154,Adidas,casual,multi,leather,"Las Vegas, NV",hot
U00460,30,male,173.6,64.2,21.3,9.5,S,normal,tennis,beginner,3,both,20,55,Jordan,casual,green,nylon,"Los Angeles, CA",hot
U00461,20,male,177.6,73.5,23.3,9.5,M,normal,basketball,advanced,4,outdoor,86,347,Adidas|Nike,retro,green,nylon,"New York, NY",continental
U00462,18,male,171.2,79.1,27.0,8.5,L,normal,training,beginner,5,indoor,10,35,Nike|Jordan,performance,black,gore-tex,"Seattle, WA",temperate
U00463,18,male,191.2,66.9,18.3,12.0,S,normal,lifestyle,advanced,2,indoor,52,159,Nike|Jordan,athleisure,grey,polyester,"San Diego, CA",hot
U00464,40,female,170.3,69.9,24.1,10.5,M,normal,yoga,beginner,3,indoor,22,65,Nike,athleisure,white,knit,"Los Angeles, CA",hot
U00465,38,female,166.9,54.6,19.6,8.5,S,normal,yoga,advanced,3,outdoor,64,162,Nike,athleisure,green,fleece,"Minneapolis, MN",cold
U00466,42,male,175.9,82.6,26.7,10.0,L,normal,yoga,beginner,3,indoor,20,73,Nike|Adidas|Jordan,athleisure,red,cotton,"San Francisco, CA",temperate
U00467,43,male,191.2,77.9,21.3,12.5,M,normal,outdoor,beginner,3,outdoor,25,67,Nike,performance,blue,mesh,"Las Vegas, NV",hot
U00468,32,male,172.0,84.3,28.5,9.0,XL,low,swimming,intermediate,3,indoor,49,115,Nike,performance,grey,mesh,"Minneapolis, MN",cold
U00469,40,male,183.6,99.4,29.5,11.5,XL,normal,training,intermediate,2,indoor,35,125,Nike|Jordan,athleisure,black,cotton,"Orlando, FL",tropical
U00470,40,female,152.6,70.8,30.4,8.0,XL,low,outdoor,beginner,3,outdoor,42,135,Jordan|Nike,performance,white,cotton,"Chicago, IL",continental
U00471,32,female,171.9,55.6,18.8,10.0,S,normal,outdoor,intermediate,3,outdoor,15,35,Nike|Jordan,performance,navy,leather,"Boston, MA",continental
U00472,48,male,187.0,60.8,17.4,12.0,XS,normal,football,beginner,3,outdoor,34,141,Nike|Adidas,performance,white,gore-tex,"Houston, TX",tropical
U00473,24,female,155.1,68.1,28.3,8.0,XL,normal,yoga,beginner,3,indoor,57,156,Nike,athleisure,black,mesh,"San Diego, CA",hot
U00474,39,female,156.5,59.8,24.4,7.0,M,low,training,intermediate,4,indoor,16,50,Adidas|Nike,performance,black,mesh,"Dallas, TX",hot
U00475,18,male,177.1,83.1,26.5,10.5,L,high,training,beginner,3,indoor,15,54,Nike|Adidas,performance,brown,leather,"Phoenix, AZ",hot
U00476,49,male,182.3,77.8,23.4,11.5,M,normal,training,beginner,4,indoor,47,116,Adidas|Nike,athleisure,white,synthetic,"Chicago, IL",continental
U00477,39,female,153.7,76.8,32.5,7.5,XXL,high,training,beginner,4,indoor,19,96,Adidas,retro,beige,synthetic,"Minneapolis, MN",cold
U00478,27,male,167.2,75.8,27.1,8.5,L,normal,running,beginner,3,outdoor,21,131,Nike|Adidas,performance,black,polyester,"Philadelphia, PA",temperate
U00479,47,male,172.1,72.6,24.5,9.0,M,normal,training,beginner,3,indoor,16,76,Adidas|Nike,performance,grey,knit,"Detroit, MI",continental
U00480,55,male,190.2,75.6,20.9,12.0,M,normal,training,intermediate,2,indoor,19,45,Adidas,performance,blue,synthetic,"Los Angeles, CA",hot
U00481,44,male,177.1,75.9,24.2,9.5,M,high,basketball,beginner,4,both,28,112,Jordan,athleisure,grey,synthetic,"Los Angeles, CA",hot
U00482,48,male,183.2,84.6,25.2,11.0,M,normal,training,intermediate,5,both,49,137,Jordan|Nike|Adidas,performance,black,nylon,"Las Vegas, NV",hot
U00483,23,male,176.5,63.6,20.4,10.0,S,high,training,intermediate,5,indoor,35,159,Nike|Adidas,performance,purple,fleece,"Seattle, WA",temperate
U00484,45,female,176.3,71.2,22.9,10.5,M,normal,outdoor,advanced,4,outdoor,26,87,Nike|Jordan|Adidas,performance,beige,nylon,"San Diego, CA",hot
U00485,22,female,163.9,66.1,24.6,9.0,L,normal,training,intermediate,4,both,16,52,Adidas|Nike,casual,green,nylon,"Boston, MA",continental
U00486,50,female,167.6,71.6,25.5,9.5,L,normal,running,intermediate,4,both,24,106,Jordan,performance,black,mesh,"Detroit, MI",continental
U00487,55,female,172.5,66.4,22.3,9.5,M,normal,running,beginner,5,outdoor,30,114,Jordan,performance,white,synthetic,"Houston, TX",tropical
U00488,53,female,163.9,62.1,23.1,8.0,M,high,training,intermediate,4,both,47,207,Nike|Adidas,retro,white,nylon,"Dallas, TX",hot
U00489,24,female,166.9,61.0,21.9,9.0,M,high,training,beginner,3,indoor,10,39,Jordan|Nike,athleisure,multi,fleece,"Houston, TX",tropical
U00490,48,female,156.5,64.7,26.4,7.5,L,low,lifestyle,intermediate,3,both,25,89,Nike,performance,orange,nylon,"Minneapolis, MN",cold
U00491,45,female,161.1,52.2,20.1,8.0,S,normal,yoga,intermediate,4,indoor,112,351,Adidas,athleisure,grey,mesh,"San Diego, CA",hot
U00492,33,female,174.2,58.9,19.4,11.0,S,low,swimming,intermediate,4,indoor,15,83,Adidas|Nike,casual,blue,synthetic,"Los Angeles, CA",hot
U00493,33,female,166.9,75.5,27.1,9.0,L,normal,running,beginner,3,outdoor,22,86,Adidas,performance,orange,mesh,"San Diego, CA",hot
U00494,51,male,175.9,73.6,23.8,10.5,M,normal,yoga,intermediate,3,indoor,25,87,Adidas,athleisure,black,mesh,"Chicago, IL",continental
U00495,26,male,174.7,75.7,24.8,9.5,M,high,yoga,beginner,2,both,34,79,Adidas|Nike|Jordan,performance,grey,cotton,"Minneapolis, MN",cold
U00496,62,male,163.1,80.9,30.4,8.0,XL,low,training,advanced,4,both,31,94,Nike|Adidas,performance,black,rubber,"Seattle, WA",temperate
U00497,27,female,155.1,64.7,26.9,7.5,L,high,running,beginner,3,outdoor,20,46,Nike|Adidas,performance,beige,polyester,"Seattle, WA",temperate
U00498,32,female,169.7,69.1,24.0,10.0,M,high,outdoor,intermediate,3,outdoor,28,90,Adidas|Nike|Jordan,performance,blue,cotton,"San Francisco, CA",temperate
U00499,18,male,177.6,76.3,24.2,10.5,M,normal,lifestyle,advanced,2,both,42,108,Nike|Adidas,athleisure,black,fleece,"Houston, TX",tropical
U00500,28,female,161.1,63.8,24.6,8.0,L,normal,basketball,intermediate,5,indoor,16,92,Adidas|Nike,performance,multi,cotton,"San Diego, CA",hot
U00501,33,male,182.4,86.5,26.0,11.0,L,normal,running,advanced,3,outdoor,66,206,Nike|Adidas,performance,purple,mesh,"Orlando, FL",tropical
U00502,53,male,176.5,81.0,26.0,9.5,L,normal,training,intermediate,2,indoor,59,232,Nike|Adidas,athleisure,blue,cotton,"Philadelphia, PA",temperate
U00503,19,male,180.3,80.9,24.9,10.0,M,normal,training,beginner,3,outdoor,15,42,Nike|Jordan|Adidas,retro,beige,mesh,"Houston, TX",tropical
U00504,32,female,174.3,58.9,19.4,10.0,S,normal,outdoor,intermediate,4,outdoor,29,69,Jordan,performance,black,leather,"Seattle, WA",temperate
U00505,50,female,168.5,63.9,22.5,10.0,M,low,football,beginner,3,outdoor,24,65,Nike|Adidas,performance,green,leather,"Dallas, TX",hot
U00506,51,male,178.3,90.0,28.3,10.5,L,high,yoga,beginner,3,indoor,10,45,Nike|Jordan|Adidas,athleisure,green,rubber,"Los Angeles, CA",hot
U00507,33,male,183.6,87.0,25.8,12.0,L,normal,lifestyle,beginner,3,both,12,35,Nike,casual,navy,mesh,"Boston, MA",continental
U00508,35,male,174.2,64.3,21.2,10.0,S,normal,running,advanced,4,indoor,96,258,Nike|Adidas,performance,grey,fleece,"Houston, TX",tropical
U00509,34,female,152.6,67.3,28.9,8.0,XL,high,training,intermediate,5,indoor,17,109,Adidas,casual,white,leather,"Denver, CO",cold
U00510,27,male,181.8,76.7,23.2,11.5,M,low,training,beginner,3,indoor,14,70,Nike,athleisure,red,synthetic,"Detroit, MI",continental
U00511,35,male,173.1,86.3,28.8,10.5,XL,low,basketball,intermediate,2,both,17,47,Adidas,performance,white,nylon,"Minneapolis, MN",cold
U00512,34,female,154.6,77.2,32.3,7.5,XXL,low,training,beginner,5,indoor,12,51,Adidas|Jordan,performance,black,synthetic,"Houston, TX",tropical
U00513,47,male,185.8,79.4,23.0,11.5,M,normal,yoga,intermediate,3,indoor,10,58,Adidas,performance,purple,polyester,"Phoenix, AZ",hot
U00514,63,female,169.2,45.8,16.0,9.5,XS,normal,yoga,intermediate,2,indoor,35,85,Nike|Jordan,athleisure,orange,nylon,"Charlotte, NC",temperate
U00515,18,male,163.1,79.8,30.0,7.5,XL,normal,running,intermediate,3,outdoor,40,91,Nike,performance,white,knit,"Philadelphia, PA",temperate
U00516,50,male,189.3,77.8,21.7,12.5,S,normal,lifestyle,intermediate,3,indoor,29,111,Nike,casual,black,leather,"Phoenix, AZ",hot
U00517,46,male,179.7,85.9,26.6,11.0,L,normal,outdoor,beginner,2,outdoor,22,49,Adidas,performance,white,cotton,"Minneapolis, MN",cold
U00518,32,female,165.9,64.4,23.4,9.0,M,low,training,advanced,3,both,47,115,Nike|Adidas,performance,navy,leather,"Dallas, TX",hot
U00519,44,male,189.5,83.3,23.2,12.0,M,normal,running,intermediate,4,outdoor,31,97,Nike,performance,pink,synthetic,"Chicago, IL",continental
U00520,24,female,165.4,58.8,21.5,9.0,M,high,running,beginner,3,both,23,62,Nike|Jordan,performance,grey,polyester,"Miami, FL",tropical
U00521,33,male,172.4,81.1,27.3,9.0,L,normal,running,intermediate,5,outdoor,35,82,Nike|Adidas,performance,purple,fleece,"Portland, OR",temperate
U00522,18,female,169.8,75.5,26.2,9.5,L,normal,football,intermediate,2,outdoor,21,58,Nike|Adidas,casual,white,leather,"Orlando, FL",tropical
U00523,22,male,176.5,63.6,20.4,10.0,S,normal,training,beginner,4,indoor,10,37,Nike|Adidas,performance,multi,knit,"Seattle, WA",temperate
U00524,41,male,188.4,83.4,23.5,12.0,M,normal,yoga,intermediate,2,both,17,80,Nike|Adidas,athleisure,red,polyester,"Boston, MA",continental
U00525,39,male,166.5,93.1,33.6,9.0,XXL,normal,training,intermediate,4,outdoor,24,87,Nike|Adidas,performance,green,cotton,"Minneapolis, MN",cold
U00526,24,male,188.4,73.8,20.8,12.0,S,high,training,beginner,2,both,10,35,Nike|Adidas,performance,blue,polyester,"Denver, CO",cold
U00527,18,female,158.9,52.3,20.7,8.0,S,normal,running,intermediate,5,outdoor,11,71,Nike,athleisure,multi,gore-tex,"Chicago, IL",continental
U00528,26,female,160.6,73.8,28.6,8.5,XL,normal,yoga,intermediate,4,indoor,50,176,Nike|Adidas|Jordan,athleisure,black,knit,"Los Angeles, CA",hot
U00529,18,male,178.3,71.2,22.4,10.0,S,low,running,beginner,3,outdoor,12,47,Nike|Jordan,performance,blue,polyester,"Miami, FL",tropical
U00530,27,male,190.4,83.0,22.9,12.5,L,low,training,intermediate,4,both,11,62,Adidas|Nike,performance,white,knit,"Denver, CO",cold
U00531,35,female,168.0,46.0,16.3,9.0,XS,low,training,beginner,4,indoor,14,35,Adidas|Jordan,athleisure,white,knit,"Boston, MA",continental
U00532,31,male,177.6,86.1,27.3,10.5,L,normal,football,advanced,2,outdoor,67,357,Adidas|Nike,athleisure,orange,polyester,"Minneapolis, MN",cold
U00533,18,male,191.2,92.5,25.3,13.0,L,low,training,advanced,2,indoor,74,218,Jordan,athleisure,navy,leather,"Portland, OR",temperate
U00534,26,female,155.1,49.1,20.4,7.5,S,normal,football,beginner,3,outdoor,23,73,Nike,performance,black,mesh,"Atlanta, GA",temperate
U00535,28,female,167.7,52.0,18.5,9.0,S,normal,basketball,advanced,4,indoor,119,269,Adidas,retro,beige,synthetic,"San Diego, CA",hot
U00536,48,male,178.3,103.3,32.5,10.0,XXL,normal,outdoor,beginner,5,outdoor,18,81,Nike|Adidas,performance,black,leather,"Houston, TX",tropical
U00537,34,male,180.3,84.2,25.9,10.5,L,normal,basketball,intermediate,3,outdoor,23,102,Adidas|Nike,retro,pink,mesh,"Minneapolis, MN",cold
U00538,23,female,165.9,58.6,21.3,9.5,S,normal,training,intermediate,5,indoor,17,51,Adidas,athleisure,red,leather,"Minneapolis, MN",cold
U00539,18,male,178.3,93.5,29.4,10.5,XL,normal,running,intermediate,4,indoor,61,192,Jordan,performance,yellow,leather,"Philadelphia, PA",temperate
U00540,34,male,170.5,82.3,28.3,8.5,L,high,lifestyle,intermediate,3,indoor,34,87,Nike|Adidas|Jordan,athleisure,red,cotton,"Minneapolis, MN",cold
U00541,48,female,168.5,65.9,23.2,9.0,M,normal,yoga,beginner,3,indoor,11,55,Adidas|Nike,athleisure,grey,synthetic,"Atlanta, GA",temperate
U00542,40,female,159.3,65.0,25.6,7.5,L,high,training,advanced,3,indoor,40,168,Adidas|Nike,performance,black,mesh,"Phoenix, AZ",hot
U00543,30,female,163.4,85.7,32.1,9.0,XXL,normal,yoga,advanced,4,outdoor,26,169,Nike,athleisure,blue,polyester,"Los Angeles, CA",hot
U00544,21,male,174.7,81.8,26.8,10.0,L,normal,training,beginner,2,indoor,25,68,Jordan|Nike,performance,black,nylon,"San Francisco, CA",temperate
U00545,50,male,180.7,74.8,22.9,11.0,M,normal,yoga,beginner,2,both,20,79,Nike|Adidas,athleisure,blue,polyester,"Philadelphia, PA",temperate
U00546,25,male,184.2,76.0,22.4,11.0,S,normal,running,intermediate,4,outdoor,18,82,Adidas,performance,black,mesh,"Denver, CO",cold
U00547,21,male,179.7,91.7,28.4,11.0,L,high,swimming,intermediate,4,indoor,29,87,Nike,performance,red,cotton,"Chicago, IL",continental
U00548,30,female,169.2,54.4,19.0,9.5,S,normal,running,intermediate,3,outdoor,30,132,Nike|Adidas,performance,grey,knit,"Miami, FL",tropical
U00549,30,female,162.2,72.3,27.5,8.0,XL,normal,yoga,advanced,3,indoor,21,125,Nike|Jordan,athleisure,green,synthetic,"Detroit, MI",continental
U00550,50,female,165.4,53.1,19.4,9.0,S,high,yoga,beginner,3,indoor,26,119,Adidas,athleisure,navy,nylon,"Atlanta, GA",temperate
U00551,30,male,166.5,83.4,30.1,8.5,XL,normal,basketball,beginner,3,indoor,26,64,Nike,retro,blue,mesh,"Minneapolis, MN",cold
U00552,31,male,170.5,74.7,25.7,9.0,L,low,training,beginner,3,indoor,42,127,Nike,casual,red,gore-tex,"Seattle, WA",temperate
U00553,21,male,179.7,87.2,27.0,10.0,L,low,running,intermediate,3,outdoor,14,48,Nike|Adidas,performance,white,leather,"Boston, MA",continental
U00554,33,male,185.2,80.6,23.5,11.5,M,high,running,beginner,4,outdoor,26,86,Nike|Adidas,performance,beige,cotton,"Phoenix, AZ",hot
U00555,24,male,173.2,72.6,24.2,9.5,M,normal,training,intermediate,2,both,26,59,Nike|Adidas|Jordan,retro,black,synthetic,"Philadelphia, PA",temperate
U00556,24,female,175.6,59.5,19.3,11.0,S,high,running,intermediate,3,both,11,66,Adidas,performance,grey,cotton,"Denver, CO",cold
U00557,56,male,178.4,88.2,27.7,10.0,L,normal,training,advanced,4,indoor,39,198,Nike|Adidas,retro,black,cotton,"Charlotte, NC",temperate
U00558,18,female,157.2,79.1,32.0,8.0,XXL,normal,yoga,advanced,3,indoor,50,123,Nike,athleisure,navy,mesh,"Charlotte, NC",temperate
U00559,27,male,177.6,77.6,24.6,10.0,M,high,outdoor,intermediate,2,outdoor,97,313,Nike|Adidas,performance,grey,knit,"Boston, MA",continental
U00560,45,female,163.9,67.2,25.0,8.5,L,high,running,intermediate,2,both,59,131,Adidas|Jordan|Nike,performance,black,polyester,"Portland, OR",temperate
U00561,24,male,177.1,75.6,24.1,10.0,M,normal,training,beginner,5,indoor,14,40,Nike|Adidas,casual,red,polyester,"San Diego, CA",hot
U00562,26,male,163.2,66.6,25.0,7.5,M,low,training,beginner,5,indoor,30,81,Nike|Adidas,performance,multi,cotton,"Minneapolis, MN",cold
U00563,32,female,150.8,64.6,28.4,6.5,XL,normal,training,advanced,4,indoor,48,149,Nike,athleisure,black,gore-tex,"Boston, MA",continental
U00564,40,male,183.6,99.4,29.5,11.5,XL,normal,basketball,intermediate,2,both,23,149,Adidas|Nike|Jordan,casual,white,mesh,"Seattle, WA",temperate
U00565,28,female,164.8,66.0,24.3,8.5,M,normal,basketball,intermediate,5,indoor,39,93,Adidas|Nike,retro,white,nylon,"San Francisco, CA",temperate
U00566,18,male,166.1,67.6,24.5,8.0,M,normal,running,beginner,5,outdoor,19,63,Adidas,performance,pink,synthetic,"Denver, CO",cold
U00567,47,male,175.4,74.8,24.3,10.0,M,high,running,intermediate,2,outdoor,17,114,Nike|Adidas,casual,grey,nylon,"Orlando, FL",tropical
U00568,47,male,177.6,71.9,22.8,9.5,M,low,training,intermediate,5,both,23,109,Nike|Adidas,performance,green,synthetic,"Los Angeles, CA",hot
U00569,54,male,176.5,78.5,25.2,9.5,M,normal,running,advanced,4,outdoor,65,256,Nike|Adidas|Jordan,performance,blue,polyester,"Seattle, WA",temperate
U00570,26,female,164.0,62.1,23.1,8.0,M,normal,lifestyle,beginner,4,outdoor,10,35,Adidas,casual,black,rubber,"Boston, MA",continental
U00571,32,female,170.3,76.9,26.5,10.0,L,high,running,beginner,3,outdoor,11,68,Nike|Adidas,performance,black,nylon,"Atlanta, GA",temperate
U00572,26,male,177.6,79.2,25.1,10.5,M,normal,training,advanced,2,outdoor,29,123,Adidas|Nike,performance,white,mesh,"Phoenix, AZ",hot
U00573,34,male,175.4,87.1,28.3,10.0,L,normal,running,advanced,3,outdoor,39,94,Nike,performance,red,polyester,"Orlando, FL",tropical
U00574,37,male,179.7,64.3,19.9,10.5,S,low,lifestyle,beginner,5,both,15,46,Nike|Jordan,athleisure,pink,synthetic,"Houston, TX",tropical
U00575,44,male,185.8,61.8,17.9,12.0,XS,normal,yoga,intermediate,2,both,20,81,Nike|Jordan,athleisure,red,leather,"Phoenix, AZ",hot
U00576,48,male,173.6,83.5,27.7,9.5,L,normal,outdoor,advanced,3,outdoor,26,149,Adidas|Nike,performance,black,polyester,"Detroit, MI",continental
U00577,19,female,153.0,66.9,28.6,7.5,XL,normal,training,intermediate,3,indoor,37,99,Adidas|Nike|Jordan,performance,grey,synthetic,"Detroit, MI",continental
U00578,28,male,185.2,79.2,23.1,11.5,M,normal,yoga,beginner,4,indoor,30,82,Adidas|Nike|Jordan,performance,red,cotton,"Detroit, MI",continental
U00579,46,male,182.4,75.5,22.7,10.0,M,low,yoga,intermediate,2,indoor,13,88,Nike|Adidas,performance,red,polyester,"Las Vegas, NV",hot
U00580,22,female,162.9,60.8,22.9,8.5,M,high,basketball,beginner,5,indoor,47,104,Adidas,retro,navy,fleece,"Denver, CO",cold
U00581,21,female,170.7,69.1,23.7,9.5,M,low,running,advanced,4,outdoor,27,116,Nike|Adidas|Jordan,athleisure,grey,synthetic,"Philadelphia, PA",temperate
U00582,31,male,181.3,78.9,24.0,10.5,M,low,running,beginner,3,outdoor,10,35,Nike,performance,black,synthetic,"Los Angeles, CA",hot
U00583,23,female,160.0,67.8,26.5,8.5,L,normal,outdoor,beginner,5,outdoor,11,46,Adidas|Jordan,athleisure,navy,synthetic,"Boston, MA",continental
U00584,27,male,170.5,68.9,23.7,8.5,M,low,training,advanced,3,indoor,74,168,Jordan|Nike|Adidas,athleisure,white,polyester,"Philadelphia, PA",temperate
U00585,28,female,154.6,49.0,20.5,7.5,S,normal,lifestyle,intermediate,2,outdoor,14,35,Adidas,retro,grey,gore-tex,"Orlando, FL",tropical
U00586,44,female,159.3,75.6,29.8,7.5,XL,high,training,beginner,3,both,37,108,Jordan,performance,navy,knit,"San Diego, CA",hot
U00587,43,male,185.2,78.9,23.0,11.0,M,high,football,beginner,2,both,18,62,Adidas|Nike|Jordan,retro,blue,leather,"Minneapolis, MN",cold
U00588,49,male,170.5,79.1,27.2,9.0,L,normal,outdoor,beginner,3,outdoor,10,40,Adidas,performance,grey,cotton,"Las Vegas, NV",hot
U00589,38,male,173.2,81.6,27.2,9.5,L,normal,training,beginner,4,indoor,11,43,Nike,performance,grey,synthetic,"Seattle, WA",temperate
U00590,47,female,175.6,59.5,19.3,10.5,S,low,training,beginner,3,indoor,22,90,Nike,casual,green,mesh,"Charlotte, NC",temperate
U00591,27,female,162.2,58.7,22.3,8.5,M,high,training,beginner,3,indoor,38,94,Nike|Adidas,performance,blue,mesh,"Orlando, FL",tropical
U00592,46,male,171.2,73.3,25.0,9.0,M,normal,tennis,beginner,2,indoor,17,49,Adidas|Jordan,athleisure,red,cotton,"Charlotte, NC",temperate
U00593,33,male,173.6,72.9,24.2,9.0,M,low,yoga,intermediate,3,indoor,16,59,Nike,athleisure,black,leather,"Detroit, MI",continental
U00594,47,male,168.6,78.5,27.6,8.5,L,normal,basketball,advanced,2,indoor,78,174,Nike|Jordan|Adidas,performance,red,cotton,"Denver, CO",cold
U00595,26,male,168.6,86.7,30.5,9.0,XL,normal,training,beginner,4,indoor,15,74,Nike|Adidas,athleisure,black,polyester,"Phoenix, AZ",hot
U00596,22,female,168.0,67.2,23.8,10.0,M,low,yoga,intermediate,3,both,19,109,Adidas|Nike,retro,green,leather,"Las Vegas, NV",hot
U00597,25,female,160.1,55.6,21.7,8.0,M,normal,tennis,intermediate,2,both,22,83,Jordan,retro,black,cotton,"Philadelphia, PA",temperate
U00598,30,male,183.2,82.6,24.6,11.0,M,normal,basketball,intermediate,5,indoor,44,100,Nike|Adidas|Jordan,athleisure,green,synthetic,"Dallas, TX",hot
U00599,18,male,180.3,83.5,25.7,10.5,L,normal,training,advanced,4,both,21,136,Nike,athleisure,blue,gore-tex,"Seattle, WA",temperate
U00600,35,female,175.7,64.2,20.8,11.0,S,low,running,beginner,3,indoor,17,98,Adidas|Nike|Jordan,performance,pink,gore-tex,"Miami, FL",tropical
U00601,44,female,161.1,70.6,27.2,8.5,L,normal,yoga,beginner,5,indoor,29,114,Adidas,athleisure,white,polyester,"San Francisco, CA",temperate
U00602,19,male,178.4,86.2,27.1,10.0,L,low,football,advanced,2,outdoor,118,265,Adidas|Jordan,performance,blue,synthetic,"Boston, MA",continental
U00603,29,male,185.8,85.6,24.8,11.0,M,normal,basketball,beginner,4,outdoor,28,112,Nike|Adidas|Jordan,retro,yellow,gore-tex,"San Diego, CA",hot
U00604,32,male,184.7,61.7,18.1,11.0,XS,normal,yoga,beginner,3,indoor,49,139,Nike,performance,black,leather,"Philadelphia, PA",temperate
U00605,33,female,162.2,65.0,24.7,8.5,L,normal,running,beginner,5,outdoor,41,99,Jordan,performance,black,cotton,"Dallas, TX",hot
U00606,54,male,180.3,80.3,24.7,10.5,M,normal,training,intermediate,3,indoor,29,82,Jordan,performance,green,gore-tex,"Detroit, MI",continental
U00607,53,female,158.2,76.8,30.7,8.5,XL,normal,tennis,intermediate,3,outdoor,35,200,Nike,retro,pink,cotton,"Los Angeles, CA",hot
U00608,53,female,160.1,54.6,21.3,8.0,S,low,training,beginner,3,indoor,10,36,Nike|Adidas,performance,black,synthetic,"Detroit, MI",continental
U00609,48,female,160.1,64.8,25.3,8.5,L,normal,yoga,beginner,2,outdoor,40,175,Nike,athleisure,grey,mesh,"Philadelphia, PA",temperate
U00610,20,male,184.7,83.6,24.5,11.5,M,high,running,beginner,5,outdoor,14,35,Adidas,performance,grey,polyester,"Houston, TX",tropical
U00611,33,male,181.3,78.9,24.0,11.0,M,normal,running,beginner,3,outdoor,37,94,Nike,performance,black,mesh,"Minneapolis, MN",cold
U00612,22,female,164.0,66.2,24.6,9.0,L,normal,training,intermediate,4,both,32,158,Nike,performance,grey,mesh,"Miami, FL",tropical
U00613,18,male,185.3,79.3,23.1,11.0,M,normal,yoga,intermediate,3,indoor,27,104,Nike|Adidas,athleisure,black,knit,"Phoenix, AZ",hot
U00614,34,female,166.9,71.9,25.8,9.0,L,high,training,beginner,3,indoor,10,35,Adidas,athleisure,multi,cotton,"San Francisco, CA",temperate
U00615,49,male,173.6,81.4,27.0,9.5,L,normal,lifestyle,intermediate,3,both,21,71,Nike,casual,multi,nylon,"San Francisco, CA",temperate
U00616,55,female,168.5,76.7,27.0,10.0,L,high,running,beginner,4,outdoor,20,76,Adidas,athleisure,navy,mesh,"San Francisco, CA",temperate
U00617,52,male,177.6,72.2,22.9,9.5,M,normal,training,intermediate,5,indoor,61,137,Adidas,athleisure,blue,polyester,"Portland, OR",temperate
U00618,32,male,156.1,76.3,31.3,7.0,XL,normal,training,advanced,3,indoor,41,153,Jordan,performance,multi,cotton,"Los Angeles, CA",hot
U00619,18,female,168.5,65.6,23.1,9.5,M,normal,football,intermediate,5,outdoor,15,89,Nike,performance,red,cotton,"New York, NY",continental
U00620,18,male,169.9,76.2,26.4,9.0,L,normal,running,advanced,2,outdoor,22,73,Nike,performance,black,polyester,"New York, NY",continental
U00621,19,male,171.2,86.2,29.4,9.5,XL,low,football,beginner,4,both,47,112,Nike,performance,black,cotton,"Phoenix, AZ",hot
U00622,28,female,171.3,59.0,20.1,10.0,S,normal,basketball,beginner,5,outdoor,14,55,Nike|Jordan,casual,red,fleece,"Seattle, WA",temperate
U00623,35,male,177.6,86.1,27.3,10.5,L,normal,lifestyle,advanced,2,both,91,230,Adidas|Jordan,retro,multi,mesh,"Miami, FL",tropical
U00624,27,female,172.0,55.3,18.7,10.0,S,normal,basketball,advanced,2,indoor,82,298,Jordan|Nike|Adidas,performance,white,knit,"Boston, MA",continental
U00625,30,female,168.5,63.0,22.2,9.5,M,high,yoga,intermediate,2,indoor,21,65,Adidas|Nike,athleisure,black,fleece,"Philadelphia, PA",temperate
U00626,48,female,167.7,71.7,25.5,9.5,L,high,football,intermediate,4,outdoor,33,111,Jordan,athleisure,green,mesh,"Philadelphia, PA",temperate
U00627,26,male,175.9,85.4,27.6,10.0,L,normal,yoga,intermediate,3,indoor,49,118,Adidas,athleisure,black,rubber,"Orlando, FL",tropical
U00628,38,male,179.1,82.4,25.7,10.5,L,high,training,beginner,4,both,19,58,Jordan|Nike,athleisure,black,synthetic,"Las Vegas, NV",hot
U00629,26,female,175.7,59.6,19.3,10.5,S,high,basketball,intermediate,3,outdoor,41,155,Adidas|Nike,athleisure,pink,leather,"San Francisco, CA",temperate
U00630,47,female,172.0,47.3,16.0,10.5,XS,high,basketball,beginner,3,indoor,19,49,Nike,performance,navy,synthetic,"Los Angeles, CA",hot
U00631,59,male,191.3,58.6,16.0,13.0,S,high,training,beginner,2,both,10,55,Nike|Adidas,performance,grey,leather,"Detroit, MI",continental
U00632,34,female,161.6,72.1,27.6,9.0,XL,normal,training,intermediate,4,indoor,21,90,Jordan,performance,black,fleece,"Portland, OR",temperate
U00633,18,male,171.2,86.2,29.4,10.0,XL,high,running,beginner,4,outdoor,34,142,Jordan,performance,black,cotton,"Denver, CO",cold
U00634,60,male,172.4,88.0,29.6,9.5,XL,normal,skateboarding,advanced,3,both,33,102,Nike|Adidas,casual,grey,leather,"Houston, TX",tropical
U00635,21,male,187.0,70.3,20.1,11.5,S,high,running,advanced,5,both,74,185,Nike|Adidas|Jordan,performance,navy,polyester,"Houston, TX",tropical
U00636,45,male,173.6,81.4,27.0,9.5,L,normal,training,intermediate,3,outdoor,71,223,Jordan|Nike|Adidas,athleisure,purple,polyester,"San Diego, CA",hot
U00637,46,male,174.7,73.9,24.2,9.5,M,low,yoga,advanced,3,both,32,112,Nike|Adidas|Jordan,performance,navy,cotton,"Minneapolis, MN",cold
U00638,32,female,154.6,60.0,25.1,7.5,L,normal,running,beginner,3,outdoor,12,68,Jordan,performance,blue,synthetic,"Detroit, MI",continental
U00639,27,male,177.7,77.7,24.6,10.5,M,normal,running,intermediate,2,outdoor,30,69,Nike,performance,black,fleece,"Seattle, WA",temperate
U00640,34,female,170.3,76.9,26.5,9.5,L,normal,running,beginner,3,outdoor,10,35,Jordan,athleisure,black,knit,"Las Vegas, NV",hot
U00641,36,female,173.4,71.9,23.9,10.5,M,high,yoga,advanced,4,indoor,22,119,Nike|Adidas,athleisure,red,nylon,"Orlando, FL",tropical
U00642,54,female,156.5,71.8,29.3,8.5,XL,low,training,beginner,3,outdoor,20,51,Jordan|Nike,athleisure,grey,cotton,"Detroit, MI",continental
U00643,36,male,178.4,74.5,23.4,10.5,M,low,yoga,intermediate,5,indoor,35,85,Nike,casual,black,gore-tex,"Houston, TX",tropical
U00644,56,male,166.5,72.6,26.2,8.5,L,normal,training,beginner,3,indoor,11,47,Adidas,performance,grey,gore-tex,"Philadelphia, PA",temperate
U00645,20,male,179.1,74.1,23.1,10.0,M,normal,yoga,intermediate,3,both,27,86,Nike|Adidas|Jordan,athleisure,green,mesh,"Philadelphia, PA",temperate
U00646,49,female,164.8,67.6,24.9,9.0,L,normal,training,advanced,3,indoor,39,100,Nike,athleisure,black,leather,"Charlotte, NC",temperate
U00647,25,male,183.2,77.5,23.1,11.5,M,normal,outdoor,intermediate,4,indoor,19,122,Jordan,performance,black,cotton,"Denver, CO",cold
U00648,32,male,174.2,64.0,21.1,9.5,S,high,yoga,intermediate,3,outdoor,78,175,Nike|Adidas|Jordan,athleisure,navy,mesh,"Miami, FL",tropical
U00649,33,female,157.6,58.9,23.7,8.0,M,normal,yoga,beginner,4,indoor,28,114,Nike,athleisure,navy,cotton,"Seattle, WA",temperate
U00650,27,male,185.8,86.3,25.0,12.0,M,normal,football,advanced,3,outdoor,44,148,Nike|Jordan,performance,black,leather,"Los Angeles, CA",hot
U00651,27,female,155.9,69.3,28.5,8.0,XL,normal,running,intermediate,3,outdoor,25,153,Jordan,athleisure,navy,rubber,"New York, NY",continental
U00652,28,female,158.9,49.7,19.7,8.0,S,normal,training,intermediate,3,both,13,79,Nike,performance,red,knit,"Boston, MA",continental
U00653,51,male,187.0,60.8,17.4,11.5,XS,normal,training,beginner,3,indoor,10,56,Nike,performance,black,mesh,"Charlotte, NC",temperate
U00654,45,male,187.0,61.2,17.5,12.0,XS,normal,running,beginner,3,both,19,77,Adidas,performance,pink,synthetic,"Portland, OR",temperate
U00655,45,male,173.6,91.6,30.4,10.5,XL,normal,yoga,intermediate,3,indoor,39,91,Adidas,casual,black,knit,"Houston, TX",tropical
U00656,29,male,169.3,68.2,23.8,8.5,M,low,training,intermediate,2,indoor,19,62,Nike|Jordan,performance,green,fleece,"San Diego, CA",hot
U00657,38,male,168.7,74.3,26.1,9.0,L,high,lifestyle,beginner,2,indoor,23,92,Adidas|Nike,retro,white,mesh,"Las Vegas, NV",hot
U00658,57,female,172.0,89.3,30.2,10.0,XL,high,running,intermediate,4,outdoor,17,61,Adidas,athleisure,white,cotton,"Denver, CO",cold
U00659,50,female,165.5,48.2,17.6,9.0,XS,low,yoga,advanced,4,indoor,31,133,Adidas,athleisure,red,synthetic,"Charlotte, NC",temperate
U00660,36,female,165.9,59.4,21.6,8.5,M,normal,running,beginner,5,both,34,101,Adidas|Jordan,performance,red,gore-tex,"Chicago, IL",continental
U00661,30,male,179.1,84.0,26.2,11.0,L,normal,running,beginner,4,outdoor,24,81,Adidas,athleisure,white,nylon,"Dallas, TX",hot
U00662,23,female,167.7,45.8,16.3,10.0,XS,normal,training,intermediate,3,indoor,25,93,Nike,performance,multi,fleece,"Los Angeles, CA",hot
U00663,41,female,161.1,48.8,18.8,8.0,S,high,training,advanced,3,indoor,32,89,Nike|Adidas|Jordan,performance,grey,synthetic,"Los Angeles, CA",hot
U00664,45,male,187.0,61.2,17.5,12.0,XS,normal,running,beginner,3,outdoor,11,40,Adidas|Nike|Jordan,performance,grey,synthetic,"Orlando, FL",tropical
U00665,28,female,164.0,65.9,24.5,9.0,L,normal,yoga,beginner,3,indoor,30,77,Adidas,athleisure,black,mesh,"New York, NY",continental
U00666,49,male,179.7,80.7,25.0,10.5,M,low,swimming,intermediate,2,indoor,45,137,Nike,performance,black,gore-tex,"Denver, CO",cold
U00667,22,male,183.6,63.7,18.9,11.0,XS,normal,tennis,beginner,3,both,12,59,Jordan|Nike,performance,orange,rubber,"Houston, TX",tropical
U00668,24,female,168.8,57.6,20.2,9.5,S,high,training,intermediate,4,indoor,14,71,Nike,casual,white,knit,"Orlando, FL",tropical
U00669,40,male,175.9,76.7,24.8,9.5,M,normal,yoga,intermediate,2,indoor,19,85,Nike|Adidas|Jordan,performance,blue,synthetic,"Atlanta, GA",temperate
U00670,51,female,163.4,59.5,22.3,8.5,M,normal,yoga,advanced,2,both,77,181,Adidas,athleisure,green,cotton,"Seattle, WA",temperate
U00671,18,male,183.6,85.3,25.3,12.0,M,low,running,advanced,2,outdoor,32,80,Nike,athleisure,black,cotton,"Portland, OR",temperate
U00672,23,female,177.3,54.1,17.2,10.5,XS,high,training,intermediate,4,indoor,39,89,Nike|Adidas,performance,red,synthetic,"Detroit, MI",continental
U00673,55,female,171.3,89.2,30.4,10.5,XL,normal,training,beginner,3,indoor,13,36,Jordan,retro,grey,cotton,"Seattle, WA",temperate
U00674,18,male,191.3,97.3,26.6,13.0,XL,normal,training,beginner,2,both,15,35,Nike,performance,yellow,polyester,"Orlando, FL",tropical
U00675,34,female,156.5,57.8,23.6,7.5,M,normal,tennis,advanced,4,outdoor,46,178,Nike|Adidas,athleisure,grey,synthetic,"Seattle, WA",temperate
U00676,58,female,157.6,59.1,23.8,7.5,M,high,running,beginner,3,outdoor,23,68,Adidas|Jordan|Nike,athleisure,multi,mesh,"Boston, MA",continental
U00677,60,male,180.7,87.2,26.7,11.5,L,normal,running,intermediate,4,outdoor,26,99,Jordan,performance,grey,knit,"Charlotte, NC",temperate
U00678,24,female,162.9,67.9,25.6,8.5,L,normal,football,beginner,2,outdoor,14,35,Jordan|Adidas,retro,black,mesh,"Houston, TX",tropical
U00679,44,male,181.8,70.1,21.2,11.0,S,normal,running,advanced,4,outdoor,34,75,Adidas,performance,navy,cotton,"Philadelphia, PA",temperate
U00680,48,female,162.2,73.1,27.8,9.0,XL,low,training,beginner,5,indoor,24,65,Nike|Jordan|Adidas,performance,black,synthetic,"San Francisco, CA",temperate
U00681,18,male,177.7,73.6,23.3,10.0,M,normal,swimming,advanced,4,indoor,23,61,Adidas,performance,black,mesh,"Houston, TX",tropical
U00682,23,male,191.3,78.7,21.5,12.5,M,normal,basketball,intermediate,4,both,53,128,Nike,retro,blue,leather,"Boston, MA",continental
U00683,45,male,181.3,72.6,22.1,11.5,S,normal,running,advanced,3,outdoor,19,105,Adidas,performance,white,nylon,"Minneapolis, MN",cold
U00684,19,male,163.4,80.1,30.0,7.5,XL,normal,training,intermediate,3,indoor,65,220,Nike|Jordan,performance,navy,nylon,"Las Vegas, NV",hot
U00685,59,female,163.4,56.9,21.3,9.0,S,normal,outdoor,advanced,3,outdoor,33,90,Nike,performance,red,cotton,"Houston, TX",tropical
U00686,26,female,162.2,58.7,22.3,8.0,M,normal,yoga,beginner,3,indoor,26,79,Adidas|Jordan,athleisure,brown,mesh,"Seattle, WA",temperate
U00687,24,female,155.2,66.2,27.5,7.5,XL,low,training,intermediate,4,indoor,20,63,Nike,casual,white,polyester,"New York, NY",continental
U00688,31,female,164.0,83.1,30.9,8.5,XL,normal,yoga,beginner,4,indoor,16,61,Adidas|Nike,athleisure,blue,mesh,"Houston, TX",tropical
U00689,18,male,171.2,80.0,27.3,9.0,L,high,training,beginner,5,indoor,13,58,Adidas|Nike|Jordan,performance,green,nylon,"Dallas, TX",hot
U00690,57,male,176.5,63.6,20.4,9.5,S,normal,running,advanced,4,indoor,83,194,Nike,performance,navy,cotton,"Los Angeles, CA",hot
U00691,39,female,162.9,71.1,26.8,8.5,L,normal,yoga,intermediate,2,indoor,60,161,Adidas|Nike,casual,grey,knit,"Detroit, MI",continental
U00692,25,male,185.3,61.8,18.0,11.5,XS,normal,training,advanced,4,both,75,224,Jordan,performance,black,mesh,"Miami, FL",tropical
U00693,30,female,161.1,72.1,27.8,7.5,XL,low,running,advanced,4,outdoor,45,255,Adidas|Nike,performance,black,polyester,"Las Vegas, NV",hot
U00694,60,male,187.7,75.7,21.5,11.5,S,normal,training,intermediate,3,indoor,12,66,Adidas,performance,black,mesh,"New York, NY",continental
U00695,28,female,176.4,82.5,26.5,11.0,L,normal,yoga,beginner,2,both,24,85,Adidas,performance,red,synthetic,"Miami, FL",tropical
U00696,38,female,159.3,65.2,25.7,8.0,L,high,running,beginner,4,outdoor,11,56,Adidas|Jordan,performance,blue,mesh,"San Francisco, CA",temperate
U00697,34,female,175.8,80.0,25.9,10.0,L,low,yoga,intermediate,4,indoor,31,159,Adidas,athleisure,white,nylon,"Las Vegas, NV",hot
U00698,34,female,155.2,66.0,27.4,7.5,L,normal,tennis,beginner,2,indoor,12,68,Nike,casual,multi,polyester,"Los Angeles, CA",hot
U00699,40,female,174.3,64.4,21.2,10.0,S,normal,running,beginner,4,both,20,84,Jordan,performance,blue,mesh,"Boston, MA",continental
U00700,19,male,191.3,97.3,26.6,13.0,XL,normal,training,beginner,2,indoor,10,60,Adidas|Jordan,athleisure,multi,cotton,"Orlando, FL",tropical
U00701,51,male,180.3,91.3,28.1,11.0,L,normal,training,intermediate,3,indoor,54,145,Nike|Jordan|Adidas,casual,grey,synthetic,"Orlando, FL",tropical
U00702,23,female,172.0,47.3,16.0,10.0,XS,high,running,beginner,3,outdoor,13,38,Adidas|Nike|Jordan,performance,red,mesh,"Orlando, FL",tropical
U00703,48,female,160.1,64.3,25.1,8.0,L,normal,training,beginner,5,both,11,35,Nike|Adidas,athleisure,white,synthetic,"Los Angeles, CA",hot
U00704,26,female,165.5,63.5,23.2,10.0,M,high,yoga,intermediate,3,indoor,71,159,Adidas|Nike|Jordan,performance,beige,leather,"San Francisco, CA",temperate
U00705,40,female,151.5,65.0,28.3,6.5,XL,normal,outdoor,beginner,2,outdoor,34,114,Nike|Jordan,performance,white,knit,"Minneapolis, MN",cold
U00706,52,female,167.2,69.6,24.9,9.0,L,normal,training,beginner,4,both,25,62,Jordan|Nike,performance,black,gore-tex,"Detroit, MI",continental
U00707,57,female,164.0,81.0,30.1,9.5,XL,normal,running,advanced,2,outdoor,39,190,Nike|Adidas,performance,red,knit,"Chicago, IL",continental
U00708,38,male,181.8,79.0,23.9,10.5,M,normal,outdoor,advanced,3,outdoor,19,83,Jordan|Nike|Adidas,casual,white,polyester,"Portland, OR",temperate
U00709,49,male,172.7,90.4,30.3,9.0,XL,low,running,intermediate,5,outdoor,20,81,Nike,performance,purple,rubber,"Las Vegas, NV",hot
U00710,18,female,161.1,57.6,22.2,8.0,M,normal,training,intermediate,2,indoor,40,89,Nike|Adidas,casual,black,mesh,"Dallas, TX",hot
U00711,62,male,172.7,81.7,27.4,9.5,L,normal,yoga,beginner,4,indoor,15,35,Adidas|Nike,athleisure,black,mesh,"Seattle, WA",temperate
U00712,42,female,166.9,65.5,23.5,9.0,M,normal,basketball,intermediate,4,indoor,16,55,Nike,performance,black,polyester,"Boston, MA",continental
U00713,30,female,167.7,68.1,24.2,9.0,M,normal,running,intermediate,4,outdoor,45,112,Adidas|Nike,performance,white,cotton,"Atlanta, GA",temperate
U00714,18,male,179.7,72.3,22.4,11.0,S,normal,training,intermediate,2,outdoor,15,67,Adidas|Nike,performance,orange,fleece,"Charlotte, NC",temperate
U00715,20,male,165.1,63.5,23.3,7.5,M,normal,football,beginner,4,both,15,46,Jordan|Adidas,casual,beige,synthetic,"Las Vegas, NV",hot
U00716,24,female,173.5,56.0,18.6,10.0,S,normal,yoga,beginner,2,both,10,45,Nike|Jordan,casual,brown,nylon,"Phoenix, AZ",hot
U00717,39,male,191.3,98.8,27.0,12.5,XL,normal,tennis,beginner,4,indoor,12,38,Nike,performance,beige,knit,"Orlando, FL",tropical
U00718,19,female,167.2,71.0,25.4,9.5,L,normal,training,intermediate,3,both,17,79,Nike|Adidas|Jordan,performance,white,synthetic,"Portland, OR",temperate
U00719,41,male,186.7,85.7,24.6,12.0,M,normal,yoga,beginner,3,indoor,21,65,Nike,athleisure,navy,fleece,"Los Angeles, CA",hot
U00720,25,male,185.3,84.5,24.6,12.0,M,low,training,advanced,2,both,36,129,Nike,performance,grey,mesh,"San Diego, CA",hot
U00721,24,female,172.9,47.8,16.0,9.5,XS,high,training,intermediate,3,both,22,70,Adidas|Nike,performance,pink,cotton,"Los Angeles, CA",hot
U00722,23,male,177.7,86.5,27.4,10.0,L,normal,training,beginner,4,outdoor,10,49,Jordan|Nike,athleisure,brown,synthetic,"Orlando, FL",tropical
U00723,41,female,168.0,53.6,19.0,9.0,S,normal,training,beginner,4,indoor,28,92,Jordan|Nike,athleisure,black,cotton,"Minneapolis, MN",cold
U00724,18,female,167.2,69.3,24.8,9.0,L,high,training,intermediate,3,indoor,20,83,Jordan|Adidas,performance,blue,mesh,"Portland, OR",temperate
U00725,24,male,173.6,79.3,26.3,10.0,L,normal,running,intermediate,3,outdoor,10,38,Jordan|Nike,athleisure,blue,cotton,"Charlotte, NC",temperate
U00726,22,male,169.3,81.7,28.5,8.5,XL,normal,running,intermediate,3,outdoor,16,52,Nike|Jordan,performance,brown,cotton,"Minneapolis, MN",cold
U00727,49,female,153.0,53.4,22.8,6.5,M,normal,running,beginner,2,indoor,18,96,Nike|Adidas|Jordan,athleisure,brown,cotton,"Phoenix, AZ",hot
U00728,45,female,170.3,46.4,16.0,9.5,XS,normal,training,beginner,5,both,14,49,Adidas,performance,purple,mesh,"Las Vegas, NV",hot
U00729,48,male,175.9,90.3,29.2,9.5,XL,high,running,beginner,4,outdoor,16,63,Nike|Adidas|Jordan,athleisure,green,synthetic,"Orlando, FL",tropical
U00730,31,female,155.9,76.1,31.3,7.5,XL,normal,swimming,beginner,3,both,46,146,Jordan|Nike|Adidas,retro,beige,synthetic,"Boston, MA",continental
U00731,36,male,166.6,77.2,27.8,8.5,L,low,training,beginner,3,both,25,85,Adidas|Jordan|Nike,performance,multi,cotton,"Los Angeles, CA",hot
U00732,34,male,180.7,92.1,28.2,10.5,L,low,outdoor,advanced,5,outdoor,13,67,Nike,performance,black,gore-tex,"Seattle, WA",temperate
U00733,22,female,159.4,60.7,23.9,8.0,M,high,tennis,advanced,5,outdoor,58,248,Nike|Jordan|Adidas,performance,beige,mesh,"San Francisco, CA",temperate
U00734,28,male,170.5,66.0,22.7,8.5,M,normal,basketball,beginner,2,indoor,22,69,Nike,casual,navy,gore-tex,"Minneapolis, MN",cold
U00735,42,female,155.9,66.4,27.3,7.5,L,normal,running,beginner,4,indoor,30,76,Nike,athleisure,white,fleece,"Denver, CO",cold
U00736,35,female,173.5,71.9,23.9,10.5,M,normal,yoga,advanced,4,indoor,31,187,Adidas,athleisure,navy,synthetic,"Houston, TX",tropical
U00737,26,male,179.1,86.3,26.9,10.5,L,high,training,intermediate,5,indoor,27,154,Nike|Adidas|Jordan,casual,blue,cotton,"Atlanta, GA",temperate
U00738,25,male,167.2,83.3,29.8,8.5,XL,normal,lifestyle,advanced,4,outdoor,62,160,Nike|Adidas|Jordan,casual,navy,knit,"Orlando, FL",tropical
U00739,30,female,172.0,55.6,18.8,9.5,S,normal,running,intermediate,3,outdoor,14,56,Adidas|Jordan,performance,grey,synthetic,"Dallas, TX",hot
U00740,25,female,154.6,63.8,26.7,7.0,L,high,training,beginner,3,indoor,17,74,Nike|Adidas,performance,red,fleece,"Miami, FL",tropical
U00741,36,male,176.0,65.0,21.0,9.5,S,normal,yoga,beginner,3,both,10,36,Adidas|Nike,casual,red,mesh,"Dallas, TX",hot
U00742,34,female,168.0,69.7,24.7,9.5,L,normal,tennis,beginner,2,outdoor,61,139,Adidas,retro,black,nylon,"Philadelphia, PA",temperate
U00743,18,male,177.1,83.1,26.5,10.5,L,low,outdoor,beginner,3,outdoor,14,46,Nike|Jordan,performance,green,cotton,"Phoenix, AZ",hot
U00744,37,female,169.2,77.6,27.1,9.0,L,normal,yoga,beginner,3,indoor,13,64,Adidas,athleisure,navy,cotton,"Philadelphia, PA",temperate
U00745,20,male,185.3,61.8,18.0,11.5,XS,low,football,advanced,4,outdoor,28,102,Nike|Adidas,retro,purple,synthetic,"Seattle, WA",temperate
U00746,35,female,172.0,60.9,20.6,9.5,S,normal,training,intermediate,5,indoor,28,121,Jordan,casual,red,knit,"Atlanta, GA",temperate
U00747,18,female,163.4,55.5,20.8,8.5,S,normal,basketball,advanced,4,indoor,33,164,Jordan,performance,multi,leather,"Atlanta, GA",temperate
U00748,57,female,173.5,62.3,20.7,10.0,S,high,training,advanced,3,indoor,45,102,Adidas|Nike,performance,green,synthetic,"Phoenix, AZ",hot
U00749,58,male,188.4,87.0,24.5,12.0,M,normal,basketball,intermediate,2,indoor,29,104,Jordan|Nike,performance,blue,synthetic,"Dallas, TX",hot
U00750,45,male,181.3,76.9,23.4,11.0,M,normal,football,beginner,3,both,24,67,Adidas|Nike,performance,white,cotton,"Detroit, MI",continental
U00751,18,female,161.6,72.6,27.8,8.5,XL,normal,training,intermediate,5,indoor,35,83,Nike|Jordan,performance,red,mesh,"Houston, TX",tropical
U00752,19,female,166.3,46.7,16.9,8.5,XS,high,yoga,advanced,3,indoor,21,99,Adidas,casual,blue,polyester,"San Diego, CA",hot
U00753,45,male,179.1,85.0,26.5,10.5,L,normal,football,advanced,2,outdoor,82,436,Jordan|Adidas,performance,grey,cotton,"Los Angeles, CA",hot
U00754,47,female,172.5,60.4,20.3,10.0,S,low,running,intermediate,2,outdoor,39,173,Nike,performance,yellow,nylon,"Dallas, TX",hot
U00755,33,female,168.0,62.1,22.0,8.5,M,low,tennis,advanced,4,outdoor,81,224,Nike|Adidas,performance,beige,synthetic,"Atlanta, GA",temperate
U00756,50,female,174.5,49.3,16.2,10.0,XS,high,tennis,intermediate,5,both,45,169,Nike,casual,blue,mesh,"Las Vegas, NV",hot
U00757,41,female,158.2,57.6,23.0,8.0,M,high,running,beginner,3,outdoor,22,74,Nike,performance,black,fleece,"Portland, OR",temperate
U00758,26,female,173.5,51.5,17.1,9.5,XS,normal,basketball,intermediate,5,outdoor,14,91,Nike|Adidas,performance,purple,gore-tex,"Seattle, WA",temperate
U00759,38,female,155.9,48.9,20.1,7.0,S,normal,training,intermediate,4,indoor,10,35,Adidas|Nike|Jordan,athleisure,black,cotton,"Detroit, MI",continental
U00760,34,male,187.8,68.1,19.3,12.0,XS,normal,swimming,intermediate,4,indoor,17,63,Jordan,athleisure,blue,synthetic,"Phoenix, AZ",hot
U00761,28,male,169.9,71.3,24.7,9.5,M,normal,running,intermediate,5,outdoor,51,261,Adidas|Nike|Jordan,performance,white,cotton,"Seattle, WA",temperate
U00762,48,male,173.6,91.6,30.4,9.5,XL,normal,running,intermediate,3,outdoor,66,171,Nike|Adidas,casual,grey,fleece,"Boston, MA",continental
U00763,35,female,170.4,76.9,26.5,10.0,L,low,training,beginner,3,outdoor,31,71,Jordan,athleisure,red,mesh,"San Diego, CA",hot
U00764,47,female,172.6,60.5,20.3,9.5,S,normal,yoga,intermediate,2,indoor,23,54,Nike|Adidas,performance,purple,mesh,"Atlanta, GA",temperate
U00765,54,female,160.6,58.8,22.8,8.0,M,normal,football,intermediate,5,outdoor,40,137,Adidas|Nike,performance,pink,fleece,"New York, NY",continental
U00766,27,male,167.2,66.0,23.6,8.0,M,high,training,beginner,2,indoor,14,58,Nike|Jordan,athleisure,grey,mesh,"Miami, FL",tropical
U00767,53,female,172.9,63.4,21.2,10.0,S,normal,yoga,beginner,2,indoor,26,87,Jordan,athleisure,green,polyester,"Orlando, FL",tropical
U00768,28,female,172.9,71.4,23.9,10.5,M,high,training,advanced,2,indoor,19,103,Jordan|Nike,performance,red,nylon,"Orlando, FL",tropical
U00769,20,male,171.3,79.2,27.0,9.0,L,normal,tennis,beginner,5,outdoor,19,43,Jordan|Nike,casual,blue,knit,"Boston, MA",continental
U00770,36,male,169.3,67.1,23.4,9.0,M,normal,skateboarding,intermediate,2,outdoor,53,152,Adidas|Nike,casual,white,gore-tex,"Detroit, MI",continental
U00771,49,male,176.5,81.0,26.0,9.5,L,high,training,intermediate,2,indoor,56,236,Jordan|Nike,performance,blue,fleece,"Houston, TX",tropical
U00772,54,male,173.6,73.8,24.5,9.5,M,normal,training,intermediate,4,both,30,80,Jordan,performance,green,polyester,"Minneapolis, MN",cold
U00773,22,female,152.6,69.9,30.0,7.0,XL,low,training,beginner,3,indoor,10,35,Jordan|Nike,athleisure,pink,cotton,"Charlotte, NC",temperate
U00774,61,male,173.6,67.8,22.5,10.0,M,normal,basketball,advanced,3,both,78,208,Nike|Adidas,performance,orange,knit,"San Diego, CA",hot
U00775,58,female,161.1,61.0,23.5,8.0,M,high,training,beginner,4,indoor,10,35,Nike,performance,multi,cotton,"Denver, CO",cold
U00776,31,female,165.5,61.4,22.4,9.0,M,normal,running,beginner,5,outdoor,16,39,Adidas|Jordan,performance,multi,mesh,"Seattle, WA",temperate
U00777,22,female,163.4,72.1,27.0,8.5,L,normal,training,beginner,4,outdoor,27,60,Jordan,athleisure,beige,synthetic,"Portland, OR",temperate
U00778,23,female,155.2,64.8,26.9,7.0,L,normal,running,beginner,3,outdoor,31,128,Nike|Adidas,performance,green,cotton,"Chicago, IL",continental
U00779,20,male,175.4,77.2,25.1,9.5,M,normal,lifestyle,beginner,4,both,12,37,Jordan,athleisure,multi,nylon,"Seattle, WA",temperate
U00780,36,female,164.8,66.5,24.5,9.0,L,normal,lifestyle,intermediate,2,outdoor,20,90,Nike|Adidas,casual,blue,knit,"Houston, TX",tropical
U00781,29,female,150.9,55.1,24.2,6.0,M,high,lifestyle,beginner,2,indoor,27,68,Adidas,casual,black,mesh,"Boston, MA",continental
U00782,27,female,155.9,60.5,24.9,7.5,L,normal,yoga,intermediate,3,indoor,26,86,Nike|Jordan|Adidas,athleisure,orange,mesh,"Boston, MA",continental
U00783,19,male,170.5,77.6,26.7,9.0,L,normal,running,intermediate,3,outdoor,18,41,Adidas|Jordan,performance,black,fleece,"Seattle, WA",temperate
U00784,18,female,156.5,70.0,28.6,8.0,XL,normal,training,intermediate,2,outdoor,50,121,Nike,athleisure,blue,leather,"New York, NY",continental
U00785,26,female,171.3,59.0,20.1,9.0,S,high,basketball,beginner,5,indoor,16,70,Nike,performance,brown,mesh,"Portland, OR",temperate
U00786,45,female,163.4,48.6,18.2,8.0,XS,normal,running,intermediate,3,outdoor,23,122,Nike|Adidas,performance,green,fleece,"Miami, FL",tropical
U00787,54,female,164.8,48.3,17.8,8.5,XS,normal,yoga,beginner,2,indoor,20,61,Nike,performance,white,mesh,"Los Angeles, CA",hot
U00788,49,male,173.6,81.4,27.0,9.5,L,normal,football,intermediate,3,outdoor,49,198,Adidas|Jordan,performance,white,cotton,"Minneapolis, MN",cold
U00789,38,male,174.2,66.8,22.0,9.0,S,low,tennis,intermediate,2,outdoor,19,85,Nike|Jordan,performance,navy,cotton,"Boston, MA",continental
U00790,23,female,143.8,72.4,35.0,5.5,XXL,low,training,advanced,4,indoor,27,86,Adidas|Nike,performance,green,nylon,"Orlando, FL",tropical
U00791,33,female,153.7,54.6,23.1,6.5,M,low,running,intermediate,2,outdoor,66,211,Nike,performance,green,synthetic,"Houston, TX",tropical
U00792,20,male,182.4,104.5,31.4,11.5,XL,low,football,beginner,4,indoor,11,35,Nike,performance,green,polyester,"San Diego, CA",hot
U00793,53,female,163.4,57.9,21.7,8.0,M,normal,training,advanced,4,indoor,37,155,Nike|Adidas,performance,black,mesh,"Detroit, MI",continental
U00794,20,male,185.9,76.7,22.2,12.0,S,normal,lifestyle,beginner,5,indoor,10,52,Adidas|Nike,casual,pink,synthetic,"Phoenix, AZ",hot
U00795,41,male,177.1,91.0,29.0,10.5,XL,normal,training,advanced,2,both,32,157,Nike|Adidas,performance,red,synthetic,"Houston, TX",tropical
U00796,45,female,163.4,71.6,26.8,9.0,L,normal,yoga,advanced,2,indoor,31,86,Adidas|Jordan,athleisure,grey,leather,"New York, NY",continental
U00797,35,female,158.9,78.5,31.1,8.0,XL,low,running,beginner,4,outdoor,12,40,Nike|Jordan,performance,multi,nylon,"Dallas, TX",hot
U00798,48,female,170.7,67.6,23.2,9.0,M,normal,training,beginner,3,indoor,28,97,Nike|Adidas,performance,blue,cotton,"Portland, OR",temperate
U00799,21,female,167.2,80.2,28.7,9.0,XL,high,training,advanced,2,indoor,107,242,Adidas|Nike,performance,black,cotton,"Seattle, WA",temperate
U00800,28,female,169.8,46.1,16.0,9.5,XS,normal,running,advanced,5,outdoor,59,138,Nike|Adidas|Jordan,performance,black,mesh,"Atlanta, GA",temperate
U00801,20,female,144.5,73.1,35.0,6.0,XXL,normal,training,advanced,4,both,16,92,Nike,performance,grey,polyester,"Miami, FL",tropical
U00802,44,male,180.7,81.3,24.9,11.0,M,normal,yoga,beginner,5,both,14,35,Nike,athleisure,red,synthetic,"Dallas, TX",hot
U00803,45,male,173.2,83.4,27.8,9.5,L,high,training,beginner,3,both,22,96,Nike,performance,multi,polyester,"Dallas, TX",hot
U00804,33,female,164.0,53.3,19.8,9.0,S,normal,skateboarding,intermediate,3,outdoor,59,160,Nike,casual,grey,polyester,"Detroit, MI",continental
U00805,31,female,172.0,55.6,18.8,10.0,S,low,running,intermediate,3,outdoor,10,35,Nike|Jordan,retro,navy,fleece,"Charlotte, NC",temperate
U00806,33,female,169.8,77.3,26.8,9.5,L,normal,skateboarding,intermediate,3,outdoor,10,38,Nike|Jordan,casual,yellow,synthetic,"New York, NY",continental
U00807,18,male,191.4,72.5,19.8,13.0,M,low,training,intermediate,2,indoor,39,91,Jordan|Nike,performance,pink,nylon,"Denver, CO",cold
U00808,23,male,184.7,91.4,26.8,11.5,L,normal,running,intermediate,3,outdoor,30,96,Nike|Jordan|Adidas,athleisure,beige,leather,"Philadelphia, PA",temperate
U00809,34,female,163.4,64.9,24.3,8.5,M,low,training,beginner,4,both,14,53,Adidas,performance,red,polyester,"Chicago, IL",continental
U00810,55,male,191.4,93.8,25.6,13.5,XL,normal,training,intermediate,3,indoor,43,104,Jordan,performance,beige,leather,"Houston, TX",tropical
U00811,25,female,162.2,73.9,28.1,9.0,XL,normal,training,intermediate,2,both,23,95,Adidas,casual,red,nylon,"Minneapolis, MN",cold
U00812,21,female,162.9,75.6,28.5,8.5,XL,normal,lifestyle,beginner,4,outdoor,10,54,Adidas|Jordan,casual,black,synthetic,"San Francisco, CA",temperate
U00813,45,female,160.6,57.3,22.2,8.0,M,normal,running,intermediate,3,outdoor,19,72,Nike,performance,grey,knit,"Dallas, TX",hot
U00814,47,male,180.7,80.3,24.6,11.0,M,low,running,beginner,4,both,24,65,Nike,performance,blue,rubber,"San Francisco, CA",temperate
U00815,21,male,176.5,90.7,29.1,10.0,XL,normal,training,advanced,4,indoor,36,102,Adidas,athleisure,orange,leather,"Detroit, MI",continental
U00816,34,male,173.2,81.6,27.2,9.5,L,normal,training,beginner,4,indoor,14,47,Adidas|Nike|Jordan,performance,white,nylon,"Orlando, FL",tropical
U00817,25,male,163.5,66.8,25.0,7.5,M,low,training,beginner,5,both,11,35,Nike,performance,blue,fleece,"Denver, CO",cold
U00818,28,female,160.1,67.9,26.5,8.5,L,normal,running,beginner,5,both,19,60,Nike,performance,white,cotton,"San Francisco, CA",temperate
U00819,45,female,144.8,50.5,24.1,5.5,M,normal,outdoor,advanced,2,outdoor,61,231,Nike|Adidas,casual,grey,leather,"Minneapolis, MN",cold
U00820,36,male,176.0,71.2,23.0,10.0,M,normal,running,advanced,4,outdoor,25,144,Nike,retro,white,mesh,"Portland, OR",temperate
U00821,23,male,175.4,80.6,26.2,10.0,L,normal,yoga,intermediate,3,indoor,15,74,Jordan|Adidas,athleisure,beige,knit,"New York, NY",continental
U00822,46,female,145.0,50.7,24.1,5.5,M,high,outdoor,advanced,2,outdoor,103,280,Nike|Adidas,performance,brown,nylon,"Boston, MA",continental
U00823,50,male,178.4,94.2,29.6,10.0,XL,normal,football,advanced,4,outdoor,100,254,Nike|Adidas,performance,green,leather,"New York, NY",continental
U00824,31,female,165.5,82.2,30.0,10.0,XL,low,yoga,beginner,3,indoor,36,135,Adidas|Nike,athleisure,black,knit,"Houston, TX",tropical
U00825,36,female,162.2,59.7,22.7,8.0,M,high,training,intermediate,4,both,67,271,Nike,athleisure,multi,mesh,"Detroit, MI",continental
U00826,18,female,167.7,45.8,16.3,9.5,XS,normal,outdoor,beginner,4,outdoor,18,55,Adidas|Nike|Jordan,retro,black,synthetic,"Portland, OR",temperate
U00827,52,female,165.5,53.1,19.4,8.5,S,high,yoga,beginner,3,indoor,10,40,Jordan|Nike,athleisure,black,cotton,"Portland, OR",temperate
U00828,38,male,176.5,86.3,27.7,10.0,L,low,yoga,intermediate,4,indoor,27,84,Adidas|Jordan|Nike,performance,black,polyester,"Atlanta, GA",temperate
U00829,20,male,176.0,90.8,29.3,10.0,XL,normal,running,intermediate,4,outdoor,32,110,Nike|Adidas,casual,white,fleece,"Houston, TX",tropical
U00830,22,female,159.4,72.4,28.5,8.0,XL,normal,lifestyle,beginner,3,indoor,28,98,Nike,retro,black,mesh,"Minneapolis, MN",cold
U00831,20,male,183.6,84.6,25.1,11.5,M,low,training,advanced,2,indoor,13,87,Nike|Adidas,performance,black,leather,"Boston, MA",continental
U00832,39,female,157.2,53.4,21.6,7.0,M,normal,lifestyle,beginner,4,indoor,31,72,Nike|Adidas|Jordan,retro,white,cotton,"Chicago, IL",continental
U00833,31,male,182.5,72.9,21.9,11.0,S,normal,football,advanced,4,outdoor,24,118,Nike|Adidas|Jordan,performance,brown,knit,"Chicago, IL",continental
U00834,18,female,168.5,77.5,27.3,10.0,L,normal,yoga,beginner,3,both,10,50,Jordan,athleisure,brown,knit,"New York, NY",continental
U00835,39,male,178.4,74.5,23.4,9.5,M,high,running,intermediate,5,both,26,98,Adidas|Jordan,performance,brown,polyester,"Dallas, TX",hot
U00836,38,female,162.9,65.3,24.6,8.0,L,normal,football,beginner,4,outdoor,29,76,Nike|Adidas|Jordan,performance,green,mesh,"Las Vegas, NV",hot
U00837,45,female,161.1,65.4,25.2,8.5,L,normal,training,intermediate,3,outdoor,94,247,Adidas,performance,red,nylon,"San Diego, CA",hot
U00838,21,female,165.5,70.9,25.9,9.0,L,normal,training,intermediate,3,both,32,105,Nike|Jordan,athleisure,navy,polyester,"Los Angeles, CA",hot
U00839,58,male,156.6,72.1,29.4,7.0,XL,low,yoga,beginner,3,indoor,14,44,Nike|Adidas|Jordan,retro,multi,leather,"Detroit, MI",continental
U00840,38,male,157.2,68.5,27.7,7.0,L,high,basketball,intermediate,3,indoor,23,82,Adidas|Nike,performance,white,leather,"Detroit, MI",continental
U00841,38,male,191.4,87.2,23.8,12.5,L,normal,football,beginner,2,outdoor,10,60,Nike,performance,green,knit,"Boston, MA",continental
U00842,56,male,187.0,106.0,30.3,12.0,XL,normal,training,intermediate,4,indoor,14,60,Nike,casual,black,mesh,"Denver, CO",cold
U00843,43,female,170.7,75.8,26.0,9.5,L,normal,lifestyle,beginner,2,both,18,69,Adidas|Nike,casual,black,polyester,"Portland, OR",temperate
U00844,18,male,172.4,64.8,21.8,9.0,S,normal,training,advanced,3,indoor,16,49,Nike|Jordan,performance,navy,polyester,"Denver, CO",cold
U00845,34,female,164.8,64.4,23.7,9.0,M,low,running,intermediate,5,outdoor,33,96,Nike|Adidas|Jordan,performance,purple,knit,"Orlando, FL",tropical
U00846,35,female,164.8,64.4,23.7,8.0,M,normal,training,intermediate,5,indoor,44,99,Nike|Adidas,performance,brown,synthetic,"Seattle, WA",temperate
U00847,18,female,166.3,47.0,17.0,8.5,XS,normal,training,beginner,4,both,11,35,Nike,performance,black,synthetic,"Houston, TX",tropical
U00848,27,male,170.5,68.9,23.7,8.0,M,normal,outdoor,advanced,3,outdoor,50,141,Adidas|Nike,casual,white,mesh,"Denver, CO",cold
U00849,38,female,169.8,66.0,22.9,10.0,M,low,yoga,advanced,3,indoor,116,264,Jordan,athleisure,purple,leather,"Orlando, FL",tropical
U00850,54,female,156.5,64.7,26.4,7.5,L,normal,training,intermediate,3,indoor,40,173,Nike,performance,navy,leather,"Portland, OR",temperate
U00851,19,male,172.4,64.8,21.8,9.0,S,normal,running,beginner,3,outdoor,12,43,Nike|Adidas,performance,black,fleece,"Houston, TX",tropical
U00852,59,male,165.7,93.6,34.1,7.5,XXL,normal,tennis,beginner,3,indoor,24,66,Nike|Jordan,performance,blue,mesh,"Miami, FL",tropical
U00853,18,female,150.9,59.9,26.3,6.5,L,normal,training,intermediate,2,indoor,15,46,Nike,casual,green,knit,"Miami, FL",tropical
U00854,18,male,180.3,84.8,26.1,11.0,L,normal,running,beginner,5,outdoor,20,47,Jordan|Nike,performance,green,synthetic,"Los Angeles, CA",hot
U00855,43,male,177.1,75.9,24.2,10.0,M,low,skateboarding,beginner,4,indoor,23,72,Adidas|Nike|Jordan,casual,purple,mesh,"Miami, FL",tropical
U00856,41,female,166.9,61.0,21.9,9.0,M,high,tennis,advanced,2,indoor,134,313,Nike|Adidas,casual,black,knit,"Houston, TX",tropical
U00857,24,female,167.2,78.8,28.2,9.0,XL,normal,running,intermediate,2,outdoor,28,142,Nike,performance,white,gore-tex,"Chicago, IL",continental
U00858,30,male,177.7,87.8,27.8,10.0,L,normal,skateboarding,beginner,2,outdoor,28,71,Adidas|Nike|Jordan,casual,white,fleece,"San Diego, CA",hot
U00859,50,male,175.4,78.8,25.6,9.5,L,high,yoga,intermediate,2,indoor,15,72,Jordan,athleisure,white,mesh,"Los Angeles, CA",hot
U00860,60,male,165.8,93.7,34.1,8.0,XXL,low,basketball,beginner,3,indoor,15,94,Nike,performance,grey,knit,"Detroit, MI",continental
U00861,35,female,158.9,78.5,31.1,8.5,XL,normal,lifestyle,beginner,4,indoor,10,56,Adidas,casual,grey,nylon,"Las Vegas, NV",hot
U00862,26,male,169.4,76.6,26.7,9.0,L,normal,training,beginner,4,indoor,25,78,Nike,retro,grey,leather,"Charlotte, NC",temperate
U00863,37,male,169.4,83.5,29.1,8.5,XL,low,yoga,beginner,5,indoor,15,62,Nike,casual,grey,synthetic,"Portland, OR",temperate
U00864,56,female,177.4,50.4,16.0,11.0,XS,normal,yoga,advanced,2,indoor,60,312,Adidas,retro,white,knit,"Chicago, IL",continental
U00865,54,female,161.1,61.0,23.5,8.0,M,normal,running,beginner,4,outdoor,17,50,Nike|Adidas,performance,multi,cotton,"Dallas, TX",hot
U00866,57,female,162.2,73.9,28.1,9.0,XL,low,running,intermediate,4,outdoor,38,127,Nike,athleisure,navy,mesh,"Atlanta, GA",temperate
U00867,39,female,169.8,66.0,22.9,10.5,M,normal,outdoor,advanced,3,outdoor,42,159,Jordan,performance,blue,cotton,"New York, NY",continental
U00868,24,female,177.5,52.9,16.8,10.5,XS,normal,training,intermediate,2,indoor,34,109,Nike|Adidas,athleisure,white,nylon,"Atlanta, GA",temperate
U00869,61,male,168.0,77.9,27.6,8.5,L,normal,yoga,intermediate,2,indoor,69,170,Adidas,retro,white,synthetic,"Dallas, TX",hot
U00870,36,female,151.5,53.9,23.5,7.0,M,low,training,beginner,3,indoor,13,35,Adidas|Nike,performance,green,fleece,"Chicago, IL",continental
U00871,50,female,152.6,77.1,33.1,7.0,XXL,normal,training,beginner,3,indoor,19,63,Nike,performance,grey,cotton,"Seattle, WA",temperate
U00872,25,female,165.5,63.0,23.0,8.5,M,normal,training,intermediate,4,indoor,29,72,Adidas|Nike,performance,white,leather,"Chicago, IL",continental
U00873,32,male,182.5,86.6,26.0,11.0,L,normal,running,advanced,3,outdoor,81,199,Nike|Adidas|Jordan,performance,black,gore-tex,"San Diego, CA",hot
U00874,20,female,151.0,61.3,26.9,6.5,L,normal,training,advanced,5,both,48,181,Nike,performance,multi,rubber,"Detroit, MI",continental
U00875,53,male,170.6,66.1,22.7,8.5,M,high,training,advanced,4,indoor,26,135,Jordan|Nike,performance,grey,leather,"Phoenix, AZ",hot
U00876,22,female,175.8,59.6,19.3,10.5,S,low,training,intermediate,3,indoor,13,69,Nike|Jordan,athleisure,black,rubber,"Phoenix, AZ",hot
U00877,19,male,178.4,93.6,29.4,10.5,XL,normal,tennis,intermediate,4,outdoor,32,94,Adidas|Nike,performance,green,rubber,"Houston, TX",tropical
U00878,47,male,179.7,94.3,29.2,10.0,XL,high,training,intermediate,4,indoor,27,62,Adidas,retro,brown,leather,"Portland, OR",temperate
U00879,20,female,169.9,68.4,23.7,9.5,M,normal,training,beginner,3,both,10,61,Adidas,performance,green,synthetic,"Phoenix, AZ",hot
U00880,54,male,165.2,87.6,32.1,8.5,XL,high,lifestyle,advanced,2,outdoor,35,117,Adidas|Nike,retro,grey,mesh,"Orlando, FL",tropical
U00881,24,female,161.1,69.8,26.9,8.5,L,normal,running,intermediate,2,outdoor,24,117,Nike|Adidas,performance,green,mesh,"Portland, OR",temperate
U00882,46,female,164.0,67.2,25.0,8.5,L,normal,tennis,intermediate,2,outdoor,19,60,Nike|Jordan,performance,white,mesh,"Charlotte, NC",temperate
U00883,36,male,157.4,60.7,24.5,7.0,M,low,running,intermediate,2,outdoor,34,83,Nike,performance,blue,knit,"San Francisco, CA",temperate
U00884,54,female,153.7,64.3,27.2,7.5,L,normal,lifestyle,intermediate,4,outdoor,30,77,Nike,athleisure,black,nylon,"Portland, OR",temperate
U00885,18,male,172.7,64.7,21.7,9.0,S,normal,lifestyle,beginner,2,outdoor,21,47,Nike,casual,white,leather,"San Diego, CA",hot
U00886,23,female,167.7,46.1,16.4,9.0,XS,normal,football,intermediate,3,outdoor,45,153,Jordan|Adidas,performance,blue,polyester,"New York, NY",continental
U00887,55,male,181.8,77.3,23.4,11.0,M,normal,tennis,intermediate,5,outdoor,52,150,Adidas|Nike,casual,black,gore-tex,"Los Angeles, CA",hot
U00888,23,male,191.5,58.7,16.0,13.5,S,high,running,beginner,3,outdoor,18,44,Adidas,performance,green,cotton,"Charlotte, NC",temperate
U00889,18,male,176.5,63.6,20.4,9.5,S,normal,running,beginner,2,outdoor,16,44,Adidas|Nike,performance,grey,fleece,"Phoenix, AZ",hot
U00890,39,female,169.2,77.6,27.1,10.0,L,normal,yoga,beginner,3,both,41,94,Nike|Adidas,athleisure,blue,synthetic,"Portland, OR",temperate
U00891,18,male,165.2,87.1,31.9,8.5,XL,normal,yoga,intermediate,3,indoor,12,53,Adidas|Nike|Jordan,athleisure,blue,knit,"San Francisco, CA",temperate
U00892,31,female,151.9,60.5,26.2,7.0,L,high,yoga,intermediate,2,indoor,20,106,Jordan|Nike|Adidas,athleisure,pink,polyester,"Los Angeles, CA",hot
U00893,41,female,166.9,65.5,23.5,8.5,M,high,outdoor,intermediate,4,both,16,81,Nike|Adidas,performance,red,cotton,"Philadelphia, PA",temperate
U00894,18,male,172.4,64.8,21.8,9.0,S,normal,swimming,beginner,3,indoor,20,50,Jordan|Nike|Adidas,casual,pink,polyester,"Phoenix, AZ",hot
U00895,34,male,176.0,63.8,20.6,9.5,S,high,lifestyle,intermediate,4,outdoor,24,147,Adidas|Nike,retro,white,leather,"Philadelphia, PA",temperate
U00896,40,male,178.4,89.4,28.1,10.0,L,normal,training,beginner,3,indoor,19,49,Adidas,retro,red,synthetic,"Houston, TX",tropical
U00897,24,female,170.7,50.7,17.4,9.0,XS,normal,training,intermediate,5,indoor,38,130,Adidas|Nike|Jordan,performance,blue,synthetic,"Philadelphia, PA",temperate
U00898,34,male,191.5,77.0,21.0,13.0,M,normal,training,advanced,4,outdoor,149,416,Nike,performance,black,nylon,"San Francisco, CA",temperate
U00899,18,male,184.2,82.8,24.4,11.0,M,normal,training,beginner,5,indoor,26,69,Nike,performance,black,gore-tex,"Atlanta, GA",temperate
U00900,43,female,161.2,70.7,27.2,8.5,L,normal,lifestyle,beginner,5,indoor,17,63,Jordan,retro,navy,mesh,"New York, NY",continental
U00901,51,female,158.3,73.4,29.3,8.0,XL,normal,training,intermediate,4,indoor,33,171,Adidas|Nike,performance,navy,polyester,"Boston, MA",continental
U00902,18,female,166.3,60.0,21.7,9.0,M,normal,running,intermediate,4,outdoor,18,54,Nike|Adidas,performance,green,knit,"Phoenix, AZ",hot
U00903,45,female,160.6,60.4,23.4,8.0,M,normal,training,intermediate,3,indoor,87,199,Nike|Jordan,athleisure,green,polyester,"Las Vegas, NV",hot
U00904,46,male,177.1,99.1,31.6,10.5,XL,normal,swimming,beginner,3,indoor,10,47,Nike,performance,blue,knit,"Portland, OR",temperate
U00905,47,female,170.7,67.6,23.2,10.0,M,low,outdoor,beginner,3,outdoor,35,162,Nike,performance,grey,synthetic,"Chicago, IL",continental
U00906,31,female,151.9,60.5,26.2,6.5,L,normal,yoga,intermediate,2,indoor,32,78,Nike,casual,grey,synthetic,"Los Angeles, CA",hot
U00907,45,male,177.1,63.7,20.3,9.5,S,normal,running,advanced,2,outdoor,37,218,Nike,performance,multi,fleece,"Dallas, TX",hot
U00908,37,female,155.9,63.9,26.3,7.5,L,normal,running,intermediate,5,both,10,55,Nike,performance,pink,leather,"Detroit, MI",continental
U00909,27,female,161.2,62.4,24.0,8.0,M,normal,training,intermediate,4,both,40,96,Adidas,athleisure,grey,nylon,"Philadelphia, PA",temperate
U00910,50,female,155.9,61.5,25.3,7.5,L,normal,lifestyle,intermediate,3,outdoor,25,67,Adidas|Nike|Jordan,casual,pink,mesh,"New York, NY",continental
U00911,18,male,179.1,74.1,23.1,10.5,M,normal,yoga,intermediate,3,both,11,47,Jordan|Nike,performance,navy,knit,"Charlotte, NC",temperate
U00912,18,male,173.2,73.5,24.5,9.5,M,high,training,beginner,2,indoor,39,88,Nike,athleisure,navy,knit,"Philadelphia, PA",temperate
U00913,33,male,169.4,67.1,23.4,8.0,M,high,training,intermediate,2,both,23,63,Adidas,performance,beige,knit,"Las Vegas, NV",hot
U00914,18,male,172.4,64.8,21.8,8.5,S,normal,running,beginner,3,outdoor,10,39,Nike|Adidas|Jordan,performance,navy,cotton,"San Diego, CA",hot
U00915,38,male,175.4,73.8,24.0,9.5,M,low,training,intermediate,4,both,21,73,Adidas|Jordan,athleisure,brown,synthetic,"Los Angeles, CA",hot
U00916,42,female,170.8,67.7,23.2,9.5,M,low,yoga,beginner,3,indoor,43,105,Adidas|Nike,athleisure,blue,synthetic,"Phoenix, AZ",hot
U00917,44,female,154.6,62.4,26.1,7.0,L,normal,swimming,beginner,3,indoor,35,100,Nike|Adidas|Jordan,performance,green,rubber,"Chicago, IL",continental
U00918,18,male,185.3,79.3,23.1,11.5,M,normal,outdoor,intermediate,3,outdoor,48,147,Adidas,performance,blue,fleece,"Philadelphia, PA",temperate
U00919,47,male,191.5,86.9,23.7,12.5,L,high,training,advanced,5,outdoor,33,119,Adidas,performance,navy,synthetic,"Los Angeles, CA",hot
U00920,54,female,171.3,89.2,30.4,11.0,XL,high,lifestyle,beginner,3,both,26,115,Jordan,athleisure,grey,polyester,"Portland, OR",temperate
U00921,34,female,168.8,68.7,24.1,9.5,M,normal,basketball,intermediate,4,outdoor,25,75,Nike|Jordan,casual,red,mesh,"San Diego, CA",hot
U00922,37,male,181.8,79.0,23.9,11.5,M,normal,swimming,advanced,3,outdoor,24,120,Jordan|Nike|Adidas,performance,black,leather,"Phoenix, AZ",hot
U00923,60,male,168.0,77.9,27.6,8.5,L,high,lifestyle,intermediate,2,both,25,64,Nike,casual,pink,gore-tex,"Charlotte, NC",temperate
U00924,31,female,154.6,66.9,28.0,7.5,XL,normal,lifestyle,beginner,4,indoor,10,49,Nike|Adidas|Jordan,casual,blue,rubber,"Portland, OR",temperate
U00925,55,male,172.1,64.9,21.9,9.0,S,high,yoga,intermediate,3,indoor,19,101,Nike|Jordan,athleisure,pink,fleece,"Dallas, TX",hot
U00926,53,male,187.8,75.8,21.5,11.5,S,high,running,intermediate,3,outdoor,13,74,Adidas|Nike,casual,black,cotton,"Las Vegas, NV",hot
U00927,18,female,168.8,78.9,27.7,9.5,XL,high,yoga,beginner,5,both,23,59,Jordan|Nike,casual,white,fleece,"Detroit, MI",continental
U00928,21,male,191.5,82.5,22.5,12.5,L,normal,training,advanced,3,indoor,13,45,Jordan|Nike,performance,navy,mesh,"Atlanta, GA",temperate
U00929,38,male,176.5,77.3,24.8,9.5,M,normal,lifestyle,intermediate,4,indoor,31,116,Nike|Adidas,casual,blue,synthetic,"Orlando, FL",tropical
U00930,18,female,168.1,70.1,24.8,9.0,L,normal,running,advanced,4,outdoor,26,86,Adidas|Jordan,performance,black,cotton,"Denver, CO",cold
U00931,19,male,174.2,96.8,31.9,10.0,XL,high,training,intermediate,5,outdoor,21,65,Nike|Adidas,performance,black,cotton,"Seattle, WA",temperate
U00932,42,male,175.4,84.6,27.5,9.5,L,normal,football,beginner,5,outdoor,21,50,Adidas,performance,grey,knit,"Houston, TX",tropical
U00933,51,male,174.2,79.8,26.3,9.0,L,normal,running,beginner,3,outdoor,25,97,Nike|Adidas,athleisure,grey,cotton,"Las Vegas, NV",hot
U00934,35,male,178.4,86.9,27.3,10.0,L,normal,basketball,intermediate,4,indoor,27,130,Nike|Adidas,casual,grey,leather,"Minneapolis, MN",cold
U00935,19,male,169.9,71.3,24.7,8.5,M,normal,tennis,intermediate,4,both,33,80,Jordan|Adidas|Nike,performance,beige,polyester,"Chicago, IL",continental
U00936,19,female,163.4,55.3,20.7,8.0,S,low,training,intermediate,2,indoor,19,64,Adidas,athleisure,black,synthetic,"San Diego, CA",hot
U00937,49,female,158.3,61.4,24.5,7.5,L,high,training,advanced,3,indoor,74,229,Adidas,casual,pink,cotton,"Dallas, TX",hot
U00938,26,male,180.8,98.7,30.2,11.5,XL,normal,training,beginner,2,indoor,27,138,Jordan,athleisure,black,gore-tex,"Orlando, FL",tropical
U00939,25,male,174.2,64.0,21.1,9.5,S,normal,running,advanced,3,outdoor,67,163,Adidas|Nike,athleisure,black,rubber,"Seattle, WA",temperate
U00940,47,male,182.5,80.9,24.3,10.5,M,normal,running,advanced,3,outdoor,36,84,Jordan|Adidas,performance,red,fleece,"Orlando, FL",tropical
U00941,18,female,165.5,48.2,17.6,8.5,XS,normal,training,intermediate,3,indoor,18,64,Nike,retro,yellow,synthetic,"Houston, TX",tropical
U00942,46,male,174.7,84.5,27.7,9.5,L,normal,outdoor,beginner,4,outdoor,13,82,Adidas|Nike,performance,white,synthetic,"Portland, OR",temperate
U00943,52,female,174.5,65.2,21.4,10.5,S,high,running,beginner,3,both,10,54,Adidas|Nike,performance,navy,synthetic,"Houston, TX",tropical
U00944,18,male,177.1,72.5,23.1,10.5,M,high,training,intermediate,2,both,14,60,Adidas|Nike,performance,red,polyester,"Miami, FL",tropical
U00945,37,female,151.5,65.0,28.3,7.0,XL,normal,training,beginner,2,both,13,44,Adidas,performance,red,polyester,"Orlando, FL",tropical
U00946,26,female,162.2,48.9,18.6,8.5,S,high,training,intermediate,3,outdoor,31,109,Nike|Adidas,performance,navy,knit,"San Francisco, CA",temperate
U00947,47,female,153.0,58.8,25.1,7.5,L,normal,training,beginner,4,outdoor,11,35,Nike,performance,brown,synthetic,"Los Angeles, CA",hot
U00948,18,male,180.3,89.1,27.4,10.5,L,normal,running,advanced,3,outdoor,30,133,Adidas,performance,black,polyester,"Phoenix, AZ",hot
U00949,30,female,158.3,63.4,25.3,8.0,L,normal,training,beginner,5,indoor,14,67,Nike|Jordan,performance,green,mesh,"Detroit, MI",continental
U00950,36,female,159.4,90.5,35.6,8.5,XXL,normal,training,beginner,5,both,24,54,Adidas,athleisure,multi,mesh,"Los Angeles, CA",hot
U00951,18,female,170.8,69.1,23.7,10.0,M,normal,basketball,advanced,4,both,20,87,Adidas,performance,grey,fleece,"San Diego, CA",hot
U00952,45,female,165.5,48.2,17.6,9.0,XS,normal,running,intermediate,4,outdoor,70,161,Nike,athleisure,green,gore-tex,"San Diego, CA",hot
U00953,30,female,177.6,69.4,22.0,10.0,M,normal,running,intermediate,4,both,19,60,Jordan|Nike,performance,red,mesh,"Denver, CO",cold
U00954,57,female,151.5,67.5,29.4,6.5,XL,normal,running,intermediate,3,outdoor,16,93,Nike|Adidas,athleisure,white,nylon,"Boston, MA",continental
U00955,23,male,173.7,79.4,26.3,9.0,L,normal,outdoor,intermediate,3,outdoor,38,117,Nike|Jordan,performance,grey,fleece,"Los Angeles, CA",hot
U00956,34,male,173.2,75.0,25.0,8.5,M,normal,training,intermediate,2,indoor,50,112,Nike,athleisure,purple,mesh,"Miami, FL",tropical
U00957,18,female,169.9,71.6,24.8,10.0,L,high,training,beginner,2,indoor,36,89,Adidas,performance,blue,mesh,"Dallas, TX",hot
U00958,21,male,177.1,83.1,26.5,11.0,L,low,running,beginner,3,outdoor,10,35,Nike|Jordan|Adidas,athleisure,white,synthetic,"Denver, CO",cold
U00959,38,female,160.1,72.3,28.2,8.0,XL,normal,yoga,beginner,4,both,10,47,Nike,athleisure,multi,polyester,"Phoenix, AZ",hot
U00960,41,male,177.1,63.7,20.3,10.0,S,normal,lifestyle,advanced,2,indoor,39,136,Nike|Adidas,casual,white,synthetic,"Philadelphia, PA",temperate
U00961,46,male,178.4,103.4,32.5,11.0,XXL,low,swimming,beginner,5,both,47,259,Adidas,performance,black,fleece,"Phoenix, AZ",hot
U00962,46,male,181.3,86.1,26.2,11.0,L,normal,lifestyle,intermediate,3,outdoor,31,130,Nike|Adidas,retro,black,mesh,"Seattle, WA",temperate
U00963,52,male,180.3,67.3,20.7,10.5,S,high,training,beginner,2,indoor,37,87,Nike|Jordan,athleisure,multi,knit,"San Diego, CA",hot
U00964,18,male,169.5,88.2,30.7,9.0,XL,low,yoga,intermediate,5,indoor,39,113,Nike|Adidas,athleisure,white,polyester,"Boston, MA",continental
U00965,29,female,170.4,77.2,26.6,10.0,L,normal,swimming,beginner,3,indoor,26,67,Nike|Jordan,performance,purple,synthetic,"Portland, OR",temperate
U00966,38,female,163.4,48.6,18.2,9.0,XS,low,lifestyle,intermediate,3,outdoor,51,163,Adidas,casual,purple,synthetic,"New York, NY",continental
U00967,37,female,157.2,52.4,21.2,7.5,S,low,yoga,advanced,4,indoor,15,75,Adidas,athleisure,black,fleece,"Houston, TX",tropical
U00968,18,female,168.8,56.7,19.9,9.5,S,normal,basketball,intermediate,3,outdoor,19,97,Nike|Adidas,casual,green,mesh,"Seattle, WA",temperate
U00969,18,male,165.2,63.6,23.3,7.5,M,high,skateboarding,beginner,4,outdoor,24,64,Jordan|Nike,casual,navy,synthetic,"Charlotte, NC",temperate
U00970,18,male,172.4,64.8,21.8,8.5,S,normal,training,advanced,3,both,58,208,Nike|Jordan,performance,red,nylon,"San Francisco, CA",temperate
U00971,25,female,176.3,73.7,23.7,11.0,M,normal,running,beginner,4,outdoor,12,40,Nike|Adidas,athleisure,grey,nylon,"Boston, MA",continental
U00972,40,male,176.5,77.3,24.8,9.5,M,normal,yoga,intermediate,4,indoor,14,67,Nike|Adidas|Jordan,athleisure,black,leather,"Atlanta, GA",temperate
U00973,21,female,145.3,51.7,24.5,5.5,L,normal,yoga,beginner,3,indoor,10,35,Adidas,athleisure,black,synthetic,"San Francisco, CA",temperate
U00974,20,male,177.1,72.5,23.1,10.0,M,normal,running,intermediate,2,outdoor,20,107,Adidas,athleisure,black,mesh,"Seattle, WA",temperate
U00975,19,female,166.3,47.0,17.0,8.5,XS,normal,training,advanced,3,both,36,170,Nike,performance,white,knit,"Las Vegas, NV",hot
U00976,39,female,164.8,62.5,23.0,8.5,M,normal,running,beginner,5,outdoor,18,44,Nike|Adidas,casual,red,mesh,"Miami, FL",tropical
U00977,20,male,191.6,97.7,26.6,13.5,XL,normal,training,beginner,2,both,43,119,Adidas,performance,white,cotton,"Dallas, TX",hot
U00978,36,male,181.8,79.0,23.9,11.0,M,normal,running,advanced,3,indoor,75,186,Jordan,casual,grey,rubber,"Phoenix, AZ",hot
U00979,38,female,167.2,50.0,17.9,8.5,XS,high,training,intermediate,2,outdoor,46,111,Jordan,performance,navy,mesh,"Charlotte, NC",temperate
U00980,27,female,155.9,73.6,30.3,8.0,XL,normal,training,intermediate,4,indoor,31,96,Nike,performance,red,gore-tex,"San Francisco, CA",temperate
U00981,31,female,162.9,73.0,27.5,8.5,XL,normal,basketball,intermediate,4,indoor,37,155,Nike,casual,purple,synthetic,"San Francisco, CA",temperate
U00982,22,male,177.7,88.7,28.1,9.5,L,normal,lifestyle,intermediate,2,outdoor,30,101,Nike,retro,grey,mesh,"New York, NY",continental
U00983,63,female,159.4,66.8,26.3,8.5,L,normal,outdoor,beginner,3,outdoor,18,118,Nike,casual,pink,mesh,"Los Angeles, CA",hot
U00984,35,male,176.0,69.1,22.3,9.5,S,normal,lifestyle,advanced,2,outdoor,39,99,Adidas|Nike,athleisure,grey,synthetic,"Orlando, FL",tropical
U00985,19,male,181.3,95.0,28.9,11.0,XL,normal,training,intermediate,4,indoor,18,45,Jordan,retro,pink,knit,"Detroit, MI",continental
U00986,32,female,158.9,49.7,19.7,7.5,S,high,running,intermediate,3,outdoor,23,77,Adidas,performance,beige,polyester,"Phoenix, AZ",hot
U00987,42,female,161.2,70.7,27.2,8.5,L,normal,training,beginner,5,indoor,22,82,Jordan,casual,white,knit,"Miami, FL",tropical
U00988,52,male,180.8,71.6,21.9,10.5,S,normal,training,advanced,5,indoor,28,138,Adidas|Nike,casual,blue,polyester,"Minneapolis, MN",cold
U00989,19,male,180.8,91.2,27.9,10.0,L,normal,skateboarding,beginner,3,indoor,16,91,Nike|Adidas,casual,white,knit,"New York, NY",continental
U00990,28,female,164.0,60.5,22.5,9.0,M,high,swimming,advanced,4,indoor,35,140,Nike,performance,blue,cotton,"Detroit, MI",continental
U00991,47,female,164.8,55.9,20.6,8.5,S,low,training,advanced,4,indoor,112,260,Jordan,performance,blue,cotton,"New York, NY",continental
U00992,46,female,167.2,62.1,22.2,9.5,M,high,basketball,beginner,3,both,10,46,Nike,casual,orange,fleece,"Dallas, TX",hot
U00993,33,male,187.8,75.5,21.4,12.0,S,normal,training,advanced,4,indoor,118,271,Adidas|Nike|Jordan,athleisure,green,cotton,"Denver, CO",cold
U00994,43,male,177.2,91.1,29.0,10.5,XL,low,training,advanced,2,indoor,90,293,Nike|Jordan|Adidas,casual,grey,synthetic,"Miami, FL",tropical
U00995,45,male,174.2,72.8,24.0,9.0,M,high,running,beginner,4,outdoor,14,51,Nike|Jordan,performance,black,nylon,"Houston, TX",tropical
U00996,26,male,163.5,73.5,27.5,7.5,L,normal,training,intermediate,4,both,24,129,Adidas|Nike|Jordan,performance,white,nylon,"Dallas, TX",hot
U00997,18,female,156.5,64.7,26.4,7.5,L,normal,yoga,beginner,3,indoor,10,60,Adidas,athleisure,blue,nylon,"Detroit, MI",continental
U00998,53,female,160.6,58.8,22.8,8.0,M,normal,training,intermediate,5,indoor,41,130,Nike|Adidas,performance,multi,knit,"Minneapolis, MN",cold
U00999,30,female,166.9,51.0,18.3,9.5,XS,high,basketball,beginner,3,indoor,37,111,Nike|Adidas,athleisure,red,polyester,"Denver, CO",cold
U01000,54,female,156.5,76.7,31.3,8.0,XL,normal,training,intermediate,4,indoor,44,158,Nike,performance,white,cotton,"Boston, MA",continental
U01001,45,female,161.2,65.5,25.2,7.5,L,normal,basketball,intermediate,3,outdoor,31,130,Adidas|Nike,retro,multi,fleece,"Denver, CO",cold
U01002,61,male,191.6,58.7,16.0,12.5,S,high,training,beginner,2,indoor,11,70,Nike|Jordan,athleisure,yellow,cotton,"Portland, OR",temperate
U01003,43,female,145.5,76.2,36.0,6.5,XXL,low,running,beginner,2,outdoor,10,38,Adidas|Nike|Jordan,performance,blue,knit,"Los Angeles, CA",hot
U01004,24,female,160.6,78.4,30.4,8.5,XL,normal,yoga,intermediate,3,indoor,31,85,Nike,athleisure,pink,leather,"Los Angeles, CA",hot
U01005,34,female,155.9,49.1,20.2,7.0,S,high,football,intermediate,4,outdoor,22,66,Adidas,performance,black,synthetic,"Miami, FL",tropical
U01006,27,male,190.5,83.1,22.9,13.0,L,normal,swimming,intermediate,4,indoor,21,104,Nike,performance,multi,cotton,"Los Angeles, CA",hot
U01007,41,female,164.9,66.6,24.5,8.5,L,normal,football,intermediate,2,outdoor,65,168,Nike,performance,black,synthetic,"Houston, TX",tropical
U01008,20,male,183.6,63.7,18.9,10.5,XS,high,training,beginner,3,indoor,10,53,Jordan,performance,purple,fleece,"San Diego, CA",hot
U01009,40,female,166.9,71.9,25.8,9.0,L,normal,football,intermediate,3,outdoor,14,37,Nike,performance,blue,fleece,"Minneapolis, MN",cold
U01010,47,male,180.3,91.3,28.1,11.0,L,high,lifestyle,intermediate,3,outdoor,21,68,Adidas,athleisure,green,polyester,"Dallas, TX",hot
U01011,38,female,152.6,67.3,28.9,7.0,XL,low,training,intermediate,5,outdoor,49,134,Nike|Jordan,retro,white,synthetic,"Charlotte, NC",temperate
U01012,24,female,172.6,56.6,19.0,9.5,S,normal,tennis,beginner,2,outdoor,10,43,Nike|Jordan,performance,blue,polyester,"San Diego, CA",hot
U01013,18,male,183.6,84.6,25.1,11.5,M,normal,running,advanced,2,outdoor,70,188,Nike,performance,navy,fleece,"San Diego, CA",hot
U01014,61,female,173.5,62.3,20.7,10.5,S,normal,tennis,advanced,3,outdoor,30,81,Adidas,athleisure,grey,cotton,"Minneapolis, MN",cold
U01015,45,female,168.5,65.9,23.2,9.5,M,normal,training,intermediate,4,indoor,25,123,Adidas|Nike,performance,blue,cotton,"Houston, TX",tropical
U01016,33,male,173.3,81.7,27.2,9.5,L,normal,training,beginner,4,outdoor,15,78,Adidas,performance,multi,knit,"New York, NY",continental
U01017,28,female,161.2,66.3,25.5,7.5,L,normal,lifestyle,intermediate,2,indoor,55,146,Nike,athleisure,blue,leather,"Dallas, TX",hot
U01018,51,female,157.6,53.2,21.4,7.5,S,normal,training,intermediate,4,indoor,22,80,Nike|Jordan,performance,black,polyester,"San Francisco, CA",temperate
U01019,56,female,169.9,65.2,22.6,10.0,M,normal,running,intermediate,4,both,41,119,Nike,performance,blue,nylon,"Atlanta, GA",temperate
U01020,26,female,165.9,58.6,21.3,9.5,S,normal,running,intermediate,5,outdoor,30,198,Adidas,athleisure,brown,polyester,"Chicago, IL",continental
U01021,32,female,163.5,76.5,28.6,9.0,XL,normal,football,advanced,5,both,13,64,Adidas|Nike|Jordan,performance,white,leather,"San Francisco, CA",temperate
U01022,27,female,162.2,88.7,33.7,9.0,XXL,low,training,advanced,3,indoor,63,169,Nike|Adidas,performance,white,polyester,"Portland, OR",temperate
U01023,49,male,187.0,76.2,21.8,11.0,S,high,basketball,advanced,3,indoor,16,77,Nike|Adidas|Jordan,retro,white,synthetic,"Miami, FL",tropical
U01024,20,male,188.5,78.2,22.0,12.0,S,normal,training,intermediate,4,both,10,60,Adidas|Jordan,casual,grey,leather,"Minneapolis, MN",cold
U01025,46,male,178.4,64.0,20.1,10.0,S,high,outdoor,intermediate,4,outdoor,15,76,Adidas,casual,blue,leather,"Portland, OR",temperate
U01026,36,female,159.4,65.0,25.6,8.5,L,high,skateboarding,advanced,3,outdoor,64,160,Nike|Adidas,casual,white,polyester,"San Francisco, CA",temperate
U01027,38,female,169.9,55.7,19.3,10.0,S,normal,running,intermediate,4,outdoor,31,123,Adidas|Nike|Jordan,athleisure,black,fleece,"San Diego, CA",hot
U01028,22,female,171.4,74.0,25.2,9.5,L,high,training,advanced,3,both,61,198,Nike|Adidas|Jordan,athleisure,white,leather,"Minneapolis, MN",cold
U01029,51,female,167.3,69.7,24.9,9.0,L,normal,running,beginner,4,outdoor,24,73,Nike|Jordan,performance,grey,knit,"Portland, OR",temperate
U01030,25,male,167.2,83.3,29.8,8.5,XL,normal,lifestyle,advanced,4,both,57,219,Adidas,casual,blue,cotton,"Denver, CO",cold
U01031,42,female,165.9,65.5,23.8,9.5,M,high,yoga,intermediate,4,indoor,12,67,Nike|Adidas,athleisure,red,fleece,"Chicago, IL",continental
U01032,39,female,156.0,64.0,26.3,7.0,L,normal,training,intermediate,5,indoor,37,164,Nike,performance,green,mesh,"Chicago, IL",continental
U01033,29,male,179.1,86.3,26.9,10.0,L,normal,training,intermediate,5,indoor,10,35,Nike,performance,yellow,synthetic,"Minneapolis, MN",cold
U01034,18,female,164.0,57.6,21.4,8.5,S,normal,training,beginner,3,indoor,43,101,Adidas,athleisure,white,mesh,"San Diego, CA",hot
U01035,32,female,165.9,64.4,23.4,8.0,M,normal,running,advanced,3,both,108,291,Nike,athleisure,red,cotton,"Dallas, TX",hot
U01036,51,female,177.6,71.3,22.6,11.0,M,high,lifestyle,intermediate,3,outdoor,57,144,Adidas,casual,black,knit,"Las Vegas, NV",hot
U01037,48,male,171.3,73.4,25.0,9.0,M,normal,running,beginner,2,outdoor,65,166,Nike|Adidas|Jordan,performance,red,leather,"New York, NY",continental
U01038,62,male,157.7,73.1,29.4,7.0,XL,normal,yoga,beginner,3,indoor,10,35,Nike|Adidas,athleisure,beige,leather,"Los Angeles, CA",hot
U01039,49,female,160.6,81.0,31.4,8.5,XL,normal,outdoor,intermediate,2,outdoor,55,146,Jordan|Nike,performance,purple,synthetic,"Minneapolis, MN",cold
U01040,31,female,168.8,61.8,21.7,9.5,M,normal,training,intermediate,5,indoor,33,111,Nike|Adidas,retro,navy,polyester,"Charlotte, NC",temperate
U01041,27,male,165.2,83.2,30.5,8.5,XL,normal,training,beginner,3,indoor,28,72,Nike,athleisure,white,mesh,"Philadelphia, PA",temperate
U01042,20,female,169.9,68.7,23.8,9.0,M,normal,training,intermediate,2,indoor,23,53,Nike|Adidas,performance,black,cotton,"Portland, OR",temperate
U01043,34,female,177.6,71.3,22.6,11.0,M,normal,training,intermediate,4,both,32,124,Adidas|Nike,athleisure,blue,knit,"San Diego, CA",hot
U01044,27,female,173.6,68.1,22.6,10.5,M,normal,skateboarding,intermediate,5,outdoor,40,122,Nike,retro,grey,polyester,"Chicago, IL",continental
U01045,46,female,168.5,65.9,23.2,9.0,M,normal,yoga,beginner,3,outdoor,12,49,Nike,casual,red,mesh,"Boston, MA",continental
U01046,43,male,178.4,103.8,32.6,10.5,XXL,normal,running,beginner,5,outdoor,26,63,Nike|Jordan,performance,black,polyester,"Miami, FL",tropical
U01047,49,male,174.2,88.6,29.2,9.5,XL,normal,training,advanced,3,indoor,21,95,Nike|Jordan,performance,black,polyester,"Denver, CO",cold
U01048,59,male,171.3,76.9,26.2,9.5,L,normal,running,advanced,3,indoor,29,115,Jordan,athleisure,pink,mesh,"San Francisco, CA",temperate
U01049,48,male,189.1,80.8,22.6,12.0,M,normal,lifestyle,beginner,4,both,40,97,Nike|Jordan,casual,navy,nylon,"Dallas, TX",hot
U01050,19,female,167.3,69.4,24.8,9.5,L,normal,training,intermediate,3,outdoor,23,130,Nike|Adidas,performance,grey,mesh,"Seattle, WA",temperate
U01051,48,male,182.5,81.3,24.4,11.0,M,normal,outdoor,advanced,3,outdoor,68,228,Nike|Adidas|Jordan,performance,green,mesh,"San Francisco, CA",temperate
U01052,57,female,169.9,75.6,26.2,9.5,L,low,training,beginner,3,indoor,26,80,Jordan|Adidas,athleisure,blue,knit,"Los Angeles, CA",hot
U01053,18,female,171.4,47.0,16.0,10.0,XS,high,basketball,beginner,2,indoor,26,80,Adidas,casual,orange,knit,"Houston, TX",tropical
U01054,36,female,167.3,63.3,22.6,9.0,M,high,tennis,intermediate,5,indoor,15,80,Adidas|Nike,casual,yellow,nylon,"Philadelphia, PA",temperate
U01055,32,female,156.5,68.8,28.1,8.0,XL,normal,yoga,intermediate,3,both,20,121,Nike|Adidas|Jordan,athleisure,green,synthetic,"Charlotte, NC",temperate
U01056,49,female,177.7,61.3,19.4,11.0,S,normal,basketball,beginner,2,indoor,28,103,Nike,performance,beige,mesh,"Atlanta, GA",temperate
U01057,19,male,179.1,85.0,26.5,10.5,L,normal,running,advanced,4,outdoor,22,76,Adidas|Nike,athleisure,black,cotton,"Phoenix, AZ",hot
U01058,55,female,177.7,50.5,16.0,11.0,XS,normal,yoga,advanced,2,indoor,40,92,Adidas|Nike,athleisure,black,polyester,"Miami, FL",tropical
U01059,47,female,174.3,67.1,22.1,10.0,M,normal,training,intermediate,3,indoor,21,57,Nike,performance,orange,rubber,"Las Vegas, NV",hot
U01060,54,male,171.3,78.9,26.9,8.5,L,high,tennis,beginner,2,outdoor,12,35,Nike|Jordan,performance,pink,cotton,"Atlanta, GA",temperate
U01061,39,female,162.2,64.2,24.4,8.0,M,low,training,advanced,4,both,23,106,Nike,performance,grey,mesh,"New York, NY",continental
U01062,19,female,156.0,70.8,29.1,7.5,XL,high,training,beginner,3,indoor,18,43,Nike,casual,blue,mesh,"San Francisco, CA",temperate
U01063,35,female,161.6,61.1,23.4,8.5,M,low,football,advanced,5,outdoor,65,311,Adidas|Nike,performance,black,gore-tex,"Charlotte, NC",temperate
U01064,29,male,168.7,83.7,29.4,8.5,XL,normal,tennis,intermediate,3,both,38,87,Jordan|Nike,performance,grey,polyester,"Denver, CO",cold
U01065,19,male,168.7,63.7,22.4,8.5,S,normal,training,beginner,4,indoor,15,35,Adidas|Nike|Jordan,athleisure,black,mesh,"Miami, FL",tropical
U01066,32,male,174.2,81.0,26.7,9.5,L,normal,training,beginner,3,indoor,31,70,Nike,performance,black,polyester,"Philadelphia, PA",temperate
U01067,18,female,153.0,66.9,28.6,7.0,XL,high,training,intermediate,3,indoor,19,80,Nike|Adidas,performance,red,mesh,"New York, NY",continental
U01068,54,male,169.9,71.0,24.6,9.0,M,normal,running,advanced,4,outdoor,23,119,Jordan,athleisure,navy,leather,"Las Vegas, NV",hot
U01069,25,male,167.2,83.3,29.8,7.5,XL,low,lifestyle,advanced,4,indoor,44,129,Adidas|Nike,athleisure,pink,mesh,"Atlanta, GA",temperate
U01070,38,female,166.4,67.6,24.4,9.0,M,high,training,beginner,5,indoor,28,102,Nike|Adidas|Jordan,athleisure,grey,rubber,"Minneapolis, MN",cold
U01071,47,male,175.4,87.7,28.5,9.5,XL,normal,training,intermediate,2,indoor,15,58,Jordan|Adidas,performance,orange,leather,"Miami, FL",tropical
U01072,22,male,183.2,80.9,24.1,11.0,M,low,tennis,advanced,2,indoor,21,67,Nike|Jordan,performance,grey,mesh,"Denver, CO",cold
U01073,18,female,170.8,66.5,22.8,9.5,M,low,training,intermediate,4,indoor,37,105,Adidas,performance,white,fleece,"Charlotte, NC",temperate
U01074,48,female,164.0,53.5,19.9,9.0,S,normal,swimming,advanced,3,indoor,32,127,Nike|Adidas|Jordan,performance,navy,synthetic,"New York, NY",continental
U01075,18,female,170.4,72.3,24.9,10.0,L,high,training,advanced,2,indoor,65,260,Nike,performance,navy,cotton,"Dallas, TX",hot
U01076,21,male,187.0,81.1,23.2,11.5,M,low,training,intermediate,3,indoor,27,81,Adidas,performance,pink,fleece,"Charlotte, NC",temperate
U01077,29,female,169.2,78.4,27.4,9.5,L,normal,running,intermediate,3,outdoor,17,101,Jordan,performance,blue,knit,"Los Angeles, CA",hot
U01078,40,male,191.6,78.2,21.3,12.5,M,normal,swimming,beginner,3,indoor,32,90,Adidas|Jordan,performance,multi,cotton,"Miami, FL",tropical
U01079,56,male,173.7,67.0,22.2,9.5,S,normal,training,intermediate,4,indoor,17,43,Nike|Adidas,performance,blue,mesh,"Boston, MA",continental
U01080,33,male,180.8,82.0,25.1,11.5,M,normal,running,advanced,5,both,79,190,Nike|Adidas,performance,black,fleece,"Dallas, TX",hot
U01081,21,male,165.3,63.7,23.3,8.0,M,normal,football,beginner,4,outdoor,17,46,Adidas|Nike,performance,navy,leather,"New York, NY",continental
U01082,30,male,168.7,82.0,28.8,8.0,XL,normal,training,intermediate,2,indoor,49,162,Nike|Jordan,performance,green,synthetic,"Houston, TX",tropical
U01083,39,male,184.7,75.4,22.1,11.5,S,normal,football,beginner,3,outdoor,21,50,Adidas|Nike|Jordan,performance,blue,polyester,"Chicago, IL",continental
U01084,30,male,177.2,69.1,22.0,10.0,S,low,football,advanced,4,indoor,53,178,Adidas|Nike,performance,white,nylon,"Miami, FL",tropical
U01085,30,male,176.6,74.9,24.0,9.5,M,normal,training,intermediate,4,indoor,35,90,Nike,performance,navy,leather,"Los Angeles, CA",hot
U01086,21,male,171.3,69.5,23.7,9.0,M,normal,training,intermediate,3,indoor,17,102,Nike|Jordan|Adidas,athleisure,red,mesh,"Minneapolis, MN",cold
U01087,25,female,168.1,67.3,23.8,8.5,M,normal,yoga,intermediate,3,indoor,34,94,Nike|Adidas|Jordan,athleisure,red,cotton,"Miami, FL",tropical
U01088,47,female,145.7,50.5,23.8,6.0,M,normal,running,beginner,3,both,13,73,Nike|Jordan,performance,grey,mesh,"San Francisco, CA",temperate
U01089,22,female,170.8,65.6,22.5,9.5,M,normal,yoga,advanced,5,both,45,283,Nike|Adidas,athleisure,grey,synthetic,"Atlanta, GA",temperate
U01090,42,male,177.2,97.0,30.9,10.5,XL,low,lifestyle,beginner,4,both,17,58,Nike|Jordan|Adidas,retro,orange,synthetic,"Portland, OR",temperate
U01091,31,male,180.8,88.6,27.1,11.5,L,normal,yoga,beginner,2,indoor,14,77,Nike|Adidas,athleisure,white,synthetic,"Portland, OR",temperate
U01092,31,male,179.7,82.3,25.5,10.0,L,normal,lifestyle,intermediate,3,indoor,68,274,Nike,casual,grey,synthetic,"New York, NY",continental
U01093,36,female,164.0,70.5,26.2,9.0,L,normal,yoga,intermediate,2,indoor,47,124,Adidas|Nike|Jordan,performance,red,polyester,"Minneapolis, MN",cold
U01094,37,female,164.9,66.9,24.6,9.0,L,normal,running,intermediate,3,both,12,38,Adidas|Nike,performance,grey,knit,"Phoenix, AZ",hot
U01095,50,female,164.9,67.7,24.9,9.0,L,normal,running,advanced,3,outdoor,46,125,Jordan|Nike,casual,grey,synthetic,"Detroit, MI",continental
U01096,34,female,170.4,78.1,26.9,9.5,L,normal,running,beginner,4,both,15,39,Nike,athleisure,black,leather,"Philadelphia, PA",temperate
U01097,52,male,169.5,83.6,29.1,9.0,XL,high,running,intermediate,4,outdoor,46,155,Adidas,athleisure,blue,cotton,"Minneapolis, MN",cold
U01098,19,male,191.7,78.6,21.4,12.5,M,normal,training,advanced,3,indoor,58,130,Nike,performance,multi,synthetic,"San Diego, CA",hot
U01099,44,male,163.6,82.7,30.9,7.5,XL,low,running,advanced,3,outdoor,54,258,Adidas,performance,purple,knit,"Seattle, WA",temperate
U01100,18,male,171.3,86.3,29.4,9.0,XL,normal,football,beginner,4,outdoor,12,69,Jordan|Adidas,performance,green,cotton,"Dallas, TX",hot
U01101,48,male,173.7,100.2,33.2,9.5,XXL,normal,running,beginner,4,both,21,84,Nike|Adidas,performance,blue,knit,"Atlanta, GA",temperate
U01102,24,female,167.7,71.7,25.5,9.0,L,normal,basketball,beginner,5,outdoor,13,35,Nike|Adidas,performance,yellow,synthetic,"Philadelphia, PA",temperate
U01103,37,male,176.0,76.8,24.8,10.0,M,normal,training,intermediate,2,both,23,130,Nike,performance,beige,synthetic,"Boston, MA",continental
U01104,27,male,181.4,66.5,20.2,10.5,S,normal,running,intermediate,4,both,54,186,Adidas,athleisure,black,nylon,"Chicago, IL",continental
U01105,43,female,166.4,74.5,26.9,9.5,L,low,yoga,intermediate,4,indoor,18,57,Adidas|Nike,performance,blue,polyester,"New York, NY",continental
U01106,32,male,177.7,90.3,28.6,10.5,XL,normal,outdoor,intermediate,4,outdoor,36,92,Adidas|Nike,performance,purple,cotton,"Orlando, FL",tropical
U01107,20,male,174.8,80.4,26.3,10.5,L,high,running,intermediate,3,indoor,40,100,Adidas,athleisure,yellow,mesh,"Dallas, TX",hot
U01108,38,male,171.3,72.5,24.7,9.0,M,normal,football,beginner,3,outdoor,15,68,Nike,performance,brown,leather,"Dallas, TX",hot
U01109,20,female,163.5,55.3,20.7,8.5,S,normal,training,intermediate,2,both,36,157,Adidas,athleisure,multi,mesh,"Atlanta, GA",temperate
U01110,28,male,175.4,92.0,29.9,9.5,XL,normal,training,advanced,2,both,80,224,Jordan|Adidas,athleisure,white,cotton,"Houston, TX",tropical
U01111,47,male,167.3,89.6,32.0,9.5,XL,high,running,intermediate,4,outdoor,51,125,Nike|Jordan,performance,navy,mesh,"Miami, FL",tropical
U01112,49,female,167.7,71.7,25.5,9.5,L,high,running,intermediate,4,outdoor,30,148,Adidas|Nike,performance,black,mesh,"Chicago, IL",continental
U01113,25,male,191.7,58.8,16.0,12.5,S,normal,running,beginner,3,both,33,90,Adidas|Nike|Jordan,athleisure,blue,leather,"Orlando, FL",tropical
U01114,34,male,180.3,78.7,24.2,11.0,M,normal,running,beginner,3,both,15,66,Nike|Adidas,performance,black,polyester,"Las Vegas, NV",hot
U01115,31,female,163.5,85.8,32.1,9.5,XXL,high,yoga,advanced,4,indoor,29,142,Nike|Adidas,athleisure,grey,synthetic,"Philadelphia, PA",temperate
U01116,18,male,179.1,81.5,25.4,10.0,M,normal,yoga,beginner,3,indoor,20,81,Adidas,athleisure,blue,mesh,"Philadelphia, PA",temperate
U01117,43,female,177.7,61.3,19.4,10.5,S,normal,basketball,beginner,2,indoor,19,48,Adidas,casual,pink,cotton,"Dallas, TX",hot
U01118,18,male,183.3,73.9,22.0,11.0,S,normal,running,advanced,2,outdoor,49,131,Nike,performance,black,synthetic,"Portland, OR",temperate
U01119,30,male,173.7,87.2,28.9,9.0,XL,normal,yoga,beginner,2,indoor,12,40,Adidas,athleisure,purple,gore-tex,"Denver, CO",cold
U01120,38,male,168.0,80.7,28.6,8.5,XL,normal,football,advanced,4,outdoor,82,224,Adidas,casual,black,mesh,"New York, NY",continental
U01121,26,male,182.5,77.6,23.3,11.0,M,normal,running,intermediate,4,outdoor,48,176,Adidas,performance,red,polyester,"Portland, OR",temperate
U01122,25,female,170.4,68.8,23.7,9.0,M,normal,skateboarding,intermediate,4,outdoor,15,71,Adidas,casual,beige,polyester,"Denver, CO",cold
U01123,39,female,152.7,67.4,28.9,7.0,XL,normal,skateboarding,intermediate,5,outdoor,39,98,Nike|Jordan,casual,purple,fleece,"Detroit, MI",continental
U01124,20,female,167.3,72.2,25.8,9.5,L,normal,training,advanced,3,outdoor,18,111,Nike|Adidas,performance,blue,fleece,"Charlotte, NC",temperate
U01125,48,male,185.9,79.5,23.0,12.0,M,low,training,intermediate,3,indoor,69,165,Nike,athleisure,black,synthetic,"Chicago, IL",continental
U01126,48,female,175.9,59.7,19.3,10.5,S,normal,training,beginner,3,indoor,46,118,Nike,performance,black,polyester,"Las Vegas, NV",hot
U01127,43,male,172.7,75.8,25.4,9.0,M,low,training,intermediate,2,both,32,86,Nike|Jordan,athleisure,pink,synthetic,"Las Vegas, NV",hot
U01128,50,male,173.7,77.5,25.7,9.5,L,high,outdoor,intermediate,5,outdoor,11,35,Adidas|Nike|Jordan,athleisure,black,nylon,"New York, NY",continental
U01129,29,male,177.2,69.1,22.0,9.5,S,low,football,advanced,4,outdoor,105,268,Nike,performance,black,polyester,"New York, NY",continental
U01130,32,male,178.5,87.0,27.3,10.5,L,low,training,intermediate,4,both,17,107,Adidas|Jordan,casual,blue,mesh,"Houston, TX",tropical
U01131,25,female,155.2,66.2,27.5,7.5,XL,normal,training,intermediate,4,indoor,35,107,Adidas|Nike|Jordan,performance,black,knit,"Los Angeles, CA",hot
U01132,50,female,172.6,66.1,22.2,10.5,M,low,training,beginner,3,indoor,22,97,Adidas|Nike,athleisure,orange,nylon,"Seattle, WA",temperate
U01133,29,male,180.8,78.1,23.9,10.5,M,normal,training,beginner,4,indoor,19,56,Adidas|Nike,performance,navy,cotton,"San Francisco, CA",temperate
U01134,35,male,173.3,89.8,29.9,9.5,XL,normal,running,intermediate,4,outdoor,29,81,Nike,casual,purple,polyester,"Detroit, MI",continental
U01135,21,female,168.1,63.9,22.6,9.0,M,high,football,intermediate,4,indoor,16,74,Adidas,athleisure,grey,fleece,"Atlanta, GA",temperate
U01136,52,female,161.6,55.9,21.4,8.5,S,normal,basketball,advanced,3,both,40,203,Adidas|Nike,casual,beige,mesh,"Chicago, IL",continental
U01137,25,female,158.9,59.6,23.6,7.5,M,low,football,advanced,4,outdoor,78,239,Jordan|Nike|Adidas,retro,multi,mesh,"Chicago, IL",continental
U01138,27,female,164.0,76.9,28.6,8.5,XL,normal,skateboarding,intermediate,3,outdoor,90,208,Jordan|Nike,athleisure,navy,gore-tex,"Portland, OR",temperate
U01139,19,male,177.7,76.4,24.2,10.0,M,high,running,advanced,4,outdoor,56,160,Nike,performance,black,cotton,"Chicago, IL",continental
U01140,53,male,171.3,94.8,32.3,9.5,XL,normal,running,intermediate,4,outdoor,29,99,Jordan,performance,black,polyester,"Detroit, MI",continental
U01141,43,male,179.7,85.9,26.6,10.5,L,normal,tennis,beginner,2,both,40,94,Adidas,performance,beige,synthetic,"Las Vegas, NV",hot
U01142,57,female,170.4,60.7,20.9,9.5,S,normal,running,intermediate,4,both,23,57,Nike|Jordan|Adidas,performance,blue,knit,"Atlanta, GA",temperate
U01143,27,female,161.2,72.2,27.8,8.5,XL,low,running,advanced,4,outdoor,111,299,Nike,performance,black,mesh,"New York, NY",continental
U01144,21,female,169.2,54.4,19.0,9.5,S,normal,yoga,advanced,3,indoor,42,148,Adidas,athleisure,grey,knit,"Dallas, TX",hot
U01145,50,male,158.4,66.7,26.6,7.0,L,normal,yoga,intermediate,4,indoor,28,95,Nike|Adidas,athleisure,beige,mesh,"Minneapolis, MN",cold
U01146,28,male,175.4,82.1,26.7,10.0,L,high,training,beginner,3,indoor,10,43,Adidas,performance,multi,gore-tex,"Atlanta, GA",temperate
U01147,38,male,183.7,87.1,25.8,11.0,L,low,running,beginner,3,indoor,34,85,Nike,performance,black,nylon,"Dallas, TX",hot
U01148,40,female,164.9,62.3,22.9,9.0,M,high,yoga,beginner,3,both,14,58,Jordan,athleisure,blue,polyester,"New York, NY",continental
U01149,42,male,180.3,77.0,23.7,11.0,M,low,yoga,beginner,2,indoor,22,62,Adidas|Nike,athleisure,orange,mesh,"Las Vegas, NV",hot
U01150,52,female,160.6,60.1,23.3,8.5,M,high,training,intermediate,3,indoor,21,52,Nike,performance,pink,cotton,"New York, NY",continental
U01151,18,female,165.5,57.8,21.1,9.5,S,normal,training,beginner,4,indoor,14,44,Nike,performance,red,knit,"Seattle, WA",temperate
U01152,22,female,175.9,59.7,19.3,10.5,S,low,training,intermediate,3,indoor,13,68,Adidas|Jordan,casual,yellow,mesh,"Phoenix, AZ",hot
U01153,36,male,174.3,83.9,27.6,9.5,L,normal,running,advanced,2,outdoor,31,197,Nike|Jordan,performance,orange,mesh,"Orlando, FL",tropical
U01154,47,female,170.8,75.8,26.0,10.0,L,normal,yoga,beginner,2,indoor,20,58,Jordan|Nike,athleisure,navy,polyester,"Phoenix, AZ",hot
U01155,20,male,179.1,91.1,28.4,11.0,L,high,outdoor,beginner,3,both,10,35,Nike|Adidas,performance,blue,leather,"Miami, FL",tropical
U01156,27,male,181.4,95.1,28.9,11.5,XL,normal,tennis,intermediate,4,outdoor,14,88,Jordan|Adidas,retro,orange,cotton,"Dallas, TX",hot
U01157,36,male,169.5,83.6,29.1,9.0,XL,high,training,beginner,5,both,10,35,Adidas|Nike,casual,green,polyester,"Philadelphia, PA",temperate
U01158,40,female,164.9,66.6,24.5,9.0,L,high,football,intermediate,2,indoor,22,68,Jordan,performance,black,synthetic,"San Diego, CA",hot
U01159,31,female,161.2,66.5,25.6,8.5,L,normal,yoga,intermediate,2,both,50,160,Adidas,athleisure,blue,mesh,"Philadelphia, PA",temperate
U01160,36,female,165.5,68.2,24.9,9.0,L,normal,outdoor,intermediate,3,both,10,52,Adidas|Jordan,performance,navy,gore-tex,"New York, NY",continental
U01161,23,male,172.1,89.2,30.1,9.5,XL,normal,yoga,beginner,5,indoor,20,60,Jordan,casual,multi,cotton,"Orlando, FL",tropical
U01162,21,female,164.9,48.7,17.9,9.0,XS,normal,basketball,advanced,2,indoor,30,109,Nike,casual,blue,knit,"Las Vegas, NV",hot
U01163,51,male,191.7,97.8,26.6,12.5,XL,normal,training,intermediate,2,both,23,78,Nike,performance,white,polyester,"New York, NY",continental
U01164,52,male,188.5,76.7,21.6,12.0,S,normal,running,intermediate,2,outdoor,29,70,Nike|Jordan|Adidas,athleisure,black,synthetic,"Miami, FL",tropical
U01165,29,male,179.7,93.3,28.9,10.5,XL,normal,running,intermediate,2,outdoor,21,120,Adidas|Nike,athleisure,beige,polyester,"Miami, FL",tropical
U01166,41,male,180.8,96.4,29.5,10.5,XL,normal,outdoor,intermediate,4,outdoor,39,126,Nike,performance,navy,polyester,"Dallas, TX",hot
U01167,20,male,178.5,85.7,26.9,10.5,L,low,running,beginner,3,outdoor,10,35,Nike,athleisure,white,knit,"Portland, OR",temperate
U01168,27,male,163.7,83.1,31.0,8.0,XL,high,yoga,intermediate,4,indoor,35,170,Jordan,athleisure,grey,polyester,"Miami, FL",tropical
U01169,48,male,174.8,87.1,28.5,10.0,XL,high,training,intermediate,3,both,21,64,Nike,performance,black,cotton,"Charlotte, NC",temperate
U01170,42,male,173.3,91.0,30.3,10.0,XL,normal,training,intermediate,2,indoor,44,124,Adidas,casual,black,polyester,"Portland, OR",temperate
U01171,26,male,183.3,81.3,24.2,11.5,M,low,yoga,intermediate,3,indoor,21,64,Nike,performance,grey,synthetic,"Detroit, MI",continental
U01172,32,female,167.3,46.7,16.7,9.5,XS,high,running,advanced,4,indoor,58,136,Nike|Adidas,athleisure,pink,mesh,"Philadelphia, PA",temperate
U01173,36,female,163.5,65.0,24.3,8.5,M,normal,training,beginner,4,indoor,15,38,Adidas|Nike|Jordan,performance,green,mesh,"Detroit, MI",continental
U01174,40,female,160.7,84.7,32.8,8.0,XXL,normal,training,beginner,2,indoor,11,52,Jordan,athleisure,black,polyester,"Orlando, FL",tropical
U01175,20,female,172.9,67.0,22.4,10.5,M,high,running,intermediate,4,outdoor,27,79,Nike,performance,pink,leather,"Las Vegas, NV",hot
U01176,56,female,170.5,60.8,20.9,10.0,S,normal,football,intermediate,4,outdoor,18,53,Adidas|Jordan,casual,green,cotton,"Houston, TX",tropical
U01177,50,male,180.8,71.6,21.9,11.0,S,normal,tennis,advanced,5,outdoor,65,188,Jordan,retro,white,fleece,"Philadelphia, PA",temperate
U01178,31,female,172.6,80.4,27.0,10.5,L,low,training,beginner,2,indoor,22,78,Adidas,performance,black,gore-tex,"Los Angeles, CA",hot
U01179,52,male,183.7,84.7,25.1,10.5,M,normal,running,intermediate,2,both,142,327,Adidas,performance,pink,gore-tex,"Detroit, MI",continental
U01180,27,male,159.0,90.0,35.6,7.0,XXL,normal,running,advanced,5,outdoor,71,244,Adidas|Jordan,performance,navy,fleece,"Philadelphia, PA",temperate
U01181,50,female,163.5,61.2,22.9,8.5,M,normal,lifestyle,intermediate,4,both,67,172,Adidas,casual,grey,cotton,"Las Vegas, NV",hot
U01182,45,male,183.7,91.1,27.0,12.0,L,high,football,intermediate,2,outdoor,15,50,Adidas,performance,navy,knit,"Chicago, IL",continental
U01183,20,female,165.5,48.2,17.6,9.5,XS,high,running,intermediate,3,both,15,38,Jordan|Nike,performance,orange,mesh,"Orlando, FL",tropical
U01184,33,male,179.7,82.3,25.5,11.0,L,normal,yoga,intermediate,3,indoor,25,93,Adidas,casual,black,knit,"Chicago, IL",continental
U01185,26,female,169.2,61.6,21.5,9.5,M,normal,yoga,intermediate,4,indoor,33,222,Nike|Adidas|Jordan,casual,blue,knit,"Phoenix, AZ",hot
U01186,50,female,173.6,62.1,20.6,10.0,S,normal,tennis,intermediate,2,outdoor,89,297,Nike|Adidas,retro,white,cotton,"Chicago, IL",continental
U01187,50,male,182.5,79.3,23.8,11.0,M,normal,yoga,advanced,4,both,39,124,Nike,performance,white,cotton,"Detroit, MI",continental
U01188,37,female,168.1,46.1,16.3,9.0,XS,normal,training,beginner,4,both,10,51,Adidas,performance,green,rubber,"Miami, FL",tropical
U01189,28,male,172.4,88.3,29.7,10.0,XL,low,football,beginner,3,outdoor,29,82,Nike|Jordan|Adidas,performance,red,synthetic,"Orlando, FL",tropical
U01190,18,male,190.2,93.0,25.7,12.0,XL,normal,basketball,intermediate,3,indoor,32,79,Nike,casual,brown,gore-tex,"Portland, OR",temperate
U01191,23,male,172.7,67.4,22.6,9.5,M,normal,yoga,beginner,2,indoor,21,50,Nike,performance,grey,fleece,"Minneapolis, MN",cold
U01192,38,female,159.5,91.3,35.9,8.5,XXL,low,basketball,beginner,5,outdoor,22,85,Nike,casual,blue,polyester,"Detroit, MI",continental
U01193,35,female,158.9,61.4,24.3,7.5,M,normal,running,advanced,3,outdoor,123,450,Nike|Jordan|Adidas,performance,black,mesh,"San Diego, CA",hot
U01194,37,female,162.2,55.8,21.2,8.0,S,high,running,intermediate,3,outdoor,74,182,Nike|Adidas|Jordan,performance,purple,cotton,"Denver, CO",cold
U01195,22,female,151.0,62.0,27.2,6.0,L,normal,running,advanced,2,outdoor,134,297,Adidas|Jordan,performance,red,cotton,"Miami, FL",tropical
U01196,21,female,160.1,65.1,25.4,8.0,L,high,yoga,intermediate,4,indoor,10,40,Adidas,athleisure,beige,polyester,"Detroit, MI",continental
U01197,31,female,169.9,63.5,22.0,9.5,M,normal,swimming,intermediate,5,both,28,165,Nike,performance,red,cotton,"Denver, CO",cold
U01198,20,male,176.0,78.1,25.2,10.0,M,normal,yoga,intermediate,4,both,10,58,Nike,athleisure,black,gore-tex,"Los Angeles, CA",hot
U01199,31,male,166.6,83.5,30.1,8.0,XL,high,basketball,beginner,3,indoor,38,131,Jordan,performance,navy,knit,"Detroit, MI",continental
U01200,18,female,157.2,64.7,26.2,8.0,L,low,training,intermediate,3,indoor,59,152,Nike|Adidas|Jordan,performance,multi,mesh,"Portland, OR",temperate
U01201,21,female,162.9,75.6,28.5,8.0,XL,low,yoga,beginner,4,indoor,12,69,Nike|Adidas,athleisure,black,polyester,"Detroit, MI",continental
U01202,20,female,145.7,52.0,24.5,6.0,L,high,running,beginner,3,outdoor,14,39,Nike,performance,white,rubber,"Orlando, FL",tropical
U01203,40,female,160.1,49.2,19.2,7.0,S,normal,training,intermediate,3,indoor,17,86,Adidas|Nike,athleisure,red,knit,"San Francisco, CA",temperate
U01204,35,male,166.6,88.8,32.0,9.0,XL,high,running,intermediate,2,outdoor,14,89,Adidas,performance,navy,mesh,"Chicago, IL",continental
U01205,48,female,165.9,61.9,22.5,9.0,M,low,basketball,beginner,2,indoor,30,90,Adidas|Nike,retro,black,cotton,"Chicago, IL",continental
U01206,33,female,172.6,56.0,18.8,9.0,S,high,running,intermediate,3,both,41,124,Adidas,performance,black,polyester,"Orlando, FL",tropical
U01207,54,male,185.3,92.4,26.9,11.5,L,normal,training,intermediate,4,indoor,45,191,Adidas,casual,black,synthetic,"Portland, OR",temperate
U01208,23,male,174.3,81.7,26.9,9.5,L,normal,running,intermediate,4,indoor,42,169,Jordan,performance,blue,knit,"Denver, CO",cold
U01209,22,female,155.2,49.1,20.4,7.0,S,high,training,beginner,3,indoor,10,37,Nike,athleisure,beige,synthetic,"Denver, CO",cold
U01210,19,female,151.3,60.2,26.3,6.5,L,normal,running,intermediate,2,outdoor,45,105,Adidas|Jordan|Nike,performance,blue,leather,"Charlotte, NC",temperate
U01211,34,female,162.2,59.7,22.7,8.0,M,normal,training,intermediate,4,indoor,52,128,Nike|Adidas|Jordan,performance,grey,knit,"Seattle, WA",temperate
U01212,34,female,165.9,63.9,23.2,8.5,M,high,running,advanced,4,outdoor,49,159,Adidas|Nike,performance,black,synthetic,"Las Vegas, NV",hot
U01213,21,male,183.3,77.6,23.1,10.5,M,high,running,intermediate,4,outdoor,56,128,Jordan|Adidas,athleisure,brown,mesh,"Detroit, MI",continental
U01214,31,female,156.0,71.8,29.5,8.0,XL,low,yoga,beginner,4,indoor,26,80,Jordan,athleisure,multi,polyester,"Atlanta, GA",temperate
U01215,54,male,172.1,76.7,25.9,9.5,L,low,running,beginner,4,both,10,51,Adidas,athleisure,pink,polyester,"Las Vegas, NV",hot
U01216,31,male,182.6,86.7,26.0,11.0,L,high,training,advanced,3,indoor,46,155,Adidas,performance,blue,rubber,"Atlanta, GA",temperate
U01217,28,female,169.2,60.1,21.0,9.5,S,normal,running,advanced,5,indoor,59,142,Nike,performance,beige,nylon,"Detroit, MI",continental
U01218,33,female,168.8,52.7,18.5,9.0,S,normal,training,advanced,4,indoor,43,122,Adidas,athleisure,blue,leather,"San Francisco, CA",temperate
U01219,24,male,168.7,76.6,26.9,8.5,L,low,training,beginner,4,indoor,22,51,Nike|Adidas,performance,grey,leather,"Denver, CO",cold
U01220,47,female,177.9,76.0,24.0,11.0,M,low,lifestyle,beginner,4,indoor,12,38,Nike|Adidas,retro,black,synthetic,"Portland, OR",temperate
U01221,36,male,178.5,87.0,27.3,10.5,L,high,basketball,intermediate,4,indoor,54,128,Nike,retro,black,polyester,"Detroit, MI",continental
U01222,45,male,173.7,91.7,30.4,10.0,XL,normal,training,intermediate,3,outdoor,72,189,Jordan,performance,blue,mesh,"Chicago, IL",continental
U01223,18,female,161.7,72.7,27.8,8.5,XL,normal,basketball,intermediate,5,indoor,35,88,Jordan|Adidas,performance,grey,gore-tex,"Seattle, WA",temperate
U01224,57,male,176.6,82.0,26.3,9.5,L,normal,lifestyle,intermediate,3,outdoor,57,128,Nike|Adidas|Jordan,casual,black,polyester,"Denver, CO",cold
U01225,30,female,172.0,55.3,18.7,10.5,S,normal,swimming,advanced,2,indoor,42,176,Adidas,performance,blue,fleece,"Los Angeles, CA",hot
U01226,32,male,172.1,86.2,29.1,9.0,XL,normal,training,intermediate,4,indoor,23,68,Jordan,performance,pink,polyester,"Denver, CO",cold
U01227,20,female,167.3,72.5,25.9,10.0,L,high,outdoor,advanced,4,outdoor,71,314,Nike|Jordan|Adidas,casual,red,gore-tex,"Chicago, IL",continental
U01228,33,female,160.1,49.2,19.2,8.0,S,normal,football,intermediate,3,outdoor,15,38,Jordan|Adidas,performance,green,fleece,"Denver, CO",cold
U01229,44,female,164.0,76.1,28.3,9.5,XL,normal,yoga,intermediate,4,indoor,34,105,Nike|Jordan,athleisure,orange,synthetic,"Dallas, TX",hot
U01230,40,female,165.9,59.7,21.7,9.5,M,normal,training,beginner,5,both,10,47,Nike|Adidas,athleisure,black,polyester,"Chicago, IL",continental
U01231,19,female,151.9,56.1,24.3,6.5,M,low,running,advanced,3,outdoor,73,263,Jordan|Nike|Adidas,performance,multi,gore-tex,"Seattle, WA",temperate
U01232,32,male,184.7,73.3,21.5,11.0,S,normal,running,intermediate,3,outdoor,24,115,Adidas|Nike|Jordan,performance,black,gore-tex,"Minneapolis, MN",cold
U01233,37,male,169.9,90.4,31.3,9.0,XL,normal,training,intermediate,2,indoor,88,307,Adidas,performance,green,nylon,"Las Vegas, NV",hot
U01234,56,female,167.3,63.3,22.6,9.5,M,low,outdoor,beginner,4,outdoor,10,54,Adidas,performance,navy,polyester,"Miami, FL",tropical
U01235,26,female,156.0,60.6,24.9,7.5,L,normal,yoga,intermediate,3,indoor,33,76,Adidas|Jordan,athleisure,blue,cotton,"Orlando, FL",tropical
U01236,49,female,160.2,49.3,19.2,8.0,S,low,training,beginner,3,indoor,12,35,Adidas,performance,brown,cotton,"Houston, TX",tropical
U01237,50,female,158.3,73.4,29.3,8.0,XL,normal,lifestyle,intermediate,4,both,75,167,Adidas,casual,green,knit,"Boston, MA",continental
U01238,27,female,145.8,61.9,29.1,6.0,XL,normal,training,intermediate,3,indoor,15,74,Nike,athleisure,black,synthetic,"Orlando, FL",tropical
U01239,47,female,160.7,76.4,29.6,8.5,XL,normal,tennis,intermediate,3,outdoor,23,88,Jordan,performance,red,mesh,"Atlanta, GA",temperate
U01240,46,male,163.7,83.1,31.0,7.5,XL,normal,swimming,advanced,3,outdoor,119,276,Adidas|Nike|Jordan,performance,blue,mesh,"Chicago, IL",continental
U01241,44,male,182.6,81.4,24.4,11.5,M,normal,running,advanced,3,outdoor,92,257,Jordan,performance,grey,mesh,"Portland, OR",temperate
U01242,25,female,161.2,59.8,23.0,8.5,M,normal,swimming,advanced,3,indoor,22,128,Nike,performance,black,synthetic,"Charlotte, NC",temperate
U01243,23,female,151.4,60.3,26.3,7.0,L,normal,football,intermediate,2,both,29,71,Adidas|Nike,performance,purple,mesh,"Phoenix, AZ",hot
U01244,27,male,168.1,88.2,31.2,9.0,XL,low,outdoor,intermediate,4,outdoor,10,50,Nike|Adidas,performance,white,fleece,"Detroit, MI",continental
U01245,21,female,157.2,79.1,32.0,8.0,XXL,normal,yoga,advanced,3,indoor,13,57,Nike,athleisure,multi,nylon,"Los Angeles, CA",hot
U01246,28,female,162.9,75.6,28.5,8.5,XL,low,training,intermediate,3,indoor,54,145,Nike,athleisure,orange,polyester,"Chicago, IL",continental
U01247,52,female,177.9,66.8,21.1,11.5,S,normal,lifestyle,intermediate,5,both,55,152,Adidas,casual,orange,synthetic,"San Francisco, CA",temperate
U01248,18,female,170.5,50.9,17.5,9.5,XS,normal,lifestyle,advanced,2,outdoor,55,157,Adidas|Jordan|Nike,casual,navy,gore-tex,"Philadelphia, PA",temperate
U01249,24,female,168.1,49.2,17.4,9.5,XS,normal,running,advanced,3,outdoor,22,146,Adidas,performance,yellow,leather,"Houston, TX",tropical
U01250,21,male,181.4,82.9,25.2,10.5,M,normal,swimming,beginner,2,both,10,40,Nike|Jordan,performance,white,cotton,"Philadelphia, PA",temperate
U01251,52,female,156.5,70.3,28.7,7.0,XL,normal,basketball,intermediate,3,indoor,49,195,Nike|Adidas|Jordan,casual,navy,polyester,"New York, NY",continental
U01252,43,male,177.2,63.7,20.3,9.5,S,normal,running,advanced,2,outdoor,21,78,Adidas,performance,navy,polyester,"Detroit, MI",continental
U01253,18,male,182.6,81.4,24.4,11.0,M,high,training,intermediate,3,indoor,12,71,Adidas|Nike|Jordan,performance,grey,fleece,"Seattle, WA",temperate
U01254,55,female,153.0,68.4,29.2,7.5,XL,normal,basketball,intermediate,2,indoor,39,112,Adidas|Nike,retro,navy,knit,"Charlotte, NC",temperate
U01255,33,female,165.5,82.4,30.1,9.5,XL,normal,yoga,beginner,3,indoor,27,65,Nike|Adidas,athleisure,green,fleece,"Phoenix, AZ",hot
U01256,21,female,162.9,67.9,25.6,9.0,L,high,outdoor,beginner,2,outdoor,24,53,Nike|Jordan|Adidas,performance,black,mesh,"Dallas, TX",hot
U01257,26,male,179.1,76.0,23.7,10.5,M,low,outdoor,beginner,4,outdoor,20,52,Nike,retro,multi,cotton,"Dallas, TX",hot
U01258,28,male,180.8,101.0,30.9,11.0,XL,normal,yoga,beginner,4,outdoor,17,82,Jordan|Nike|Adidas,casual,blue,mesh,"Los Angeles, CA",hot
U01259,43,male,176.0,97.9,31.6,10.5,XL,low,running,beginner,4,outdoor,12,39,Nike,performance,pink,leather,"New York, NY",continental
U01260,22,female,168.1,67.3,23.8,9.5,M,normal,yoga,intermediate,3,indoor,34,81,Jordan,performance,brown,cotton,"Denver, CO",cold
U01261,32,male,159.4,79.5,31.3,7.0,XL,normal,training,advanced,3,indoor,34,198,Adidas,performance,multi,polyester,"Dallas, TX",hot
U01262,44,female,159.5,75.8,29.8,8.5,XL,normal,basketball,beginner,3,outdoor,12,57,Nike|Adidas,casual,navy,synthetic,"San Diego, CA",hot
U01263,50,female,157.6,78.2,31.5,8.0,XXL,normal,football,intermediate,5,outdoor,24,105,Nike,retro,multi,gore-tex,"Denver, CO",cold
U01264,19,male,180.3,64.0,19.7,10.5,S,normal,training,beginner,4,both,19,58,Nike,performance,navy,synthetic,"San Francisco, CA",temperate
U01265,44,male,171.3,66.3,22.6,9.0,M,normal,training,advanced,2,indoor,34,79,Nike,performance,white,mesh,"Boston, MA",continental
U01266,60,male,159.7,63.0,24.7,7.0,M,normal,running,intermediate,4,both,13,43,Adidas,performance,navy,knit,"Orlando, FL",tropical
U01267,37,female,159.5,65.1,25.6,8.5,L,normal,football,advanced,3,outdoor,56,175,Adidas,retro,black,fleece,"Detroit, MI",continental
U01268,22,male,173.3,84.1,28.0,9.5,L,normal,training,beginner,3,indoor,14,41,Nike|Adidas,performance,pink,gore-tex,"Detroit, MI",continental
U01269,31,female,158.3,49.6,19.8,7.5,S,normal,lifestyle,advanced,2,both,53,131,Nike|Adidas,casual,white,polyester,"Detroit, MI",continental
U01270,37,female,165.9,49.5,18.0,8.5,XS,normal,yoga,intermediate,3,indoor,31,133,Nike|Adidas,athleisure,grey,polyester,"Chicago, IL",continental
U01271,36,male,179.8,78.2,24.2,11.0,M,normal,yoga,intermediate,3,both,23,69,Jordan|Nike,casual,grey,cotton,"Portland, OR",temperate
U01272,54,male,190.2,75.6,20.9,13.0,M,normal,training,intermediate,2,both,16,38,Adidas,performance,white,cotton,"Detroit, MI",continental
U01273,30,female,161.2,72.2,27.8,8.5,XL,high,running,advanced,4,outdoor,143,331,Adidas,athleisure,pink,nylon,"San Diego, CA",hot
U01274,47,male,175.4,88.0,28.6,9.0,XL,low,tennis,intermediate,2,outdoor,46,175,Nike|Jordan,performance,white,synthetic,"Dallas, TX",hot
U01275,35,female,168.1,69.8,24.7,9.5,L,low,running,beginner,2,both,20,107,Nike|Jordan,performance,multi,polyester,"Philadelphia, PA",temperate
U01276,32,female,169.9,63.5,22.0,9.5,M,normal,lifestyle,intermediate,5,indoor,28,66,Nike|Adidas,athleisure,black,polyester,"San Diego, CA",hot
U01277,56,male,176.6,66.7,21.4,10.0,S,high,training,intermediate,5,indoor,35,83,Jordan,performance,blue,synthetic,"Philadelphia, PA",temperate
U01278,52,male,179.8,70.8,21.9,10.5,S,normal,running,beginner,4,indoor,10,38,Nike,performance,blue,synthetic,"Dallas, TX",hot
U01279,56,female,164.0,81.0,30.1,9.0,XL,normal,running,advanced,2,outdoor,23,132,Jordan,athleisure,navy,leather,"San Francisco, CA",temperate
U01280,53,female,168.5,69.6,24.5,9.5,L,high,football,beginner,2,outdoor,12,56,Nike|Adidas,performance,black,gore-tex,"San Francisco, CA",temperate
U01281,41,male,183.7,86.1,25.5,11.0,L,normal,football,advanced,3,indoor,36,105,Nike|Adidas|Jordan,casual,purple,mesh,"Denver, CO",cold
U01282,42,male,183.7,86.1,25.5,11.0,L,normal,training,advanced,3,indoor,49,204,Adidas|Nike,performance,white,knit,"Portland, OR",temperate
U01283,27,male,170.6,74.8,25.7,9.0,L,normal,running,beginner,3,outdoor,13,58,Jordan|Adidas,performance,grey,polyester,"Seattle, WA",temperate
U01284,27,female,162.2,58.7,22.3,9.0,M,normal,lifestyle,beginner,3,outdoor,52,134,Adidas|Nike,casual,navy,leather,"Detroit, MI",continental
U01285,18,male,175.4,73.2,23.8,10.0,M,normal,skateboarding,beginner,4,indoor,12,55,Nike|Adidas|Jordan,casual,black,polyester,"Orlando, FL",tropical
U01286,40,female,165.9,49.5,18.0,9.5,XS,high,yoga,intermediate,3,indoor,16,36,Nike|Jordan,performance,red,polyester,"Miami, FL",tropical
U01287,24,female,160.7,71.5,27.7,8.5,XL,normal,outdoor,beginner,2,outdoor,10,35,Nike,performance,black,cotton,"Detroit, MI",continental
U01288,22,female,159.5,65.9,25.9,8.5,L,low,tennis,intermediate,2,outdoor,58,208,Nike,performance,green,synthetic,"Seattle, WA",temperate
U01289,22,female,162.9,60.8,22.9,8.0,M,normal,training,beginner,5,indoor,20,46,Adidas|Nike|Jordan,performance,white,polyester,"Dallas, TX",hot
U01290,32,female,156.5,57.8,23.6,8.0,M,normal,training,advanced,4,indoor,34,182,Adidas|Nike,casual,navy,mesh,"New York, NY",continental
U01291,46,male,170.6,101.0,34.7,10.0,XXL,normal,running,beginner,2,outdoor,12,65,Adidas,performance,blue,polyester,"Minneapolis, MN",cold
U01292,25,female,174.3,74.7,24.6,10.5,L,high,skateboarding,beginner,3,outdoor,33,118,Nike|Adidas,casual,brown,cotton,"Detroit, MI",continental
U01293,32,male,178.5,64.0,20.1,10.5,S,normal,yoga,beginner,3,both,11,35,Nike,performance,grey,fleece,"Philadelphia, PA",temperate
U01294,49,female,158.3,73.4,29.3,8.0,XL,high,training,intermediate,4,indoor,56,184,Adidas|Jordan,performance,blue,polyester,"Chicago, IL",continental
U01295,37,male,184.2,85.8,25.3,11.0,M,normal,yoga,beginner,4,indoor,48,110,Adidas|Nike,performance,blue,cotton,"San Diego, CA",hot
U01296,51,female,160.2,54.7,21.3,8.0,S,normal,training,beginner,3,both,29,65,Adidas|Jordan|Nike,athleisure,black,polyester,"San Diego, CA",hot
U01297,39,female,161.7,57.8,22.1,8.0,M,normal,training,advanced,3,indoor,32,196,Adidas|Nike,casual,navy,mesh,"Dallas, TX",hot
U01298,45,male,176.6,80.5,25.8,10.0,L,normal,football,intermediate,4,indoor,18,90,Adidas,retro,blue,synthetic,"San Francisco, CA",temperate
U01299,57,female,164.0,62.1,23.1,9.0,M,normal,training,intermediate,4,indoor,13,42,Nike|Adidas|Jordan,performance,black,cotton,"Denver, CO",cold
U01300,43,female,166.9,63.2,22.7,10.0,M,normal,yoga,beginner,4,indoor,36,83,Jordan,performance,red,polyester,"San Francisco, CA",temperate
U01301,18,female,177.9,61.7,19.5,11.0,S,normal,training,intermediate,4,both,22,95,Jordan|Nike,performance,blue,knit,"Charlotte, NC",temperate
U01302,60,female,163.5,65.8,24.6,8.0,L,normal,yoga,beginner,2,indoor,16,60,Nike,casual,black,polyester,"Detroit, MI",continental
U01303,42,male,175.4,84.6,27.5,10.5,L,normal,training,beginner,5,indoor,18,80,Adidas,performance,red,knit,"Orlando, FL",tropical
U01304,27,male,191.7,87.1,23.7,12.5,L,high,football,intermediate,2,outdoor,36,81,Nike|Adidas,casual,blue,knit,"Philadelphia, PA",temperate
U01305,20,male,191.7,67.6,18.4,12.5,S,normal,swimming,beginner,2,both,20,100,Nike|Adidas,performance,brown,synthetic,"Dallas, TX",hot
U01306,48,female,166.4,64.0,23.1,9.0,M,normal,training,intermediate,2,indoor,34,105,Nike|Jordan|Adidas,athleisure,blue,knit,"Philadelphia, PA",temperate
U01307,52,female,162.9,49.4,18.6,8.5,S,low,yoga,beginner,3,indoor,13,82,Nike|Adidas,athleisure,white,synthetic,"Orlando, FL",tropical
U01308,49,female,171.4,56.7,19.3,9.5,S,normal,yoga,advanced,3,indoor,49,147,Adidas,performance,green,cotton,"Seattle, WA",temperate
U01309,34,female,177.9,71.5,22.6,10.5,M,normal,swimming,intermediate,4,both,44,163,Jordan|Nike|Adidas,retro,grey,leather,"Detroit, MI",continental
U01310,45,female,162.9,85.4,32.2,8.5,XXL,normal,running,intermediate,4,indoor,35,110,Adidas|Nike|Jordan,performance,yellow,gore-tex,"Phoenix, AZ",hot
U01311,30,male,185.3,79.3,23.1,11.5,M,normal,yoga,beginner,4,indoor,11,63,Adidas|Nike|Jordan,athleisure,blue,polyester,"San Francisco, CA",temperate
U01312,38,male,178.5,84.1,26.4,11.0,L,normal,running,advanced,2,outdoor,49,274,Nike|Adidas|Jordan,athleisure,black,synthetic,"New York, NY",continental
U01313,32,male,183.3,82.7,24.6,10.5,M,high,running,intermediate,5,both,10,51,Adidas|Nike,casual,blue,gore-tex,"Dallas, TX",hot
U01314,49,male,174.8,85.2,27.9,10.0,L,low,lifestyle,beginner,3,indoor,23,58,Nike|Jordan,retro,black,leather,"New York, NY",continental
U01315,32,female,157.6,59.9,24.1,8.0,M,normal,training,intermediate,3,both,30,81,Jordan|Adidas,performance,grey,cotton,"Miami, FL",tropical
U01316,36,female,162.9,67.1,25.3,8.0,L,normal,running,intermediate,2,indoor,23,123,Adidas,performance,navy,synthetic,"Philadelphia, PA",temperate
U01317,31,female,152.0,60.5,26.2,6.0,L,low,training,intermediate,2,indoor,29,120,Adidas|Nike,performance,red,nylon,"Atlanta, GA",temperate
U01318,34,female,155.2,66.0,27.4,7.0,L,normal,basketball,beginner,2,both,18,65,Nike,casual,grey,synthetic,"Los Angeles, CA",hot
U01319,18,female,167.3,52.9,18.9,9.0,S,low,football,intermediate,3,outdoor,11,64,Adidas,casual,black,mesh,"Boston, MA",continental
U01320,44,female,162.3,73.0,27.7,9.0,XL,low,training,intermediate,3,outdoor,42,104,Jordan,performance,white,leather,"Denver, CO",cold
U01321,20,female,164.9,50.3,18.5,8.5,S,normal,tennis,intermediate,3,outdoor,26,99,Jordan,athleisure,blue,leather,"Minneapolis, MN",cold
U01322,36,female,162.9,48.8,18.4,8.0,XS,normal,training,advanced,4,indoor,54,153,Nike|Jordan,performance,navy,synthetic,"Portland, OR",temperate
U01323,29,female,172.6,64.1,21.5,10.0,M,high,training,intermediate,4,indoor,57,167,Nike|Adidas,performance,yellow,polyester,"Atlanta, GA",temperate
U01324,53,female,158.9,69.9,27.7,7.5,XL,high,outdoor,advanced,5,outdoor,90,213,Jordan|Nike,performance,black,polyester,"Denver, CO",cold
U01325,31,female,168.8,52.1,18.3,9.5,XS,normal,yoga,beginner,3,indoor,25,66,Adidas|Nike,casual,blue,mesh,"Los Angeles, CA",hot
U01326,40,female,159.5,54.4,21.4,7.5,S,normal,outdoor,intermediate,3,outdoor,10,39,Jordan|Nike,performance,black,mesh,"Las Vegas, NV",hot
U01327,58,male,172.7,81.7,27.4,9.0,L,high,outdoor,beginner,4,outdoor,10,49,Adidas,performance,brown,knit,"Miami, FL",tropical
U01328,24,female,162.9,67.9,25.6,8.5,L,normal,training,beginner,2,both,20,69,Nike|Adidas,casual,pink,synthetic,"Denver, CO",cold
U01329,48,male,175.4,88.0,28.6,10.5,XL,normal,running,intermediate,2,outdoor,17,93,Nike,athleisure,white,cotton,"Chicago, IL",continental
U01330,32,female,162.3,59.3,22.5,9.0,M,normal,training,intermediate,3,indoor,32,119,Nike|Jordan|Adidas,performance,navy,synthetic,"Minneapolis, MN",cold
U01331,18,male,179.1,85.0,26.5,10.0,L,high,football,advanced,4,outdoor,55,123,Adidas,performance,purple,fleece,"Las Vegas, NV",hot
U01332,60,male,173.7,67.9,22.5,9.0,M,high,training,advanced,3,both,32,149,Adidas|Nike|Jordan,performance,black,synthetic,"Houston, TX",tropical
U01333,47,female,174.3,67.1,22.1,10.5,M,low,football,intermediate,3,outdoor,68,189,Nike,casual,white,polyester,"Phoenix, AZ",hot
U01334,37,female,167.0,46.9,16.8,9.5,XS,high,training,advanced,2,outdoor,52,230,Nike,casual,blue,rubber,"Charlotte, NC",temperate
U01335,36,female,162.3,65.1,24.7,7.5,L,normal,running,intermediate,3,outdoor,10,61,Adidas|Jordan|Nike,performance,white,cotton,"Los Angeles, CA",hot
U01336,43,male,183.7,84.0,24.9,11.0,M,normal,training,intermediate,3,indoor,10,52,Adidas|Nike,athleisure,black,cotton,"San Diego, CA",hot
U01337,57,male,176.0,78.1,25.2,9.5,M,normal,football,intermediate,4,outdoor,19,104,Jordan,performance,black,polyester,"Boston, MA",continental
U01338,57,male,180.8,63.7,19.5,10.0,S,normal,lifestyle,advanced,5,both,53,221,Adidas|Nike,athleisure,white,synthetic,"Boston, MA",continental
U01339,22,female,166.4,52.3,18.9,8.5,S,normal,basketball,beginner,3,indoor,15,35,Adidas,retro,green,nylon,"Charlotte, NC",temperate
U01340,18,male,184.8,81.6,23.9,11.0,M,normal,football,beginner,2,outdoor,16,49,Adidas,performance,multi,cotton,"Miami, FL",tropical
U01341,35,female,160.7,72.3,28.0,8.5,XL,normal,yoga,intermediate,4,both,53,284,Jordan,performance,black,nylon,"Houston, TX",tropical
U01342,51,male,178.5,94.3,29.6,11.0,XL,low,lifestyle,advanced,4,indoor,25,147,Nike,casual,orange,synthetic,"Portland, OR",temperate
U01343,33,female,162.3,49.0,18.6,8.5,S,high,training,intermediate,3,both,134,303,Adidas,casual,blue,knit,"Boston, MA",continental
U01344,45,female,153.0,67.7,28.9,7.5,XL,normal,lifestyle,beginner,2,outdoor,10,46,Nike,performance,black,fleece,"Las Vegas, NV",hot
U01345,19,male,174.8,79.1,25.9,9.5,L,normal,training,advanced,4,both,24,103,Nike|Adidas|Jordan,athleisure,navy,knit,"Boston, MA",continental
U01346,57,male,191.8,94.2,25.6,12.5,XL,low,basketball,intermediate,3,both,26,64,Adidas,retro,grey,gore-tex,"San Diego, CA",hot
U01347,40,female,168.1,83.6,29.6,9.5,XL,high,yoga,intermediate,3,indoor,19,61,Nike,athleisure,white,nylon,"Seattle, WA",temperate
U01348,25,male,182.6,64.0,19.2,11.0,XS,high,training,beginner,3,both,10,35,Adidas,performance,grey,synthetic,"Los Angeles, CA",hot
U01349,20,female,167.7,46.1,16.4,9.5,XS,normal,training,intermediate,3,indoor,27,78,Jordan|Nike|Adidas,performance,blue,fleece,"Chicago, IL",continental
U01350,25,male,179.8,78.9,24.4,10.5,M,normal,training,intermediate,4,indoor,29,112,Nike,athleisure,blue,nylon,"Seattle, WA",temperate
U01351,50,male,183.7,91.8,27.2,11.0,L,normal,running,intermediate,5,outdoor,25,78,Jordan,performance,grey,leather,"Seattle, WA",temperate
U01352,37,female,164.9,66.9,24.6,9.0,L,low,running,intermediate,3,outdoor,15,86,Jordan|Nike|Adidas,performance,black,nylon,"Minneapolis, MN",cold
U01353,47,female,146.2,67.8,31.7,6.5,XXL,normal,running,beginner,3,outdoor,49,119,Nike|Adidas,athleisure,blue,polyester,"Phoenix, AZ",hot
U01354,18,male,178.5,71.4,22.4,10.5,S,high,running,beginner,3,both,26,80,Adidas,performance,brown,leather,"Seattle, WA",temperate
U01355,58,female,169.2,51.0,17.8,9.0,XS,normal,running,intermediate,2,outdoor,12,77,Adidas|Jordan,performance,grey,synthetic,"Seattle, WA",temperate
U01356,57,male,179.2,76.1,23.7,10.0,M,high,outdoor,intermediate,2,outdoor,33,103,Nike,performance,navy,nylon,"Chicago, IL",continental
U01357,33,male,185.4,82.5,24.0,12.0,M,low,running,beginner,2,outdoor,10,35,Adidas,performance,red,cotton,"Minneapolis, MN",cold
U01358,19,male,180.3,89.1,27.4,10.5,L,high,running,advanced,3,indoor,64,152,Adidas|Nike,performance,grey,cotton,"Las Vegas, NV",hot
U01359,33,male,179.8,64.3,19.9,10.5,S,high,running,beginner,4,outdoor,12,63,Jordan|Nike|Adidas,performance,orange,polyester,"Dallas, TX",hot
U01360,38,female,153.0,48.9,20.9,7.0,S,normal,yoga,advanced,3,indoor,35,141,Adidas|Jordan|Nike,athleisure,black,polyester,"Boston, MA",continental
U01361,18,male,183.7,69.9,20.7,10.5,S,normal,training,beginner,3,indoor,20,54,Jordan|Adidas,performance,black,leather,"Detroit, MI",continental
U01362,27,male,182.6,85.0,25.5,11.5,L,normal,football,advanced,4,outdoor,34,156,Jordan,performance,black,fleece,"Dallas, TX",hot
U01363,32,female,167.3,50.4,18.0,9.0,XS,high,yoga,intermediate,2,both,15,60,Jordan|Nike,athleisure,beige,cotton,"Minneapolis, MN",cold
U01364,27,female,165.5,63.0,23.0,9.0,M,normal,training,intermediate,4,indoor,81,213,Nike|Jordan|Adidas,performance,black,rubber,"Houston, TX",tropical
U01365,35,female,168.1,62.4,22.1,9.5,M,normal,running,advanced,4,outdoor,89,246,Nike|Adidas,performance,orange,cotton,"Atlanta, GA",temperate
U01366,27,male,167.3,75.9,27.1,8.5,L,normal,tennis,beginner,3,outdoor,14,55,Nike,casual,black,knit,"Phoenix, AZ",hot
U01367,21,male,191.8,82.8,22.5,12.5,L,normal,football,advanced,3,outdoor,19,65,Adidas|Nike|Jordan,retro,grey,mesh,"Portland, OR",temperate
U01368,33,male,182.6,73.0,21.9,11.5,S,normal,training,advanced,4,both,19,59,Nike|Adidas|Jordan,athleisure,navy,polyester,"Miami, FL",tropical
U01369,20,female,151.4,60.3,26.3,6.5,L,normal,outdoor,intermediate,2,outdoor,83,200,Adidas,performance,green,cotton,"Las Vegas, NV",hot
U01370,18,male,177.2,83.2,26.5,10.0,L,high,basketball,beginner,3,indoor,17,50,Nike|Jordan,casual,black,fleece,"Denver, CO",cold
U01371,25,male,167.3,63.8,22.8,8.5,M,low,outdoor,intermediate,3,outdoor,48,145,Nike|Jordan|Adidas,performance,red,fleece,"Charlotte, NC",temperate
U01372,18,male,184.2,65.5,19.3,11.5,XS,high,training,advanced,5,both,36,91,Jordan,performance,purple,leather,"San Francisco, CA",temperate
U01373,21,male,179.2,85.1,26.5,10.5,L,normal,running,advanced,4,outdoor,29,119,Adidas|Nike|Jordan,performance,multi,rubber,"Portland, OR",temperate
U01374,24,female,169.2,61.6,21.5,9.0,M,high,training,intermediate,4,indoor,22,77,Nike,performance,multi,fleece,"Los Angeles, CA",hot
U01375,44,female,169.3,60.2,21.0,10.0,S,low,training,beginner,3,outdoor,26,72,Jordan,athleisure,beige,mesh,"Atlanta, GA",temperate
U01376,20,male,163.7,80.4,30.0,7.5,XL,normal,training,intermediate,3,both,24,89,Adidas|Nike|Jordan,performance,grey,leather,"Phoenix, AZ",hot
U01377,28,female,167.0,51.0,18.3,10.0,XS,high,running,beginner,3,outdoor,13,44,Nike|Adidas|Jordan,performance,black,cotton,"Atlanta, GA",temperate
U01378,54,male,167.3,80.3,28.7,8.5,XL,normal,running,beginner,2,outdoor,10,44,Adidas,performance,grey,mesh,"San Francisco, CA",temperate
U01379,28,male,180.8,88.6,27.1,11.0,L,low,yoga,beginner,2,indoor,21,63,Nike|Adidas|Jordan,athleisure,black,leather,"Seattle, WA",temperate
U01380,41,male,176.0,98.2,31.7,10.5,XL,normal,running,beginner,4,outdoor,12,35,Nike|Jordan,performance,beige,cotton,"Boston, MA",continental
U01381,30,male,168.1,84.2,29.8,9.5,XL,low,training,advanced,4,indoor,48,117,Nike|Adidas|Jordan,performance,blue,gore-tex,"Houston, TX",tropical
U01382,21,female,155.2,49.1,20.4,6.5,S,normal,training,beginner,3,indoor,10,50,Nike|Adidas,athleisure,white,fleece,"Los Angeles, CA",hot
U01383,44,female,171.4,74.3,25.3,10.0,L,normal,running,intermediate,4,outdoor,52,124,Nike|Adidas|Jordan,performance,beige,mesh,"Portland, OR",temperate
U01384,37,male,176.6,86.4,27.7,10.0,L,high,lifestyle,intermediate,4,both,35,197,Nike|Adidas,performance,white,polyester,"New York, NY",continental
U01385,19,female,160.7,70.5,27.3,8.5,L,normal,training,intermediate,3,indoor,26,70,Nike|Adidas,performance,blue,mesh,"San Diego, CA",hot
U01386,50,male,174.8,73.9,24.2,9.5,M,low,yoga,advanced,3,outdoor,55,168,Nike,performance,blue,gore-tex,"Portland, OR",temperate
U01387,49,male,181.8,75.0,22.7,10.5,M,normal,training,intermediate,4,indoor,13,48,Nike,casual,yellow,polyester,"San Francisco, CA",temperate
U01388,19,female,168.1,49.2,17.4,9.5,XS,normal,running,advanced,3,outdoor,67,156,Adidas,athleisure,blue,mesh,"New York, NY",continental
U01389,21,male,168.2,75.5,26.7,8.5,L,low,running,intermediate,3,outdoor,17,59,Adidas,performance,grey,rubber,"Los Angeles, CA",hot
U01390,19,female,172.6,47.7,16.0,9.5,XS,high,training,advanced,2,both,19,119,Adidas|Jordan|Nike,performance,black,mesh,"San Francisco, CA",temperate
U01391,22,female,158.9,55.0,21.8,8.0,M,normal,training,beginner,3,indoor,20,65,Nike|Jordan,performance,blue,knit,"Miami, FL",tropical
U01392,28,male,175.4,76.6,24.9,10.0,M,low,yoga,beginner,4,indoor,25,81,Adidas|Nike,athleisure,red,mesh,"Seattle, WA",temperate
U01393,21,male,173.3,72.7,24.2,9.0,M,normal,training,intermediate,2,indoor,18,47,Adidas,casual,white,leather,"Philadelphia, PA",temperate
U01394,30,female,161.7,73.7,28.2,9.0,XL,low,lifestyle,beginner,2,indoor,23,91,Adidas|Nike,retro,red,mesh,"Los Angeles, CA",hot
U01395,18,female,169.9,63.2,21.9,10.0,M,normal,training,advanced,5,both,23,133,Nike,performance,blue,rubber,"Phoenix, AZ",hot
U01396,25,female,169.3,54.5,19.0,10.0,S,normal,training,intermediate,3,both,46,179,Nike|Jordan,athleisure,black,cotton,"Los Angeles, CA",hot
U01397,22,female,157.2,64.7,26.2,8.0,L,low,yoga,intermediate,3,indoor,53,159,Nike,performance,black,polyester,"Philadelphia, PA",temperate
U01398,38,male,180.4,90.8,27.9,11.0,L,normal,running,intermediate,4,outdoor,65,206,Jordan,performance,black,leather,"Houston, TX",tropical
U01399,23,male,159.8,93.5,36.6,7.5,XXL,normal,running,advanced,5,outdoor,30,74,Adidas,performance,grey,knit,"Los Angeles, CA",hot
U01400,29,female,162.9,67.1,25.3,9.0,L,normal,training,intermediate,2,both,29,124,Jordan,athleisure,orange,synthetic,"Atlanta, GA",temperate
U01401,36,male,178.5,74.6,23.4,10.5,M,normal,yoga,intermediate,5,indoor,17,54,Jordan|Nike,performance,white,polyester,"Chicago, IL",continental
U01402,55,male,186.7,91.0,26.1,12.0,L,normal,training,advanced,4,both,126,285,Adidas|Nike,performance,red,cotton,"Minneapolis, MN",cold
U01403,32,female,158.3,50.9,20.3,7.5,S,normal,training,intermediate,3,indoor,47,193,Nike,performance,yellow,synthetic,"New York, NY",continental
U01404,41,female,154.6,59.0,24.7,7.5,L,low,training,beginner,4,both,28,98,Adidas|Jordan,performance,navy,mesh,"Atlanta, GA",temperate
U01405,42,female,160.7,84.7,32.8,9.0,XXL,low,training,beginner,2,indoor,24,54,Nike|Jordan|Adidas,casual,beige,synthetic,"San Diego, CA",hot
U01406,18,male,191.8,93.1,25.3,12.5,L,normal,outdoor,advanced,2,outdoor,33,170,Jordan|Nike,performance,white,cotton,"Seattle, WA",temperate
U01407,41,female,171.4,74.3,25.3,9.5,L,low,training,intermediate,4,indoor,27,83,Nike|Adidas,retro,blue,mesh,"Philadelphia, PA",temperate
U01408,46,female,168.1,70.6,25.0,10.0,L,low,outdoor,intermediate,2,outdoor,28,106,Nike,casual,navy,cotton,"Chicago, IL",continental
U01409,22,male,184.3,81.9,24.1,11.0,M,high,training,intermediate,3,indoor,14,83,Adidas|Nike,performance,black,gore-tex,"Boston, MA",continental
U01410,18,female,170.9,61.0,20.9,9.5,S,normal,running,beginner,2,outdoor,13,35,Jordan,casual,blue,knit,"Phoenix, AZ",hot
U01411,52,female,169.9,52.2,18.1,9.0,XS,normal,basketball,beginner,4,indoor,10,46,Nike,performance,red,knit,"Portland, OR",temperate
U01412,23,male,174.3,77.5,25.5,9.0,L,normal,outdoor,beginner,2,outdoor,58,138,Adidas,performance,black,synthetic,"Seattle, WA",temperate
U01413,25,male,176.6,63.6,20.4,10.5,S,low,football,intermediate,5,outdoor,28,101,Adidas|Nike,performance,red,polyester,"Houston, TX",tropical
U01414,32,male,177.7,86.5,27.4,11.0,L,normal,running,intermediate,2,both,22,112,Adidas,athleisure,blue,synthetic,"Denver, CO",cold
U01415,39,female,158.3,65.2,26.0,7.5,L,normal,training,beginner,4,indoor,15,65,Nike|Adidas,casual,grey,mesh,"Seattle, WA",temperate
U01416,19,male,185.4,79.4,23.1,11.5,M,high,yoga,intermediate,3,indoor,29,72,Nike|Jordan,casual,grey,polyester,"Phoenix, AZ",hot
U01417,38,female,146.3,59.9,28.0,6.0,XL,low,training,intermediate,4,indoor,28,107,Nike,performance,purple,cotton,"San Diego, CA",hot
U01418,21,male,178.5,96.2,30.2,10.5,XL,low,training,intermediate,5,both,17,73,Jordan,performance,multi,polyester,"Las Vegas, NV",hot
U01419,25,male,174.3,76.0,25.0,10.0,M,normal,training,advanced,2,indoor,14,63,Nike,performance,grey,knit,"Las Vegas, NV",hot
U01420,48,male,172.7,90.4,30.3,10.0,XL,normal,running,intermediate,5,outdoor,47,146,Nike|Adidas,athleisure,blue,rubber,"Portland, OR",temperate
U01421,19,female,152.0,65.6,28.4,7.0,XL,low,outdoor,beginner,3,outdoor,24,105,Adidas,performance,blue,mesh,"Seattle, WA",temperate
U01422,35,male,187.8,62.4,17.7,11.5,XS,normal,training,advanced,5,indoor,43,101,Adidas|Nike,performance,red,gore-tex,"Detroit, MI",continental
U01423,38,male,187.8,59.6,16.9,12.0,XS,normal,running,beginner,5,indoor,10,55,Jordan,performance,white,mesh,"New York, NY",continental
U01424,44,male,176.6,90.1,28.9,10.0,XL,normal,training,beginner,4,both,24,122,Adidas|Nike,performance,grey,knit,"Houston, TX",tropical
U01425,19,male,169.9,65.8,22.8,8.5,M,high,running,intermediate,2,both,17,62,Nike|Jordan,performance,black,mesh,"San Diego, CA",hot
U01426,34,male,181.8,90.9,27.5,11.0,L,normal,training,beginner,2,both,16,76,Adidas|Nike,performance,black,fleece,"Phoenix, AZ",hot
U01427,48,female,166.4,64.0,23.1,9.0,M,normal,training,intermediate,2,outdoor,173,450,Adidas|Nike|Jordan,performance,black,polyester,"Houston, TX",tropical
U01428,31,female,157.6,59.9,24.1,7.0,M,normal,training,intermediate,3,outdoor,58,137,Nike,performance,black,synthetic,"Phoenix, AZ",hot
U01429,28,male,176.0,79.3,25.6,10.5,L,normal,running,beginner,4,outdoor,22,67,Adidas|Nike,performance,white,gore-tex,"Boston, MA",continental
U01430,28,female,164.0,60.5,22.5,8.5,M,high,basketball,advanced,4,indoor,97,239,Adidas,retro,grey,mesh,"Atlanta, GA",temperate
U01431,38,male,177.7,69.2,21.9,10.0,S,normal,yoga,advanced,5,indoor,89,229,Nike|Adidas|Jordan,casual,black,leather,"Boston, MA",continental
U01432,27,female,178.0,68.4,21.6,11.0,M,high,football,intermediate,4,outdoor,16,80,Nike,performance,multi,mesh,"Charlotte, NC",temperate
U01433,23,female,165.5,63.5,23.2,8.5,M,normal,yoga,intermediate,3,indoor,10,42,Nike|Adidas,athleisure,black,synthetic,"Minneapolis, MN",cold
U01434,27,male,170.6,73.6,25.3,8.5,M,normal,football,beginner,5,outdoor,28,83,Adidas,performance,purple,mesh,"New York, NY",continental
U01435,40,female,156.6,49.3,20.1,7.5,S,high,yoga,intermediate,5,indoor,64,144,Nike|Adidas|Jordan,athleisure,pink,knit,"Atlanta, GA",temperate
U01436,25,female,162.9,60.8,22.9,8.5,M,high,running,beginner,5,outdoor,23,57,Adidas|Nike,performance,green,knit,"Detroit, MI",continental
U01437,20,female,169.3,57.0,19.9,10.0,S,high,training,advanced,5,indoor,90,270,Adidas|Nike,casual,white,cotton,"Las Vegas, NV",hot
U01438,49,female,155.2,52.5,21.8,7.5,M,normal,running,advanced,2,outdoor,56,303,Adidas|Nike,performance,beige,leather,"Miami, FL",tropical
U01439,35,male,166.6,93.5,33.7,9.0,XXL,normal,basketball,intermediate,4,indoor,56,145,Nike|Jordan,retro,white,mesh,"Seattle, WA",temperate
U01440,50,female,160.7,58.9,22.8,8.5,M,normal,running,intermediate,2,outdoor,33,93,Nike,performance,black,polyester,"Philadelphia, PA",temperate
U01441,29,male,183.3,82.7,24.6,11.5,M,normal,training,intermediate,5,indoor,19,44,Nike,athleisure,black,mesh,"Detroit, MI",continental
U01442,54,female,156.6,76.8,31.3,8.5,XL,low,running,intermediate,4,both,36,98,Adidas,casual,grey,knit,"New York, NY",continental
U01443,19,female,170.9,67.5,23.1,10.0,M,normal,basketball,advanced,3,indoor,11,63,Adidas,performance,black,cotton,"Portland, OR",temperate
U01444,41,male,184.3,99.9,29.4,11.0,XL,high,swimming,advanced,2,indoor,20,61,Adidas|Jordan,performance,orange,rubber,"Denver, CO",cold
U01445,18,male,170.0,76.3,26.4,9.0,L,normal,running,advanced,2,both,48,178,Nike|Adidas|Jordan,performance,navy,fleece,"San Diego, CA",hot
U01446,30,female,166.4,60.9,22.0,8.5,M,normal,training,beginner,2,both,29,106,Adidas|Jordan,performance,beige,fleece,"Houston, TX",tropical
U01447,50,male,177.7,78.0,24.7,10.0,M,low,lifestyle,beginner,2,both,12,35,Nike,casual,navy,cotton,"Miami, FL",tropical
U01448,44,male,181.4,72.7,22.1,10.5,S,normal,training,advanced,3,both,62,148,Nike|Jordan,performance,black,leather,"Portland, OR",temperate
U01449,28,male,185.9,85.7,24.8,12.0,M,low,running,beginner,4,outdoor,25,65,Nike,performance,blue,cotton,"Denver, CO",cold
U01450,28,male,179.8,64.7,20.0,11.0,S,low,running,beginner,4,both,10,57,Nike|Adidas,performance,black,polyester,"Minneapolis, MN",cold
U01451,21,male,170.7,81.3,27.9,9.5,L,high,yoga,intermediate,2,indoor,10,48,Nike|Adidas,athleisure,beige,mesh,"Las Vegas, NV",hot
U01452,49,male,163.9,83.3,31.0,8.5,XL,normal,tennis,advanced,3,outdoor,75,289,Nike|Adidas,retro,red,gore-tex,"Chicago, IL",continental
U01453,19,male,174.3,68.1,22.4,9.0,S,low,training,beginner,4,indoor,12,35,Adidas|Jordan|Nike,athleisure,grey,fleece,"Atlanta, GA",temperate
U01454,19,male,183.7,84.7,25.1,11.0,M,normal,lifestyle,advanced,2,outdoor,20,60,Nike,athleisure,navy,cotton,"San Diego, CA",hot
U01455,39,male,181.8,79.0,23.9,12.0,M,low,training,advanced,3,indoor,28,93,Adidas|Nike,performance,green,synthetic,"Orlando, FL",tropical
U01456,19,male,173.3,84.4,28.1,10.0,L,normal,training,beginner,3,indoor,18,65,Nike|Adidas|Jordan,performance,beige,polyester,"Seattle, WA",temperate
U01457,34,female,160.2,49.3,19.2,8.0,S,normal,basketball,intermediate,3,indoor,36,94,Adidas,casual,red,gore-tex,"Atlanta, GA",temperate
U01458,35,male,180.8,64.1,19.6,10.5,S,normal,training,beginner,5,indoor,10,47,Nike|Adidas,performance,red,knit,"Phoenix, AZ",hot
U01459,23,female,155.2,73.2,30.4,7.5,XL,normal,swimming,intermediate,2,indoor,35,107,Adidas,casual,grey,mesh,"San Francisco, CA",temperate
U01460,36,female,162.3,72.4,27.5,8.0,XL,normal,yoga,advanced,3,indoor,75,190,Nike|Adidas,athleisure,white,cotton,"Houston, TX",tropical
U01461,56,female,161.2,54.3,20.9,8.0,S,normal,training,intermediate,4,indoor,10,35,Nike,casual,grey,leather,"Las Vegas, NV",hot
U01462,43,male,170.7,76.1,26.1,9.0,L,high,outdoor,advanced,4,outdoor,43,205,Adidas,athleisure,red,leather,"New York, NY",continental
U01463,20,female,153.7,66.6,28.2,7.0,XL,high,football,advanced,3,both,78,222,Nike|Adidas,performance,purple,synthetic,"Boston, MA",continental
U01464,18,male,174.3,68.1,22.4,9.0,S,high,yoga,beginner,4,indoor,10,51,Adidas,athleisure,red,cotton,"Denver, CO",cold
U01465,50,female,160.7,60.2,23.3,9.0,M,high,training,intermediate,3,indoor,28,95,Nike,performance,multi,knit,"San Francisco, CA",temperate
U01466,38,male,182.6,66.7,20.0,11.0,S,high,yoga,beginner,4,indoor,61,144,Jordan|Adidas,athleisure,red,synthetic,"Los Angeles, CA",hot
U01467,48,female,158.3,79.7,31.8,8.5,XXL,normal,training,intermediate,4,indoor,13,78,Adidas|Nike,performance,red,synthetic,"Orlando, FL",tropical
U01468,21,male,186.0,98.3,28.4,12.0,L,normal,yoga,beginner,3,both,21,50,Nike,casual,black,knit,"Las Vegas, NV",hot
U01469,20,female,161.2,59.8,23.0,8.5,M,normal,training,advanced,3,indoor,32,155,Nike|Adidas,casual,navy,mesh,"Seattle, WA",temperate
U01470,54,female,169.9,52.2,18.1,9.5,XS,high,training,beginner,4,indoor,19,66,Nike|Adidas|Jordan,athleisure,black,knit,"Denver, CO",cold
U01471,27,female,154.6,63.8,26.7,8.0,L,high,training,beginner,3,indoor,11,58,Nike,athleisure,blue,mesh,"Chicago, IL",continental
U01472,33,female,158.9,71.0,28.1,8.0,XL,normal,yoga,beginner,3,both,24,67,Nike|Adidas|Jordan,performance,navy,mesh,"San Francisco, CA",temperate
U01473,18,female,167.3,52.9,18.9,8.5,S,normal,running,intermediate,3,both,75,166,Adidas|Nike|Jordan,performance,red,cotton,"Charlotte, NC",temperate
U01474,44,male,173.7,69.1,22.9,9.5,M,high,running,beginner,3,outdoor,22,91,Nike|Adidas,performance,purple,rubber,"Philadelphia, PA",temperate
U01475,21,male,181.4,74.7,22.7,10.5,M,normal,training,beginner,3,indoor,22,52,Jordan|Adidas|Nike,performance,blue,leather,"New York, NY",continental
U01476,46,male,180.9,81.5,24.9,10.5,M,normal,training,beginner,5,indoor,17,45,Jordan|Nike,retro,blue,fleece,"Boston, MA",continental
U01477,18,male,179.2,81.6,25.4,10.5,M,low,yoga,beginner,3,both,17,39,Adidas|Jordan,athleisure,navy,synthetic,"Los Angeles, CA",hot
U01478,19,male,176.6,63.6,20.4,10.0,S,normal,running,advanced,2,both,71,202,Nike,performance,white,cotton,"Orlando, FL",tropical
U01479,23,male,181.4,94.4,28.7,11.0,XL,low,yoga,beginner,3,indoor,12,35,Jordan|Nike,athleisure,white,synthetic,"Phoenix, AZ",hot
U01480,26,male,177.7,79.3,25.1,10.0,M,low,training,advanced,2,indoor,195,450,Jordan,athleisure,black,rubber,"Los Angeles, CA",hot
U01481,20,female,164.9,61.7,22.7,9.0,M,normal,training,intermediate,2,indoor,31,85,Adidas|Nike,performance,yellow,cotton,"Las Vegas, NV",hot
U01482,19,male,184.3,81.9,24.1,10.5,M,low,running,intermediate,3,outdoor,19,48,Adidas,performance,black,cotton,"San Francisco, CA",temperate
U01483,21,female,168.5,76.1,26.8,10.0,L,high,basketball,intermediate,4,indoor,22,93,Nike|Adidas,casual,multi,leather,"Charlotte, NC",temperate
U01484,31,female,163.5,79.9,29.9,9.0,XL,normal,lifestyle,beginner,2,both,10,46,Adidas|Jordan|Nike,casual,white,fleece,"Portland, OR",temperate
U01485,21,female,157.6,60.4,24.3,7.0,M,normal,running,beginner,5,both,15,45,Nike|Adidas,performance,pink,rubber,"Miami, FL",tropical
U01486,27,female,158.3,67.4,26.9,8.0,L,low,training,intermediate,3,both,13,56,Adidas,retro,green,knit,"Charlotte, NC",temperate
U01487,34,male,180.4,79.1,24.3,11.0,M,high,football,intermediate,4,outdoor,27,95,Nike,athleisure,grey,mesh,"San Francisco, CA",temperate
U01488,24,male,184.3,81.9,24.1,11.5,M,normal,football,intermediate,3,outdoor,14,35,Nike,performance,grey,rubber,"Portland, OR",temperate
U01489,22,male,184.8,91.5,26.8,12.0,L,normal,swimming,intermediate,3,indoor,23,67,Nike|Jordan|Adidas,performance,navy,polyester,"Phoenix, AZ",hot
U01490,46,male,182.6,81.4,24.4,11.0,M,normal,running,advanced,3,both,51,117,Nike|Adidas,performance,black,mesh,"Detroit, MI",continental
U01491,37,female,162.9,48.8,18.4,9.0,XS,normal,basketball,advanced,4,indoor,34,134,Adidas|Nike,performance,black,knit,"Houston, TX",tropical
U01492,25,female,156.0,69.4,28.5,7.5,XL,normal,outdoor,intermediate,3,indoor,18,76,Nike|Jordan,performance,pink,polyester,"Boston, MA",continental
U01493,24,female,159.5,72.5,28.5,8.5,XL,normal,running,beginner,3,outdoor,12,54,Adidas|Jordan,casual,blue,nylon,"Las Vegas, NV",hot
U01494,27,female,171.4,78.4,26.7,10.0,L,normal,running,intermediate,3,outdoor,67,152,Nike,performance,multi,mesh,"Miami, FL",tropical
U01495,18,female,175.0,49.0,16.0,11.0,XS,normal,running,advanced,2,both,44,157,Adidas,athleisure,white,mesh,"Denver, CO",cold
U01496,38,male,177.2,91.1,29.0,9.5,XL,high,basketball,advanced,2,indoor,121,285,Adidas,retro,grey,mesh,"Atlanta, GA",temperate
U01497,18,male,189.5,87.3,24.3,12.5,M,normal,training,beginner,2,indoor,11,43,Nike|Adidas,performance,red,gore-tex,"Charlotte, NC",temperate
U01498,28,male,167.3,66.1,23.6,8.0,M,normal,lifestyle,beginner,2,both,17,74,Nike|Jordan|Adidas,casual,pink,gore-tex,"Atlanta, GA",temperate
U01499,39,female,156.6,59.8,24.4,7.5,M,normal,training,intermediate,4,both,47,122,Nike,performance,grey,cotton,"Boston, MA",continental
U01500,22,female,172.9,59.8,20.0,10.0,S,normal,training,beginner,2,indoor,29,86,Nike|Jordan,performance,black,synthetic,"Chicago, IL",continental
U01501,44,male,174.3,72.9,24.0,9.5,M,normal,running,beginner,4,outdoor,15,48,Nike|Adidas,performance,black,cotton,"San Diego, CA",hot
U01502,29,male,169.5,88.2,30.7,9.0,XL,normal,running,advanced,3,outdoor,65,230,Nike|Adidas,performance,black,cotton,"Phoenix, AZ",hot
U01503,18,female,175.0,49.0,16.0,10.5,XS,normal,basketball,intermediate,2,indoor,17,60,Adidas|Jordan,retro,grey,fleece,"Phoenix, AZ",hot
U01504,43,female,154.6,59.0,24.7,6.5,L,high,training,beginner,4,indoor,20,51,Nike,athleisure,white,polyester,"Los Angeles, CA",hot
U01505,27,female,164.1,66.0,24.5,9.0,L,low,lifestyle,beginner,3,both,11,56,Nike|Adidas,casual,black,polyester,"Philadelphia, PA",temperate
U01506,23,female,152.7,65.3,28.0,6.5,XL,normal,training,beginner,3,outdoor,11,64,Nike|Adidas,athleisure,red,rubber,"Portland, OR",temperate
U01507,52,female,157.7,69.9,28.1,7.5,XL,low,football,beginner,4,both,10,41,Nike,performance,grey,mesh,"San Francisco, CA",temperate
U01508,44,male,173.7,100.2,33.2,9.5,XXL,normal,football,beginner,4,both,13,44,Adidas|Jordan,athleisure,navy,polyester,"Miami, FL",tropical
U01509,24,male,176.0,90.8,29.3,10.5,XL,normal,training,intermediate,4,indoor,26,66,Nike,casual,purple,gore-tex,"Orlando, FL",tropical
U01510,43,male,183.3,83.7,24.9,11.5,M,normal,tennis,beginner,5,outdoor,23,66,Jordan|Adidas|Nike,casual,grey,knit,"Orlando, FL",tropical
U01511,22,female,171.4,78.4,26.7,10.5,L,normal,running,intermediate,3,outdoor,26,58,Nike|Adidas|Jordan,performance,black,leather,"Atlanta, GA",temperate
U01512,50,male,175.4,74.8,24.3,10.0,M,normal,training,intermediate,2,indoor,39,117,Nike|Adidas,performance,white,leather,"Philadelphia, PA",temperate
U01513,18,male,177.7,76.4,24.2,10.0,M,normal,training,advanced,4,indoor,35,116,Jordan,performance,black,fleece,"Atlanta, GA",temperate
U01514,48,male,160.1,68.2,26.6,7.0,L,normal,running,intermediate,4,outdoor,45,138,Nike|Adidas|Jordan,athleisure,white,cotton,"New York, NY",continental
U01515,31,female,168.1,71.5,25.3,9.5,L,normal,football,beginner,3,indoor,28,67,Adidas,retro,brown,cotton,"Boston, MA",continental
U01516,59,male,173.3,72.1,24.0,9.0,M,normal,training,advanced,3,indoor,44,282,Adidas|Nike,performance,black,cotton,"Chicago, IL",continental
U01517,26,male,175.4,82.1,26.7,10.5,L,normal,running,beginner,3,outdoor,20,68,Nike,performance,white,synthetic,"Philadelphia, PA",temperate
U01518,38,female,166.0,49.6,18.0,9.5,XS,high,running,intermediate,3,outdoor,17,63,Nike,performance,black,knit,"Miami, FL",tropical
U01519,44,female,159.5,80.4,31.6,8.0,XXL,high,running,advanced,3,both,66,151,Adidas|Nike|Jordan,performance,black,mesh,"Denver, CO",cold
U01520,21,male,183.3,77.6,23.1,11.5,M,normal,running,intermediate,4,both,18,87,Jordan,athleisure,grey,knit,"Atlanta, GA",temperate
U01521,33,female,164.9,59.8,22.0,9.0,M,high,running,intermediate,4,both,11,72,Nike|Adidas,performance,yellow,rubber,"Phoenix, AZ",hot
U01522,28,female,169.3,78.5,27.4,10.0,L,normal,training,intermediate,3,both,68,199,Jordan|Nike,athleisure,black,fleece,"Las Vegas, NV",hot
U01523,28,female,172.6,80.4,27.0,10.5,L,low,yoga,beginner,2,indoor,19,57,Nike|Jordan,athleisure,pink,knit,"Chicago, IL",continental
U01524,50,male,170.0,64.2,22.2,8.5,S,high,yoga,intermediate,4,indoor,20,80,Nike,athleisure,black,leather,"New York, NY",continental
U01525,41,male,171.3,78.1,26.6,8.0,L,normal,tennis,intermediate,5,indoor,35,113,Jordan,retro,pink,cotton,"Philadelphia, PA",temperate
U01526,22,female,153.7,66.9,28.3,7.5,XL,normal,training,advanced,3,indoor,30,92,Adidas|Nike|Jordan,athleisure,multi,polyester,"San Diego, CA",hot
U01527,37,male,166.7,93.6,33.7,8.0,XXL,normal,football,intermediate,4,outdoor,40,158,Adidas,retro,white,mesh,"Orlando, FL",tropical
U01528,24,male,166.1,78.4,28.4,8.0,L,high,training,advanced,2,outdoor,52,187,Adidas,casual,blue,mesh,"Portland, OR",temperate
U01529,51,female,169.3,45.9,16.0,9.5,XS,high,running,intermediate,4,outdoor,21,111,Adidas|Jordan,performance,navy,cotton,"Los Angeles, CA",hot
U01530,40,male,176.0,76.8,24.8,9.5,M,high,yoga,intermediate,2,indoor,51,135,Jordan|Adidas,athleisure,white,cotton,"Houston, TX",tropical
U01531,29,female,176.5,82.6,26.5,11.0,L,normal,training,beginner,2,indoor,14,53,Jordan|Nike,casual,black,cotton,"Chicago, IL",continental
U01532,29,female,156.6,73.6,30.0,7.5,XL,high,training,intermediate,4,indoor,19,56,Nike,performance,black,leather,"Houston, TX",tropical
U01533,37,female,152.7,71.1,30.5,7.0,XL,normal,running,beginner,3,outdoor,16,57,Nike,athleisure,grey,synthetic,"Las Vegas, NV",hot
U01534,53,female,172.9,67.3,22.5,10.0,M,high,running,intermediate,3,outdoor,17,85,Nike,performance,black,polyester,"Chicago, IL",continental
U01535,60,female,169.3,45.9,16.0,9.5,XS,high,yoga,intermediate,2,both,13,37,Jordan|Nike,performance,blue,knit,"Seattle, WA",temperate
U01536,35,female,162.9,48.6,18.3,9.0,XS,normal,football,beginner,4,outdoor,12,42,Nike|Adidas|Jordan,casual,black,mesh,"Denver, CO",cold
U01537,44,male,178.5,104.2,32.7,10.0,XXL,normal,swimming,beginner,5,indoor,10,39,Nike|Jordan,performance,pink,synthetic,"Charlotte, NC",temperate
U01538,18,male,184.8,91.5,26.8,11.5,L,high,running,intermediate,3,outdoor,24,55,Nike|Adidas,casual,black,polyester,"Minneapolis, MN",cold
U01539,24,male,165.3,83.3,30.5,8.5,XL,high,training,beginner,3,outdoor,39,93,Jordan|Nike,performance,black,knit,"Atlanta, GA",temperate
U01540,20,female,157.2,64.7,26.2,7.5,L,normal,yoga,intermediate,3,indoor,39,107,Nike|Adidas,casual,white,leather,"Los Angeles, CA",hot
U01541,42,male,189.5,83.3,23.2,12.0,M,normal,running,intermediate,4,both,51,157,Nike|Adidas,performance,pink,leather,"Boston, MA",continental
U01542,54,female,156.6,70.4,28.7,7.5,XL,normal,running,intermediate,3,outdoor,44,130,Adidas|Nike,athleisure,black,fleece,"Boston, MA",continental
U01543,20,male,184.3,63.5,18.7,11.5,XS,normal,training,intermediate,4,indoor,35,136,Adidas|Jordan,performance,green,rubber,"Philadelphia, PA",temperate
U01544,19,female,163.5,69.0,25.8,8.5,L,normal,lifestyle,advanced,3,outdoor,31,137,Adidas,athleisure,red,synthetic,"San Diego, CA",hot
U01545,24,male,181.4,94.4,28.7,11.0,XL,high,training,beginner,3,indoor,33,101,Adidas|Nike,performance,white,synthetic,"Orlando, FL",tropical
U01546,31,female,155.2,66.0,27.4,7.0,L,normal,training,beginner,2,indoor,15,39,Adidas,performance,black,cotton,"San Francisco, CA",temperate
U01547,18,female,156.0,70.8,29.1,8.0,XL,normal,basketball,beginner,3,indoor,16,52,Nike|Adidas,performance,brown,rubber,"Seattle, WA",temperate
U01548,36,female,167.0,61.1,21.9,9.5,M,normal,running,advanced,2,both,45,107,Adidas|Nike,performance,white,polyester,"San Diego, CA",hot
U01549,55,female,157.7,53.2,21.4,7.0,S,high,training,intermediate,4,indoor,47,177,Nike|Adidas,performance,red,mesh,"Minneapolis, MN",cold
U01550,49,female,158.3,73.4,29.3,7.5,XL,normal,swimming,intermediate,4,indoor,33,125,Adidas,athleisure,pink,synthetic,"Miami, FL",tropical
U01551,23,female,171.5,74.1,25.2,10.0,L,normal,football,advanced,3,outdoor,62,223,Nike|Adidas,performance,blue,knit,"Denver, CO",cold
U01552,53,male,174.8,85.2,27.9,10.5,L,normal,football,beginner,3,indoor,13,36,Adidas,casual,navy,mesh,"San Francisco, CA",temperate
U01553,34,female,162.3,65.1,24.7,7.5,L,normal,football,intermediate,3,outdoor,13,82,Nike|Adidas,performance,white,polyester,"Minneapolis, MN",cold
U01554,18,male,181.4,63.8,19.4,11.0,XS,normal,running,advanced,3,both,16,64,Adidas,performance,navy,polyester,"Houston, TX",tropical
U01555,37,female,164.1,73.2,27.2,9.5,L,normal,football,advanced,4,outdoor,72,192,Nike|Jordan,performance,yellow,synthetic,"Phoenix, AZ",hot
U01556,20,male,181.8,68.1,20.6,10.5,S,normal,basketball,advanced,4,outdoor,36,113,Nike|Adidas|Jordan,casual,green,synthetic,"Atlanta, GA",temperate
U01557,40,male,176.6,86.7,27.8,10.5,L,normal,training,intermediate,4,both,35,144,Nike,athleisure,white,leather,"Miami, FL",tropical
U01558,22,male,179.2,89.9,28.0,10.5,L,normal,lifestyle,advanced,2,indoor,48,137,Adidas|Jordan,casual,green,gore-tex,"Boston, MA",continental
U01559,35,male,187.8,62.8,17.8,12.0,XS,normal,training,advanced,5,indoor,28,67,Nike|Adidas,performance,red,leather,"Phoenix, AZ",hot
U01560,40,female,168.1,83.6,29.6,9.5,XL,normal,training,intermediate,3,indoor,16,52,Nike|Adidas,casual,grey,knit,"Boston, MA",continental
U01561,54,female,158.9,56.1,22.2,8.0,M,normal,football,advanced,5,outdoor,64,171,Adidas|Nike|Jordan,performance,blue,gore-tex,"Las Vegas, NV",hot
U01562,47,male,191.8,87.2,23.7,13.0,L,low,training,advanced,5,indoor,42,201,Adidas|Jordan,performance,blue,cotton,"Chicago, IL",continental
U01563,54,male,172.1,64.9,21.9,9.5,S,normal,yoga,intermediate,3,indoor,12,41,Nike,performance,green,mesh,"Minneapolis, MN",cold
U01564,41,male,176.0,76.8,24.8,10.0,M,normal,yoga,intermediate,2,indoor,24,101,Jordan|Nike,casual,red,polyester,"Dallas, TX",hot
U01565,31,male,185.4,61.9,18.0,11.5,XS,high,training,beginner,5,indoor,19,42,Nike|Jordan,retro,yellow,cotton,"Minneapolis, MN",cold
U01566,20,male,182.6,104.7,31.4,12.5,XL,low,training,beginner,4,indoor,10,35,Adidas|Nike,athleisure,yellow,fleece,"Phoenix, AZ",hot
U01567,35,female,159.0,78.6,31.1,9.0,XL,low,training,beginner,4,indoor,21,49,Adidas|Nike,athleisure,beige,cotton,"Chicago, IL",continental
U01568,47,male,171.3,78.1,26.6,9.5,L,high,swimming,intermediate,5,both,30,111,Jordan|Adidas,performance,purple,fleece,"Phoenix, AZ",hot
U01569,44,female,170.9,75.9,26.0,9.5,L,low,yoga,beginner,2,indoor,14,48,Adidas,athleisure,black,polyester,"Charlotte, NC",temperate
U01570,37,female,160.2,49.3,19.2,7.5,S,high,lifestyle,intermediate,3,both,14,46,Nike|Jordan,casual,grey,polyester,"Las Vegas, NV",hot
U01571,48,male,174.3,73.5,24.2,9.0,M,high,yoga,advanced,3,indoor,38,173,Nike|Adidas|Jordan,athleisure,grey,fleece,"Minneapolis, MN",cold
U01572,32,female,168.8,45.6,16.0,9.0,XS,normal,training,advanced,5,indoor,31,142,Nike,performance,pink,knit,"San Francisco, CA",temperate
U01573,22,female,167.7,59.6,21.2,9.5,S,low,lifestyle,beginner,2,both,10,36,Adidas|Jordan,retro,navy,mesh,"Minneapolis, MN",cold
U01574,18,male,172.8,64.8,21.7,9.5,S,high,lifestyle,beginner,2,outdoor,18,47,Nike|Adidas,athleisure,multi,mesh,"Detroit, MI",continental
U01575,27,male,180.9,98.8,30.2,11.0,XL,normal,training,beginner,2,indoor,20,56,Nike,performance,red,knit,"Portland, OR",temperate
U01576,60,female,153.8,58.4,24.7,7.0,L,normal,running,intermediate,3,outdoor,40,88,Adidas|Nike,performance,navy,synthetic,"Chicago, IL",continental
U01577,18,female,170.0,68.5,23.7,9.5,M,normal,basketball,beginner,3,indoor,10,48,Adidas,performance,purple,mesh,"Detroit, MI",continental
U01578,20,female,173.6,56.1,18.6,10.5,S,normal,training,beginner,2,both,22,57,Adidas|Nike|Jordan,athleisure,orange,polyester,"Atlanta, GA",temperate
U01579,31,male,176.7,84.9,27.2,10.0,L,high,training,beginner,4,indoor,13,64,Nike|Adidas,performance,black,gore-tex,"Dallas, TX",hot
U01580,57,male,171.3,76.9,26.2,9.0,L,normal,running,advanced,3,both,58,191,Nike,performance,blue,synthetic,"Minneapolis, MN",cold
U01581,53,male,180.9,63.8,19.5,11.0,S,low,running,advanced,5,both,67,321,Adidas|Nike,athleisure,multi,cotton,"New York, NY",continental
U01582,49,female,162.9,61.6,23.2,8.0,M,normal,running,beginner,4,outdoor,28,65,Nike|Adidas,performance,pink,gore-tex,"Denver, CO",cold
U01583,43,male,173.3,83.5,27.8,10.0,L,normal,lifestyle,beginner,3,both,15,50,Adidas,retro,black,mesh,"Chicago, IL",continental
U01584,27,male,174.3,74.1,24.4,9.5,M,normal,swimming,intermediate,4,indoor,17,57,Nike,athleisure,black,synthetic,"Dallas, TX",hot
U01585,47,female,158.3,79.9,31.9,8.0,XXL,normal,running,intermediate,4,outdoor,33,138,Adidas|Nike,performance,green,rubber,"Portland, OR",temperate
U01586,33,male,185.4,80.8,23.5,12.0,M,normal,swimming,beginner,4,indoor,13,44,Nike|Adidas,performance,green,mesh,"Houston, TX",tropical
U01587,51,male,187.8,60.0,17.0,12.0,XS,low,swimming,beginner,5,indoor,32,174,Nike,retro,orange,nylon,"Miami, FL",tropical
U01588,24,male,179.8,84.1,26.0,10.5,L,high,swimming,advanced,3,indoor,155,435,Nike|Adidas,performance,white,synthetic,"Los Angeles, CA",hot
U01589,34,male,191.8,58.9,16.0,12.5,S,normal,running,advanced,2,indoor,49,151,Adidas|Nike,performance,orange,synthetic,"Houston, TX",tropical
U01590,44,female,167.0,63.3,22.7,9.5,M,normal,yoga,beginner,4,both,10,35,Adidas|Nike|Jordan,athleisure,multi,fleece,"Los Angeles, CA",hot
U01591,56,male,178.5,88.3,27.7,11.0,L,low,skateboarding,advanced,4,outdoor,32,178,Nike|Adidas,retro,navy,rubber,"Phoenix, AZ",hot
U01592,48,female,160.2,49.3,19.2,7.5,S,normal,running,beginner,3,both,37,157,Nike,casual,navy,mesh,"Charlotte, NC",temperate
U01593,23,female,173.6,51.5,17.1,10.5,XS,normal,running,intermediate,5,outdoor,15,50,Adidas|Nike,performance,white,leather,"Charlotte, NC",temperate
U01594,44,female,152.0,51.3,22.2,6.5,M,normal,lifestyle,beginner,4,indoor,31,144,Adidas|Jordan,casual,black,leather,"San Francisco, CA",temperate
U01595,21,male,177.7,88.7,28.1,11.5,L,normal,football,intermediate,2,outdoor,10,40,Nike|Adidas,retro,black,synthetic,"Los Angeles, CA",hot
U01596,31,male,177.7,86.2,27.3,10.5,L,normal,training,advanced,2,outdoor,16,90,Jordan,performance,black,mesh,"Orlando, FL",tropical
U01597,30,female,160.2,59.0,23.0,8.0,M,low,yoga,intermediate,4,indoor,29,120,Nike|Adidas,athleisure,black,leather,"Boston, MA",continental
U01598,48,male,177.8,102.1,32.3,10.0,XL,normal,training,beginner,2,indoor,34,100,Nike|Adidas|Jordan,casual,red,cotton,"Charlotte, NC",temperate
U01599,49,male,184.3,82.2,24.2,11.0,M,normal,outdoor,intermediate,2,outdoor,36,102,Adidas,athleisure,black,fleece,"Phoenix, AZ",hot
U01600,45,female,169.3,81.4,28.4,10.0,XL,normal,training,advanced,4,indoor,47,199,Nike,casual,multi,gore-tex,"Boston, MA",continental
U01601,22,male,191.9,82.9,22.5,12.5,L,high,training,advanced,3,both,61,215,Adidas|Nike,casual,beige,knit,"San Diego, CA",hot
U01602,28,female,172.0,55.6,18.8,9.5,S,normal,running,intermediate,3,outdoor,59,175,Nike|Adidas|Jordan,performance,white,rubber,"Las Vegas, NV",hot
U01603,31,female,162.3,65.1,24.7,8.5,L,low,running,beginner,5,outdoor,13,50,Adidas|Jordan,athleisure,beige,leather,"San Diego, CA",hot
U01604,18,female,168.9,57.1,20.0,9.5,S,low,basketball,intermediate,3,indoor,27,60,Nike,performance,blue,gore-tex,"Charlotte, NC",temperate
U01605,30,female,146.4,62.4,29.1,6.0,XL,normal,basketball,intermediate,3,indoor,58,163,Nike|Jordan|Adidas,performance,purple,polyester,"San Francisco, CA",temperate
U01606,50,male,191.9,61.5,16.7,12.5,S,normal,training,intermediate,3,indoor,41,127,Nike|Adidas,athleisure,pink,synthetic,"Portland, OR",temperate
U01607,20,female,166.4,47.1,17.0,9.5,XS,low,yoga,advanced,3,both,52,173,Nike|Jordan,athleisure,black,rubber,"Minneapolis, MN",cold
U01608,31,female,164.1,83.2,30.9,9.0,XL,normal,yoga,beginner,4,indoor,15,49,Adidas,performance,pink,mesh,"Seattle, WA",temperate
U01609,30,male,181.8,76.7,23.2,11.0,M,high,training,beginner,3,indoor,20,85,Nike,athleisure,red,polyester,"Los Angeles, CA",hot
U01610,48,male,177.2,63.7,20.3,10.0,S,high,running,beginner,2,outdoor,10,41,Nike|Adidas,performance,orange,polyester,"Seattle, WA",temperate
U01611,20,male,176.1,79.1,25.5,10.0,L,normal,yoga,intermediate,4,indoor,39,96,Nike|Adidas,athleisure,green,mesh,"Boston, MA",continental
U01612,28,female,160.7,73.9,28.6,8.5,XL,normal,yoga,intermediate,4,indoor,46,110,Nike|Adidas,casual,green,leather,"Houston, TX",tropical
U01613,51,female,172.6,66.1,22.2,10.0,M,normal,football,beginner,3,outdoor,30,68,Nike|Adidas|Jordan,performance,red,synthetic,"Detroit, MI",continental
U01614,23,female,165.5,49.3,18.0,8.5,XS,normal,running,intermediate,3,outdoor,33,120,Nike|Adidas,performance,purple,knit,"Las Vegas, NV",hot
U01615,53,male,183.7,91.8,27.2,11.0,L,normal,tennis,intermediate,5,outdoor,30,68,Nike|Adidas,retro,green,gore-tex,"Charlotte, NC",temperate
U01616,41,female,156.1,64.1,26.3,7.0,L,normal,training,intermediate,5,indoor,50,140,Adidas|Nike,casual,green,mesh,"Portland, OR",temperate
U01617,54,male,191.9,93.2,25.3,12.5,L,low,basketball,beginner,3,outdoor,18,66,Nike,casual,black,cotton,"New York, NY",continental
U01618,28,female,169.3,60.2,21.0,9.5,S,normal,yoga,advanced,5,indoor,50,118,Adidas,athleisure,multi,cotton,"San Diego, CA",hot
U01619,20,female,156.6,70.1,28.6,7.5,XL,normal,basketball,intermediate,2,outdoor,22,49,Nike|Jordan,retro,purple,cotton,"New York, NY",continental
U01620,60,female,156.6,71.9,29.3,7.5,XL,low,yoga,advanced,4,indoor,93,299,Nike,performance,blue,mesh,"San Diego, CA",hot
U01621,40,female,164.1,78.1,29.0,9.5,XL,normal,training,intermediate,2,indoor,39,102,Adidas|Nike|Jordan,athleisure,brown,synthetic,"Charlotte, NC",temperate
U01622,44,female,168.1,53.1,18.8,9.5,S,high,lifestyle,intermediate,2,indoor,34,90,Jordan|Nike,athleisure,blue,gore-tex,"Detroit, MI",continental
U01623,45,male,166.7,72.0,25.9,7.5,L,normal,football,advanced,5,outdoor,34,102,Nike,retro,navy,knit,"Denver, CO",cold
U01624,21,female,159.5,63.1,24.8,7.5,L,normal,running,advanced,2,outdoor,59,214,Nike,performance,yellow,mesh,"New York, NY",continental
U01625,47,male,173.7,91.7,30.4,10.0,XL,low,training,intermediate,3,indoor,31,161,Nike|Adidas,performance,grey,gore-tex,"Detroit, MI",continental
U01626,23,female,172.1,47.4,16.0,9.5,XS,normal,training,intermediate,3,indoor,54,121,Nike|Jordan,performance,pink,gore-tex,"New York, NY",continental
U01627,28,female,167.7,52.3,18.6,9.0,S,high,training,advanced,4,indoor,28,161,Nike|Adidas,performance,orange,cotton,"Los Angeles, CA",hot
U01628,44,female,158.4,65.2,26.0,7.5,L,low,running,beginner,4,both,17,89,Jordan,performance,brown,nylon,"Portland, OR",temperate
U01629,35,male,181.8,71.7,21.7,11.0,S,normal,yoga,intermediate,3,indoor,19,74,Nike|Adidas|Jordan,athleisure,red,rubber,"Phoenix, AZ",hot
U01630,18,male,169.5,64.1,22.3,9.0,S,high,training,intermediate,3,indoor,25,94,Nike|Adidas,performance,white,mesh,"Las Vegas, NV",hot
U01631,54,female,159.5,49.4,19.4,7.5,S,normal,running,beginner,3,outdoor,15,64,Nike|Jordan,performance,green,knit,"New York, NY",continental
U01632,47,female,167.3,64.1,22.9,9.5,M,normal,training,advanced,5,indoor,32,185,Jordan|Adidas|Nike,athleisure,black,cotton,"Atlanta, GA",temperate
U01633,56,female,168.1,66.1,23.4,9.5,M,normal,yoga,advanced,3,indoor,26,63,Jordan|Adidas,performance,red,polyester,"Detroit, MI",continental
U01634,44,female,156.1,49.2,20.2,7.0,S,normal,training,advanced,3,indoor,110,362,Adidas|Nike,casual,pink,fleece,"Miami, FL",tropical
U01635,36,female,178.0,71.6,22.6,11.0,M,normal,training,intermediate,4,both,91,207,Jordan|Nike|Adidas,performance,purple,synthetic,"Atlanta, GA",temperate
U01636,30,male,177.2,75.7,24.1,9.5,M,normal,basketball,beginner,5,both,17,40,Nike|Jordan|Adidas,casual,grey,mesh,"Denver, CO",cold
U01637,31,male,177.8,86.3,27.3,10.5,L,normal,training,advanced,2,outdoor,63,210,Adidas|Nike,athleisure,green,mesh,"Houston, TX",tropical
U01638,32,female,156.6,57.9,23.6,8.0,M,normal,running,advanced,4,outdoor,23,88,Nike|Jordan,athleisure,navy,fleece,"Los Angeles, CA",hot
U01639,22,male,177.2,98.0,31.2,10.5,XL,normal,yoga,beginner,3,indoor,12,55,Nike,athleisure,red,cotton,"Phoenix, AZ",hot
U01640,52,male,166.7,71.1,25.6,7.5,L,low,training,beginner,5,indoor,16,35,Nike|Adidas|Jordan,performance,pink,mesh,"Portland, OR",temperate
U01641,32,female,175.9,80.1,25.9,11.0,L,low,training,intermediate,4,indoor,31,93,Adidas|Nike|Jordan,athleisure,black,polyester,"Boston, MA",continental
U01642,28,female,165.5,79.2,28.9,9.5,XL,normal,training,intermediate,4,outdoor,35,86,Nike|Adidas,performance,green,cotton,"Minneapolis, MN",cold
U01643,41,female,161.7,56.2,21.5,8.0,M,normal,yoga,intermediate,3,indoor,76,171,Nike|Adidas,athleisure,black,synthetic,"Minneapolis, MN",cold
U01644,29,female,165.5,58.9,21.5,9.0,M,normal,training,beginner,3,indoor,28,131,Nike|Adidas,performance,multi,fleece,"Minneapolis, MN",cold
U01645,36,female,159.0,68.8,27.2,8.0,L,low,training,advanced,5,both,144,336,Nike|Adidas,performance,black,leather,"Las Vegas, NV",hot
U01646,48,female,158.4,69.2,27.6,7.5,XL,normal,yoga,beginner,4,indoor,41,106,Nike,athleisure,multi,polyester,"Miami, FL",tropical
U01647,18,male,184.3,65.6,19.3,11.5,XS,high,yoga,advanced,5,indoor,40,140,Nike|Adidas,athleisure,white,leather,"Boston, MA",continental
U01648,46,male,172.1,72.6,24.5,9.0,M,normal,basketball,beginner,3,indoor,33,77,Nike,performance,grey,cotton,"Philadelphia, PA",temperate
U01649,21,male,181.4,74.7,22.7,10.5,M,high,running,beginner,3,outdoor,21,63,Nike|Adidas,athleisure,navy,rubber,"Seattle, WA",temperate
U01650,26,male,180.9,82.1,25.1,10.5,M,normal,running,advanced,5,both,27,101,Nike|Adidas|Jordan,performance,blue,cotton,"Boston, MA",continental
U01651,23,male,176.1,78.5,25.3,9.0,M,low,yoga,intermediate,3,indoor,28,139,Adidas,athleisure,pink,cotton,"Atlanta, GA",temperate
U01652,29,female,159.5,69.5,27.3,7.5,L,normal,yoga,beginner,3,indoor,32,87,Jordan|Nike|Adidas,athleisure,red,cotton,"Detroit, MI",continental
U01653,27,male,170.7,69.1,23.7,9.0,M,normal,yoga,advanced,3,both,86,225,Adidas|Nike,performance,grey,polyester,"Houston, TX",tropical
U01654,38,male,173.7,65.5,21.7,9.0,S,high,training,advanced,5,both,13,63,Nike|Adidas|Jordan,performance,green,fleece,"San Francisco, CA",temperate
U01655,19,female,166.4,47.1,17.0,10.0,XS,normal,training,beginner,4,indoor,17,64,Jordan,performance,blue,polyester,"Seattle, WA",temperate
U01656,30,male,191.9,77.3,21.0,13.5,M,normal,football,beginner,2,outdoor,16,99,Adidas,casual,red,polyester,"New York, NY",continental
U01657,29,female,166.0,64.8,23.5,9.0,M,high,lifestyle,intermediate,4,outdoor,33,104,Nike|Adidas,athleisure,pink,leather,"San Francisco, CA",temperate
U01658,51,female,168.1,70.6,25.0,10.0,L,normal,yoga,intermediate,2,indoor,28,85,Adidas|Jordan,casual,red,knit,"Denver, CO",cold
U01659,20,male,171.3,69.5,23.7,9.0,M,normal,training,intermediate,3,both,20,49,Adidas|Nike,athleisure,black,synthetic,"Minneapolis, MN",cold
U01660,48,female,158.4,65.0,25.9,7.5,L,normal,training,advanced,3,indoor,14,90,Nike|Adidas,performance,green,synthetic,"Miami, FL",tropical
U01661,39,female,164.1,70.6,26.2,8.0,L,high,yoga,intermediate,4,outdoor,21,112,Nike|Jordan,athleisure,blue,fleece,"New York, NY",continental
U01662,24,male,192.0,68.2,18.5,13.0,S,normal,running,beginner,2,both,10,48,Nike|Jordan|Adidas,performance,black,cotton,"Seattle, WA",temperate
U01663,29,female,178.1,68.5,21.6,11.0,L,normal,training,intermediate,4,indoor,41,95,Nike,performance,black,leather,"New York, NY",continental
U01664,33,female,161.7,67.2,25.7,8.5,L,normal,yoga,intermediate,2,indoor,61,200,Nike,athleisure,white,cotton,"San Diego, CA",hot
U01665,48,female,164.1,53.6,19.9,8.5,S,high,basketball,advanced,3,outdoor,22,97,Adidas|Nike,performance,brown,mesh,"San Diego, CA",hot
U01666,41,female,169.3,72.2,25.2,9.0,L,high,outdoor,beginner,5,outdoor,10,56,Nike,performance,navy,cotton,"Charlotte, NC",temperate
U01667,41,female,168.1,46.1,16.3,9.0,XS,high,training,beginner,3,both,24,132,Adidas|Nike,performance,black,synthetic,"Boston, MA",continental
U01668,45,male,176.7,80.6,25.8,10.0,L,low,running,intermediate,4,both,34,92,Adidas|Nike,performance,orange,cotton,"Dallas, TX",hot
U01669,28,male,169.5,68.4,23.8,8.5,M,normal,football,intermediate,2,both,32,108,Jordan,performance,pink,fleece,"Miami, FL",tropical
U01670,57,female,157.7,59.2,23.8,7.5,M,high,training,beginner,3,outdoor,19,50,Jordan,performance,blue,cotton,"Las Vegas, NV",hot
U01671,40,male,173.3,89.8,29.9,9.0,XL,normal,running,intermediate,4,outdoor,32,141,Nike,performance,yellow,cotton,"Atlanta, GA",temperate
U01672,54,female,164.1,58.4,21.7,8.5,M,high,lifestyle,intermediate,3,indoor,12,44,Nike,casual,green,polyester,"Charlotte, NC",temperate
U01673,47,male,181.4,73.7,22.4,10.5,S,high,outdoor,intermediate,4,outdoor,32,96,Nike,casual,blue,rubber,"Boston, MA",continental
U01674,48,male,180.9,71.3,21.8,11.0,S,normal,skateboarding,beginner,4,outdoor,14,67,Adidas,casual,green,polyester,"Boston, MA",continental
U01675,58,male,173.7,67.9,22.5,9.0,M,normal,training,advanced,3,indoor,21,89,Nike|Adidas,performance,black,knit,"Chicago, IL",continental
U01676,19,female,161.7,64.1,24.5,8.0,L,normal,running,intermediate,4,outdoor,19,99,Jordan|Nike|Adidas,performance,blue,synthetic,"Atlanta, GA",temperate
U01677,44,male,184.8,99.7,29.2,12.5,XL,normal,basketball,intermediate,4,indoor,53,146,Nike,performance,grey,mesh,"Chicago, IL",continental
U01678,40,female,170.5,70.1,24.1,9.5,M,normal,lifestyle,beginner,3,outdoor,26,79,Jordan|Nike,casual,white,mesh,"Chicago, IL",continental
U01679,46,male,166.7,72.0,25.9,8.0,L,low,running,advanced,5,outdoor,99,348,Adidas,performance,blue,fleece,"Los Angeles, CA",hot
U01680,53,female,160.2,54.7,21.3,8.0,S,normal,tennis,beginner,3,indoor,17,54,Nike,retro,grey,leather,"New York, NY",continental
U01681,60,male,183.7,70.5,20.9,10.5,S,low,training,advanced,4,both,34,167,Nike,performance,black,knit,"Dallas, TX",hot
U01682,21,female,146.5,75.1,35.0,6.5,XXL,normal,basketball,advanced,4,both,65,165,Nike|Adidas,performance,multi,synthetic,"San Francisco, CA",temperate
U01683,44,female,161.2,48.9,18.8,8.5,S,normal,running,advanced,3,outdoor,56,149,Adidas,performance,black,knit,"Charlotte, NC",temperate
U01684,28,male,172.1,64.9,21.9,9.0,S,normal,running,beginner,3,outdoor,21,105,Nike|Adidas|Jordan,performance,yellow,mesh,"Orlando, FL",tropical
U01685,22,male,192.1,96.7,26.2,12.0,XL,low,running,intermediate,4,outdoor,40,97,Nike|Jordan,performance,green,polyester,"Los Angeles, CA",hot
U01686,47,male,180.4,91.4,28.1,10.5,L,normal,skateboarding,intermediate,3,outdoor,17,63,Nike|Adidas,retro,black,knit,"Denver, CO",cold
U01687,32,female,153.8,68.4,28.9,6.5,XL,high,training,advanced,3,indoor,65,226,Jordan|Nike,athleisure,grey,mesh,"New York, NY",continental
U01688,18,male,184.8,81.6,23.9,12.0,M,normal,training,beginner,2,outdoor,13,43,Adidas,casual,red,polyester,"Boston, MA",continental
U01689,18,female,169.3,72.2,25.2,10.0,L,high,skateboarding,intermediate,2,outdoor,29,75,Jordan|Nike,retro,black,gore-tex,"Boston, MA",continental
U01690,18,male,170.0,72.8,25.2,8.5,M,normal,yoga,intermediate,4,indoor,16,78,Nike,athleisure,green,mesh,"New York, NY",continental
U01691,60,female,178.1,50.8,16.0,10.5,S,normal,training,advanced,2,both,42,184,Nike|Jordan,performance,grey,synthetic,"San Francisco, CA",temperate
U01692,18,male,182.7,64.1,19.2,11.5,XS,low,lifestyle,intermediate,3,both,58,135,Nike,casual,black,knit,"Seattle, WA",temperate
U01693,52,male,176.7,66.8,21.4,10.0,S,normal,lifestyle,intermediate,5,both,42,98,Nike,athleisure,pink,mesh,"Philadelphia, PA",temperate
U01694,34,male,165.8,82.5,30.0,8.5,XL,low,lifestyle,intermediate,3,both,38,96,Nike|Jordan,casual,white,synthetic,"Charlotte, NC",temperate
U01695,18,female,162.9,65.3,24.6,8.5,L,high,running,intermediate,3,outdoor,10,36,Adidas,performance,grey,fleece,"Atlanta, GA",temperate
U01696,41,female,166.0,52.1,18.9,9.0,S,normal,training,advanced,4,both,40,122,Adidas,athleisure,grey,leather,"Las Vegas, NV",hot
U01697,24,female,146.5,65.5,30.5,6.0,XL,normal,running,intermediate,4,outdoor,16,58,Nike|Jordan|Adidas,performance,grey,mesh,"Orlando, FL",tropical
U01698,48,male,172.4,73.1,24.6,9.5,M,normal,lifestyle,intermediate,2,both,21,120,Jordan,casual,orange,cotton,"Los Angeles, CA",hot
U01699,27,female,164.9,63.9,23.5,9.0,M,normal,training,intermediate,4,indoor,17,100,Adidas,performance,red,fleece,"Portland, OR",temperate
U01700,18,female,161.7,72.7,27.8,9.0,XL,normal,training,intermediate,5,indoor,24,59,Adidas,performance,purple,leather,"Minneapolis, MN",cold
U01701,42,female,164.1,78.1,29.0,9.0,XL,normal,yoga,intermediate,2,indoor,20,112,Nike|Jordan,athleisure,green,synthetic,"Phoenix, AZ",hot
U01702,35,male,176.1,78.1,25.2,9.5,M,normal,running,advanced,3,outdoor,37,160,Nike|Adidas,performance,beige,mesh,"Charlotte, NC",temperate
U01703,31,female,161.7,61.2,23.4,8.5,M,normal,training,advanced,2,both,11,57,Adidas|Nike|Jordan,performance,grey,rubber,"Atlanta, GA",temperate
U01704,28,male,167.3,84.5,30.2,9.0,XL,high,running,intermediate,2,both,54,167,Nike|Adidas,performance,navy,gore-tex,"New York, NY",continental
U01705,19,male,165.3,63.7,23.3,8.0,M,normal,running,beginner,4,outdoor,31,81,Nike|Adidas,performance,yellow,fleece,"New York, NY",continental
U01706,30,female,178.1,53.3,16.8,11.0,S,high,basketball,intermediate,5,outdoor,22,95,Adidas|Jordan|Nike,casual,orange,mesh,"New York, NY",continental
U01707,19,female,161.7,64.1,24.5,7.5,L,normal,running,intermediate,4,outdoor,38,100,Adidas|Nike,athleisure,orange,leather,"Chicago, IL",continental
U01708,36,male,172.8,75.2,25.2,9.5,M,low,outdoor,beginner,2,outdoor,12,57,Nike|Adidas|Jordan,casual,grey,knit,"Detroit, MI",continental
U01709,18,female,167.3,72.2,25.8,8.5,L,low,training,advanced,3,indoor,18,69,Adidas,performance,blue,mesh,"Los Angeles, CA",hot
U01710,18,male,186.0,86.8,25.1,11.5,M,normal,outdoor,beginner,5,outdoor,29,132,Nike|Adidas,performance,black,synthetic,"San Francisco, CA",temperate
U01711,49,female,164.9,56.0,20.6,8.5,S,normal,running,advanced,4,outdoor,65,226,Nike,athleisure,black,synthetic,"Las Vegas, NV",hot
U01712,25,female,167.8,71.8,25.5,9.0,L,high,running,beginner,5,outdoor,43,96,Adidas|Nike,athleisure,blue,gore-tex,"Orlando, FL",tropical
U01713,47,female,156.1,49.2,20.2,7.5,S,high,training,advanced,3,both,54,146,Adidas|Nike|Jordan,athleisure,white,polyester,"Boston, MA",continental
U01714,32,male,184.8,73.4,21.5,12.0,S,low,running,intermediate,3,both,36,168,Nike|Adidas,performance,white,mesh,"Dallas, TX",hot
U01715,27,female,178.1,70.4,22.2,11.0,L,normal,football,beginner,3,both,16,37,Adidas|Jordan,performance,black,mesh,"Phoenix, AZ",hot
U01716,19,female,153.8,64.3,27.2,7.5,L,normal,yoga,intermediate,3,indoor,28,78,Nike,athleisure,green,gore-tex,"Seattle, WA",temperate
U01717,56,male,167.4,93.0,33.2,9.5,XXL,normal,lifestyle,beginner,3,indoor,21,73,Nike,retro,orange,fleece,"Las Vegas, NV",hot
U01718,55,male,172.4,88.0,29.6,9.5,XL,normal,training,advanced,3,indoor,54,127,Nike|Adidas|Jordan,performance,blue,mesh,"Las Vegas, NV",hot
U01719,59,male,164.0,82.0,30.5,7.5,XL,normal,training,advanced,4,indoor,75,198,Nike,performance,yellow,fleece,"Detroit, MI",continental
U01720,29,male,179.8,93.4,28.9,11.0,XL,high,running,intermediate,2,outdoor,44,119,Adidas,casual,beige,synthetic,"Dallas, TX",hot
U01721,18,male,184.3,63.5,18.7,11.5,XS,low,basketball,intermediate,4,indoor,20,94,Adidas,athleisure,black,polyester,"Portland, OR",temperate
U01722,30,male,184.8,74.1,21.7,12.0,S,normal,training,beginner,3,indoor,10,48,Nike|Adidas,performance,yellow,cotton,"Chicago, IL",continental
U01723,47,female,155.3,52.6,21.8,7.5,M,normal,basketball,advanced,2,both,80,196,Nike|Jordan,athleisure,black,polyester,"Charlotte, NC",temperate
U01724,19,male,177.2,93.6,29.8,9.0,XL,normal,basketball,intermediate,4,indoor,69,194,Nike,performance,black,leather,"Denver, CO",cold
U01725,38,female,160.7,72.3,28.0,8.0,XL,low,yoga,intermediate,4,outdoor,45,113,Adidas|Nike,performance,grey,synthetic,"Los Angeles, CA",hot
U01726,60,male,176.7,63.7,20.4,10.0,S,high,tennis,advanced,4,indoor,65,171,Nike|Adidas,performance,red,knit,"Minneapolis, MN",cold
U01727,38,male,184.9,62.2,18.2,11.0,XS,high,running,intermediate,2,outdoor,59,141,Nike|Adidas,performance,blue,synthetic,"Los Angeles, CA",hot
U01728,40,female,161.7,48.6,18.6,7.0,S,normal,yoga,beginner,4,both,11,40,Nike,athleisure,black,mesh,"Miami, FL",tropical
U01729,48,female,157.7,78.3,31.5,8.0,XXL,normal,training,intermediate,5,indoor,25,99,Nike,performance,red,polyester,"Denver, CO",cold
U01730,42,male,180.9,96.5,29.5,11.0,XL,normal,football,intermediate,4,outdoor,22,98,Nike,performance,purple,mesh,"Orlando, FL",tropical
U01731,19,male,178.6,71.1,22.3,10.0,S,normal,yoga,beginner,4,indoor,10,35,Adidas,athleisure,orange,leather,"San Francisco, CA",temperate
U01732,44,male,189.1,59.7,16.7,12.0,XS,high,yoga,intermediate,4,indoor,43,146,Adidas,casual,white,mesh,"Orlando, FL",tropical
U01733,39,male,175.4,84.6,27.5,10.0,L,normal,training,beginner,5,indoor,13,44,Nike|Adidas|Jordan,casual,brown,polyester,"Boston, MA",continental
U01734,50,male,167.4,77.6,27.7,8.5,L,normal,yoga,intermediate,4,indoor,26,140,Nike|Adidas|Jordan,performance,grey,synthetic,"San Diego, CA",hot
U01735,30,male,174.3,76.0,25.0,9.5,M,normal,training,advanced,2,indoor,40,120,Adidas,performance,brown,leather,"Houston, TX",tropical
U01736,28,male,179.8,77.3,23.9,11.0,M,normal,yoga,advanced,2,indoor,101,389,Nike|Adidas,athleisure,black,synthetic,"Seattle, WA",temperate
U01737,26,male,180.9,88.7,27.1,11.0,L,low,training,beginner,2,both,17,58,Nike,performance,beige,mesh,"Phoenix, AZ",hot
U01738,23,male,165.4,87.3,31.9,8.0,XL,low,yoga,intermediate,3,indoor,58,193,Jordan,athleisure,grey,nylon,"Los Angeles, CA",hot
U01739,38,female,155.3,56.2,23.3,7.0,M,normal,training,intermediate,2,indoor,24,98,Jordan|Nike,performance,grey,leather,"Portland, OR",temperate
U01740,21,female,161.7,51.2,19.6,8.0,S,normal,basketball,beginner,2,both,18,52,Adidas|Nike,performance,yellow,polyester,"Orlando, FL",tropical
U01741,40,male,177.2,91.1,29.0,10.5,XL,normal,training,advanced,2,indoor,97,319,Nike|Adidas,performance,pink,gore-tex,"Chicago, IL",continental
U01742,18,male,177.8,76.5,24.2,10.0,M,normal,running,advanced,4,indoor,26,92,Adidas,performance,navy,mesh,"Las Vegas, NV",hot
U01743,33,male,180.4,84.3,25.9,11.0,L,high,training,intermediate,3,indoor,29,107,Jordan|Adidas,athleisure,red,polyester,"New York, NY",continental
U01744,22,male,180.4,85.3,26.2,11.0,L,normal,training,intermediate,2,indoor,17,108,Nike|Jordan,athleisure,blue,mesh,"Miami, FL",tropical
U01745,26,female,164.1,55.2,20.5,9.5,S,normal,training,beginner,3,indoor,29,77,Nike,athleisure,black,gore-tex,"Portland, OR",temperate
U01746,49,male,168.7,78.5,27.6,8.5,L,high,training,advanced,2,both,74,168,Jordan,performance,blue,leather,"Boston, MA",continental
U01747,58,female,162.9,78.0,29.4,8.5,XL,normal,training,intermediate,3,indoor,16,83,Nike,athleisure,navy,leather,"Minneapolis, MN",cold
U01748,44,male,179.2,92.5,28.8,11.0,XL,low,training,intermediate,2,indoor,36,150,Nike,performance,black,leather,"Los Angeles, CA",hot
U01749,46,male,160.1,72.5,28.3,7.0,L,normal,yoga,intermediate,4,indoor,46,113,Jordan,retro,white,rubber,"Phoenix, AZ",hot
U01750,40,male,172.1,90.6,30.6,9.5,XL,normal,training,advanced,2,indoor,90,248,Nike|Jordan,performance,white,leather,"Miami, FL",tropical
U01751,30,female,161.3,72.3,27.8,8.0,XL,normal,running,advanced,4,outdoor,48,195,Nike|Adidas,performance,navy,nylon,"Orlando, FL",tropical
U01752,39,female,169.3,60.2,21.0,9.5,S,normal,running,beginner,3,outdoor,29,85,Adidas|Nike,athleisure,white,nylon,"Los Angeles, CA",hot
U01753,38,male,176.7,69.3,22.2,10.0,S,low,running,advanced,2,outdoor,113,266,Adidas,athleisure,white,fleece,"Chicago, IL",continental
U01754,34,male,165.8,82.5,30.0,7.5,XL,normal,training,intermediate,3,indoor,20,92,Nike|Jordan,casual,grey,mesh,"Denver, CO",cold
U01755,26,female,147.0,73.7,34.1,6.5,XXL,normal,tennis,intermediate,2,indoor,59,167,Jordan|Adidas,athleisure,green,cotton,"Las Vegas, NV",hot
U01756,33,male,166.7,93.9,33.8,8.5,XXL,normal,training,intermediate,4,indoor,39,98,Jordan,performance,white,leather,"Seattle, WA",temperate
U01757,42,male,178.6,84.2,26.4,10.0,L,low,running,advanced,2,outdoor,16,92,Adidas,performance,white,synthetic,"San Francisco, CA",temperate
U01758,27,male,168.7,73.1,25.7,8.0,L,high,running,beginner,4,outdoor,25,57,Jordan|Adidas|Nike,performance,blue,mesh,"Boston, MA",continental
U01759,30,female,164.1,62.2,23.1,9.0,M,normal,training,beginner,4,indoor,21,48,Nike|Jordan,retro,grey,rubber,"Las Vegas, NV",hot
U01760,58,male,180.9,87.4,26.7,11.5,L,normal,training,intermediate,4,indoor,37,101,Adidas|Nike,athleisure,multi,knit,"Orlando, FL",tropical
U01761,24,male,186.0,98.3,28.4,12.0,L,normal,lifestyle,beginner,3,indoor,14,47,Nike|Adidas,retro,orange,fleece,"Atlanta, GA",temperate
U01762,56,male,178.6,82.9,26.0,10.5,L,low,training,beginner,2,both,19,56,Nike,performance,grey,mesh,"Las Vegas, NV",hot
U01763,41,female,166.4,67.6,24.4,9.0,M,normal,outdoor,beginner,5,outdoor,34,100,Adidas,performance,black,polyester,"Boston, MA",continental
U01764,36,female,157.2,52.4,21.2,7.5,S,normal,training,advanced,4,indoor,60,308,Nike|Jordan,athleisure,black,polyester,"Atlanta, GA",temperate
U01765,29,female,162.3,59.0,22.4,8.0,M,low,yoga,advanced,4,indoor,45,187,Nike|Jordan,retro,green,knit,"San Francisco, CA",temperate
U01766,32,female,159.5,56.7,22.3,7.5,M,normal,training,advanced,2,indoor,47,260,Adidas,casual,blue,cotton,"Chicago, IL",continental
U01767,21,female,156.1,66.5,27.3,7.5,L,low,training,beginner,5,indoor,13,49,Jordan,athleisure,black,leather,"Boston, MA",continental
U01768,52,female,172.9,47.8,16.0,10.5,XS,high,running,intermediate,4,indoor,20,54,Adidas|Nike|Jordan,performance,red,knit,"Minneapolis, MN",cold
U01769,38,male,178.6,72.4,22.7,10.5,M,normal,football,beginner,4,outdoor,17,40,Adidas|Nike,performance,red,cotton,"Boston, MA",continental
U01770,37,male,187.8,75.5,21.4,11.5,S,low,training,advanced,4,outdoor,40,152,Jordan,performance,white,polyester,"Los Angeles, CA",hot
U01771,31,male,176.1,85.6,27.6,10.0,L,low,outdoor,intermediate,3,outdoor,49,147,Nike,performance,black,polyester,"Las Vegas, NV",hot
U01772,24,male,177.8,87.6,27.7,10.0,L,high,running,intermediate,5,outdoor,26,79,Nike|Jordan,casual,navy,fleece,"Boston, MA",continental
U01773,45,female,162.3,59.8,22.7,8.5,M,normal,training,beginner,2,both,31,107,Nike,athleisure,navy,polyester,"Dallas, TX",hot
U01774,18,male,176.7,64.0,20.5,9.5,S,normal,yoga,advanced,2,indoor,105,292,Adidas|Nike,performance,blue,synthetic,"Phoenix, AZ",hot
U01775,41,female,178.1,67.6,21.3,11.5,M,normal,training,advanced,3,indoor,22,114,Nike|Jordan|Adidas,performance,multi,rubber,"Houston, TX",tropical
U01776,24,male,186.0,102.8,29.7,12.0,XL,low,lifestyle,intermediate,3,outdoor,36,210,Jordan|Nike,retro,white,gore-tex,"Denver, CO",cold
U01777,50,male,174.3,74.7,24.6,9.5,M,high,training,beginner,3,indoor,10,35,Jordan|Nike|Adidas,performance,blue,synthetic,"Boston, MA",continental
U01778,18,male,181.9,68.2,20.6,11.0,S,low,running,advanced,4,outdoor,130,294,Nike,casual,red,rubber,"Chicago, IL",continental
U01779,47,female,173.7,62.2,20.6,10.0,S,high,basketball,intermediate,2,indoor,45,104,Nike,casual,pink,rubber,"Detroit, MI",continental
U01780,48,female,160.7,57.3,22.2,8.0,M,normal,outdoor,intermediate,3,outdoor,32,95,Jordan|Nike|Adidas,casual,yellow,polyester,"Denver, CO",cold
U01781,58,female,170.9,63.4,21.7,10.0,M,normal,training,beginner,4,indoor,17,53,Adidas|Nike|Jordan,performance,white,fleece,"San Francisco, CA",temperate
U01782,41,male,189.5,99.8,27.8,13.0,L,normal,outdoor,beginner,2,outdoor,16,46,Adidas|Jordan,performance,purple,mesh,"Atlanta, GA",temperate
U01783,18,female,162.9,72.4,27.3,8.5,L,high,training,advanced,3,indoor,71,254,Nike,performance,black,knit,"Las Vegas, NV",hot
U01784,57,male,179.2,80.0,24.9,10.0,M,normal,outdoor,advanced,2,outdoor,24,101,Nike|Adidas,casual,black,mesh,"Phoenix, AZ",hot
U01785,57,female,169.3,89.4,31.2,10.0,XL,low,tennis,beginner,3,both,10,42,Adidas,performance,purple,mesh,"Miami, FL",tropical
U01786,19,female,167.3,72.2,25.8,9.5,L,high,basketball,advanced,3,indoor,12,76,Nike|Adidas|Jordan,casual,white,polyester,"Phoenix, AZ",hot
U01787,18,female,165.6,71.0,25.9,9.0,L,low,training,intermediate,3,indoor,28,63,Nike|Adidas,performance,orange,knit,"Philadelphia, PA",temperate
U01788,51,male,170.7,79.3,27.2,9.0,L,low,running,beginner,3,outdoor,18,48,Nike,performance,green,leather,"Houston, TX",tropical
U01789,51,male,179.8,64.7,20.0,10.0,S,low,yoga,advanced,3,indoor,43,120,Adidas,athleisure,red,synthetic,"Phoenix, AZ",hot
U01790,35,female,167.0,75.6,27.1,9.0,L,high,training,beginner,3,indoor,24,60,Jordan,athleisure,black,mesh,"Miami, FL",tropical
U01791,48,female,165.6,48.3,17.6,8.0,XS,normal,running,beginner,4,outdoor,14,41,Nike|Jordan,performance,grey,fleece,"Las Vegas, NV",hot
U01792,25,male,167.4,63.9,22.8,8.0,M,normal,yoga,intermediate,3,indoor,72,205,Adidas,performance,orange,fleece,"San Diego, CA",hot
U01793,33,male,185.4,82.5,24.0,11.0,M,high,lifestyle,beginner,2,outdoor,24,61,Jordan|Nike,athleisure,black,mesh,"Boston, MA",continental
U01794,36,female,159.6,91.4,35.9,9.0,XXL,normal,training,beginner,5,indoor,14,76,Adidas,performance,blue,cotton,"San Francisco, CA",temperate
U01795,27,female,171.5,59.1,20.1,10.5,S,normal,skateboarding,beginner,5,outdoor,19,93,Adidas|Jordan,performance,black,cotton,"Minneapolis, MN",cold
U01796,45,male,187.1,61.3,17.5,12.0,XS,normal,running,beginner,3,outdoor,48,152,Nike|Jordan,performance,black,cotton,"Boston, MA",continental
U01797,39,female,160.7,79.5,30.8,8.0,XL,low,training,advanced,3,both,43,242,Nike,performance,blue,knit,"Las Vegas, NV",hot
U01798,51,female,162.3,53.7,20.4,8.5,S,normal,lifestyle,intermediate,4,both,33,95,Jordan,athleisure,white,mesh,"Houston, TX",tropical
U01799,30,female,172.9,71.4,23.9,11.0,M,normal,training,advanced,2,indoor,42,105,Nike,performance,yellow,mesh,"Boston, MA",continental
U01800,41,female,160.2,67.0,26.1,8.5,L,normal,running,beginner,4,both,30,75,Nike|Adidas|Jordan,performance,blue,polyester,"Minneapolis, MN",cold
U01801,28,male,177.8,87.9,27.8,10.5,L,normal,training,beginner,2,indoor,25,102,Jordan,performance,green,synthetic,"Miami, FL",tropical
U01802,31,female,157.7,49.5,19.9,7.5,S,normal,running,advanced,5,outdoor,37,175,Adidas,performance,red,cotton,"Chicago, IL",continental
U01803,18,male,182.7,104.8,31.4,11.0,XL,low,running,beginner,4,both,24,55,Adidas|Nike,athleisure,multi,cotton,"Dallas, TX",hot
U01804,24,male,168.2,71.0,25.1,8.0,M,normal,swimming,intermediate,3,indoor,40,94,Adidas,performance,white,cotton,"Atlanta, GA",temperate
U01805,36,female,156.1,49.2,20.2,6.5,S,high,training,intermediate,4,indoor,12,48,Jordan|Nike,performance,green,polyester,"Atlanta, GA",temperate
U01806,42,male,176.1,96.1,31.0,11.0,XL,normal,running,beginner,3,outdoor,29,69,Nike,performance,black,knit,"Las Vegas, NV",hot
U01807,20,female,172.9,67.0,22.4,10.0,M,high,football,intermediate,4,both,48,117,Adidas|Nike|Jordan,performance,purple,polyester,"Charlotte, NC",temperate
U01808,41,male,176.1,87.5,28.2,10.5,L,high,outdoor,advanced,3,outdoor,41,162,Nike|Jordan,athleisure,purple,knit,"San Diego, CA",hot
U01809,26,female,176.5,82.6,26.5,11.0,L,high,training,beginner,2,indoor,27,104,Adidas|Jordan,casual,orange,mesh,"Orlando, FL",tropical
U01810,20,male,164.0,80.7,30.0,7.0,XL,high,training,intermediate,3,indoor,60,140,Nike,performance,white,fleece,"Las Vegas, NV",hot
U01811,19,female,167.3,78.9,28.2,10.0,XL,normal,running,intermediate,2,outdoor,26,70,Nike,athleisure,black,polyester,"Seattle, WA",temperate
U01812,31,female,159.0,49.8,19.7,7.5,S,normal,training,intermediate,3,outdoor,42,126,Jordan,performance,yellow,polyester,"Seattle, WA",temperate
U01813,55,female,175.0,79.0,25.8,10.5,L,normal,lifestyle,beginner,5,indoor,29,66,Nike|Adidas|Jordan,athleisure,navy,leather,"Dallas, TX",hot
U01814,18,male,175.4,76.6,24.9,10.0,M,normal,swimming,beginner,3,indoor,14,35,Jordan|Nike|Adidas,performance,blue,polyester,"Orlando, FL",tropical
U01815,29,female,157.7,68.4,27.5,8.0,XL,low,lifestyle,intermediate,5,indoor,17,97,Nike,retro,grey,leather,"Seattle, WA",temperate
U01816,23,male,184.9,91.6,26.8,11.5,L,normal,football,intermediate,3,outdoor,17,56,Nike|Adidas|Jordan,performance,black,leather,"San Francisco, CA",temperate
U01817,20,female,169.3,65.9,23.0,9.5,M,normal,running,advanced,5,outdoor,60,143,Jordan|Nike,casual,red,leather,"Minneapolis, MN",cold
U01818,21,female,169.3,69.9,24.4,9.0,M,normal,running,beginner,4,outdoor,13,71,Nike|Adidas,performance,blue,polyester,"Los Angeles, CA",hot
U01819,41,male,170.0,78.6,27.2,9.0,L,normal,training,intermediate,4,both,16,96,Jordan|Adidas|Nike,athleisure,multi,knit,"Chicago, IL",continental
U01820,47,female,158.5,69.3,27.6,8.0,XL,low,yoga,beginner,4,indoor,18,45,Jordan|Adidas|Nike,athleisure,red,mesh,"Denver, CO",cold
U01821,56,male,188.5,87.1,24.5,12.0,M,high,tennis,intermediate,2,both,36,95,Adidas|Nike,performance,multi,knit,"Boston, MA",continental
U01822,43,female,156.6,77.0,31.4,7.5,XL,normal,training,beginner,2,indoor,36,181,Nike|Adidas,athleisure,black,synthetic,"Charlotte, NC",temperate
U01823,24,male,192.1,83.0,22.5,13.5,L,normal,training,advanced,3,indoor,11,54,Nike|Adidas,athleisure,pink,leather,"San Francisco, CA",temperate
U01824,54,male,175.4,82.1,26.7,9.5,L,normal,basketball,intermediate,4,outdoor,46,116,Adidas,performance,orange,polyester,"San Francisco, CA",temperate
U01825,22,female,162.3,66.9,25.4,8.0,L,low,lifestyle,intermediate,4,outdoor,15,69,Nike,athleisure,red,mesh,"Seattle, WA",temperate
U01826,52,female,154.7,59.1,24.7,7.0,L,high,running,intermediate,3,outdoor,17,88,Nike|Adidas,performance,red,cotton,"New York, NY",continental
U01827,51,male,189.3,77.8,21.7,12.0,S,normal,basketball,intermediate,3,indoor,42,100,Nike,athleisure,black,leather,"Los Angeles, CA",hot
U01828,41,female,160.3,49.3,19.2,8.5,S,high,training,intermediate,3,indoor,36,91,Nike|Adidas,performance,white,knit,"Orlando, FL",tropical
U01829,24,female,178.2,54.6,17.2,11.0,S,normal,training,intermediate,4,indoor,30,111,Nike,performance,red,knit,"Portland, OR",temperate
U01830,32,male,172.8,75.2,25.2,9.0,M,high,training,intermediate,3,outdoor,32,95,Adidas|Nike,performance,blue,knit,"Portland, OR",temperate
U01831,22,female,156.7,51.8,21.1,7.5,S,low,training,beginner,4,outdoor,10,35,Nike,casual,purple,fleece,"Los Angeles, CA",hot
U01832,33,female,158.5,49.7,19.8,8.0,S,normal,yoga,advanced,2,indoor,66,282,Jordan|Adidas|Nike,athleisure,green,leather,"San Diego, CA",hot
U01833,41,female,163.5,48.7,18.2,9.5,XS,normal,yoga,intermediate,3,indoor,75,169,Adidas|Jordan,athleisure,blue,fleece,"Phoenix, AZ",hot
U01834,29,female,162.4,88.9,33.7,9.0,XXL,normal,lifestyle,advanced,3,both,40,128,Jordan,casual,red,leather,"Detroit, MI",continental
U01835,21,female,175.1,49.1,16.0,10.0,XS,high,football,advanced,2,outdoor,47,138,Nike,performance,red,mesh,"Chicago, IL",continental
U01836,18,female,164.9,60.4,22.2,9.0,M,normal,basketball,beginner,3,outdoor,24,89,Adidas,casual,red,mesh,"New York, NY",continental
U01837,20,female,178.2,72.1,22.7,10.0,L,normal,yoga,intermediate,2,indoor,40,133,Adidas,athleisure,pink,leather,"New York, NY",continental
U01838,45,female,165.6,48.5,17.7,9.0,XS,high,training,intermediate,4,both,44,186,Adidas,performance,blue,fleece,"Boston, MA",continental
U01839,31,male,192.2,79.4,21.5,13.0,M,low,running,intermediate,4,outdoor,34,123,Jordan,performance,black,cotton,"Orlando, FL",tropical
U01840,21,male,173.8,77.0,25.5,9.5,L,high,training,advanced,2,indoor,63,187,Nike|Jordan,athleisure,multi,polyester,"Detroit, MI",continental
U01841,38,female,174.5,55.1,18.1,10.5,XS,normal,running,beginner,4,both,46,117,Jordan,performance,black,synthetic,"Houston, TX",tropical
U01842,30,female,168.1,67.0,23.7,9.5,M,normal,training,intermediate,2,both,36,91,Jordan,athleisure,black,knit,"Miami, FL",tropical
U01843,18,male,171.3,102.1,34.8,9.5,XXL,low,training,advanced,2,both,25,163,Nike|Jordan|Adidas,casual,beige,cotton,"Atlanta, GA",temperate
U01844,56,female,161.3,61.1,23.5,8.5,M,low,training,beginner,4,indoor,11,35,Adidas|Nike|Jordan,performance,blue,cotton,"Charlotte, NC",temperate
U01845,48,female,178.2,71.8,22.6,11.0,L,high,yoga,intermediate,3,indoor,14,54,Nike,athleisure,orange,mesh,"San Francisco, CA",temperate
U01846,40,female,161.3,70.8,27.2,8.5,L,normal,yoga,beginner,5,indoor,27,80,Nike|Jordan,athleisure,grey,cotton,"Philadelphia, PA",temperate
U01847,18,female,162.9,58.6,22.1,7.5,M,normal,lifestyle,beginner,4,indoor,29,70,Nike,casual,grey,cotton,"Miami, FL",tropical
U01848,21,male,172.4,84.4,28.4,9.5,L,normal,yoga,intermediate,4,indoor,28,73,Jordan|Nike,performance,pink,leather,"Phoenix, AZ",hot
U01849,40,female,152.7,57.8,24.8,7.0,L,normal,lifestyle,beginner,4,both,12,50,Adidas|Nike,athleisure,blue,leather,"San Francisco, CA",temperate
U01850,32,male,177.8,86.3,27.3,10.5,L,low,running,advanced,2,both,53,142,Nike|Adidas,casual,brown,polyester,"Atlanta, GA",temperate
U01851,27,male,177.2,77.6,24.7,9.5,M,normal,training,beginner,2,indoor,13,70,Nike|Jordan,performance,pink,leather,"San Francisco, CA",temperate
U01852,31,female,159.6,65.5,25.7,8.0,L,low,football,beginner,4,outdoor,10,35,Nike|Adidas|Jordan,performance,blue,leather,"Denver, CO",cold
U01853,22,male,182.7,105.1,31.5,11.5,XL,normal,running,beginner,4,outdoor,14,65,Nike,performance,yellow,polyester,"Denver, CO",cold
U01854,21,female,161.3,62.4,24.0,8.0,M,normal,running,beginner,4,outdoor,15,54,Adidas|Nike,retro,navy,rubber,"Atlanta, GA",temperate
U01855,24,female,160.3,68.1,26.5,8.0,L,normal,running,beginner,5,outdoor,18,59,Jordan,performance,white,knit,"Portland, OR",temperate
U01856,49,female,160.7,60.2,23.3,8.0,M,normal,training,intermediate,3,outdoor,27,100,Jordan,performance,black,leather,"San Francisco, CA",temperate
U01857,43,female,153.1,53.7,22.9,6.5,M,normal,running,beginner,5,outdoor,12,36,Nike|Adidas,performance,grey,mesh,"Dallas, TX",hot
U01858,47,female,165.6,48.5,17.7,9.0,XS,normal,running,beginner,4,outdoor,10,41,Adidas,performance,red,synthetic,"Denver, CO",cold
U01859,30,male,185.4,79.4,23.1,11.5,M,normal,yoga,beginner,4,indoor,38,123,Adidas,retro,multi,leather,"Philadelphia, PA",temperate
U01860,23,female,167.8,46.2,16.4,9.0,XS,high,lifestyle,intermediate,3,both,15,66,Nike,athleisure,green,fleece,"Miami, FL",tropical
U01861,42,male,183.7,86.1,25.5,11.5,L,normal,training,advanced,3,indoor,60,232,Nike|Adidas|Jordan,performance,red,nylon,"Las Vegas, NV",hot
U01862,58,male,181.0,64.2,19.6,10.5,S,high,yoga,advanced,5,indoor,26,86,Nike,retro,black,mesh,"Philadelphia, PA",temperate
U01863,50,male,192.3,98.4,26.6,13.5,XL,low,training,intermediate,2,indoor,20,104,Jordan,athleisure,pink,fleece,"Chicago, IL",continental
U01864,21,male,168.2,80.6,28.5,8.5,XL,high,football,advanced,2,outdoor,30,112,Jordan,performance,blue,knit,"San Francisco, CA",temperate
U01865,53,male,169.5,83.6,29.1,8.0,XL,low,running,intermediate,4,indoor,35,93,Adidas|Nike|Jordan,performance,green,leather,"Denver, CO",cold
U01866,22,male,185.4,69.8,20.3,12.0,S,high,lifestyle,intermediate,2,indoor,17,75,Adidas,retro,grey,nylon,"Minneapolis, MN",cold
U01867,21,male,184.9,91.6,26.8,12.0,L,normal,running,intermediate,3,outdoor,60,158,Adidas|Nike,performance,blue,leather,"Atlanta, GA",temperate
U01868,53,female,160.3,49.3,19.2,8.0,S,low,yoga,advanced,4,indoor,81,371,Adidas|Nike,performance,blue,mesh,"San Francisco, CA",temperate
U01869,52,male,168.7,74.6,26.2,9.0,L,normal,running,intermediate,3,indoor,44,116,Jordan|Adidas,athleisure,grey,mesh,"New York, NY",continental
U01870,25,female,162.4,67.3,25.5,9.0,L,high,training,intermediate,4,indoor,18,88,Nike|Jordan|Adidas,casual,navy,leather,"Los Angeles, CA",hot
U01871,25,male,164.0,67.2,25.0,7.5,M,high,basketball,beginner,5,indoor,16,37,Adidas,casual,white,nylon,"Denver, CO",cold
U01872,58,male,167.4,63.9,22.8,8.5,M,normal,outdoor,advanced,4,outdoor,15,75,Nike,performance,black,mesh,"Phoenix, AZ",hot
U01873,42,male,171.4,78.1,26.6,9.0,L,normal,training,intermediate,5,indoor,87,193,Jordan,performance,black,knit,"Chicago, IL",continental
U01874,39,female,162.9,62.4,23.5,8.5,M,normal,lifestyle,intermediate,2,both,12,57,Nike,casual,blue,gore-tex,"Philadelphia, PA",temperate
U01875,42,male,181.5,86.3,26.2,10.5,L,normal,training,intermediate,3,both,32,87,Adidas|Nike|Jordan,athleisure,black,synthetic,"Philadelphia, PA",temperate
U01876,39,male,169.6,83.7,29.1,9.0,XL,normal,yoga,beginner,5,indoor,17,69,Adidas,athleisure,grey,nylon,"Miami, FL",tropical
U01877,45,female,167.8,71.8,25.5,9.5,L,normal,running,intermediate,4,both,10,35,Adidas|Nike,performance,red,synthetic,"Orlando, FL",tropical
U01878,29,female,172.1,72.3,24.4,10.0,M,high,training,beginner,3,both,10,38,Adidas,athleisure,blue,synthetic,"Atlanta, GA",temperate
U01879,30,female,156.1,56.0,23.0,7.0,M,normal,training,beginner,3,both,10,37,Nike,performance,navy,gore-tex,"Minneapolis, MN",cold
U01880,18,male,165.4,87.3,31.9,8.5,XL,normal,lifestyle,intermediate,3,both,18,65,Nike|Adidas,athleisure,pink,gore-tex,"Orlando, FL",tropical
U01881,26,male,186.0,98.3,28.4,12.0,L,normal,yoga,beginner,3,indoor,23,72,Adidas|Nike,athleisure,black,mesh,"Philadelphia, PA",temperate
U01882,45,male,186.0,81.6,23.6,11.0,M,normal,lifestyle,beginner,4,outdoor,29,100,Jordan,athleisure,white,polyester,"San Diego, CA",hot
U01883,32,male,177.8,79.3,25.1,10.5,M,low,basketball,intermediate,3,indoor,27,79,Nike|Adidas|Jordan,retro,grey,synthetic,"Detroit, MI",continental
U01884,38,female,153.8,77.1,32.6,7.0,XXL,low,training,beginner,4,indoor,10,54,Nike,performance,white,mesh,"Las Vegas, NV",hot
U01885,32,female,155.3,80.3,33.3,8.5,XXL,low,training,beginner,5,both,22,62,Adidas|Jordan|Nike,athleisure,grey,mesh,"Denver, CO",cold
U01886,23,female,147.0,62.2,28.8,6.5,XL,normal,lifestyle,beginner,4,both,15,38,Adidas,retro,brown,synthetic,"Atlanta, GA",temperate
U01887,48,female,166.0,62.0,22.5,9.0,M,normal,lifestyle,beginner,2,both,17,77,Jordan,athleisure,black,mesh,"Los Angeles, CA",hot
U01888,31,female,173.7,62.8,20.8,10.5,S,normal,lifestyle,beginner,5,indoor,30,78,Nike|Adidas|Jordan,retro,white,gore-tex,"Philadelphia, PA",temperate
U01889,19,female,168.5,65.6,23.1,10.0,M,normal,running,intermediate,5,outdoor,10,35,Nike,performance,purple,knit,"Portland, OR",temperate
U01890,18,male,179.2,85.1,26.5,11.0,L,high,football,advanced,4,outdoor,50,177,Nike|Adidas,retro,navy,synthetic,"Dallas, TX",hot
U01891,26,female,178.3,68.7,21.6,11.0,L,high,training,intermediate,4,indoor,43,111,Jordan|Nike,athleisure,multi,polyester,"San Diego, CA",hot
U01892,30,female,164.1,54.7,20.3,9.5,S,low,running,advanced,4,both,66,184,Nike,performance,black,synthetic,"San Diego, CA",hot
U01893,18,female,162.9,75.6,28.5,8.5,XL,normal,training,beginner,4,indoor,26,87,Nike|Adidas,casual,green,leather,"San Francisco, CA",temperate
U01894,48,male,166.8,83.7,30.1,8.5,XL,high,outdoor,advanced,2,both,20,78,Nike|Adidas,performance,yellow,cotton,"Dallas, TX",hot
U01895,18,male,180.4,89.2,27.4,10.5,L,normal,outdoor,advanced,3,outdoor,26,80,Nike,performance,multi,knit,"Houston, TX",tropical
U01896,55,male,160.6,74.5,28.9,7.0,XL,normal,running,intermediate,4,both,31,102,Adidas,athleisure,black,synthetic,"Chicago, IL",continental
U01897,27,female,175.2,68.8,22.4,10.5,M,high,football,beginner,3,outdoor,15,35,Adidas,performance,blue,gore-tex,"Miami, FL",tropical
U01898,19,female,157.2,79.1,32.0,8.0,XXL,normal,yoga,advanced,3,indoor,49,124,Adidas,athleisure,grey,polyester,"Detroit, MI",continental
U01899,18,female,160.3,74.0,28.8,8.5,XL,normal,running,intermediate,3,outdoor,23,123,Adidas,performance,navy,leather,"Boston, MA",continental
U01900,38,male,189.5,99.8,27.8,12.0,L,high,training,beginner,2,both,21,77,Jordan|Nike,performance,black,nylon,"Atlanta, GA",temperate
U01901,54,female,164.9,62.8,23.1,9.0,M,normal,yoga,advanced,3,indoor,56,171,Adidas,performance,blue,nylon,"Boston, MA",continental
U01902,29,male,183.7,87.1,25.8,11.0,L,normal,running,beginner,3,outdoor,21,59,Nike,performance,black,knit,"Boston, MA",continental
U01903,46,female,170.5,58.4,20.1,10.0,S,high,outdoor,intermediate,3,outdoor,18,88,Jordan|Adidas,athleisure,white,gore-tex,"Phoenix, AZ",hot
U01904,57,male,172.1,64.9,21.9,9.5,S,normal,running,intermediate,3,outdoor,28,70,Adidas|Jordan,performance,yellow,synthetic,"Atlanta, GA",temperate
U01905,24,female,171.5,78.5,26.7,10.0,L,low,running,intermediate,3,outdoor,32,95,Nike|Adidas|Jordan,performance,blue,gore-tex,"Seattle, WA",temperate
U01906,20,female,167.3,78.9,28.2,9.0,XL,low,running,intermediate,2,both,10,45,Nike|Adidas,performance,purple,cotton,"Dallas, TX",hot
U01907,54,male,181.0,64.2,19.6,11.0,S,high,yoga,advanced,5,indoor,51,305,Nike|Adidas|Jordan,athleisure,black,mesh,"Houston, TX",tropical
U01908,38,male,187.8,91.3,25.9,12.5,L,normal,outdoor,intermediate,2,outdoor,27,77,Nike|Adidas|Jordan,performance,pink,mesh,"Detroit, MI",continental
U01909,57,male,160.8,63.9,24.7,7.0,M,high,outdoor,intermediate,4,outdoor,41,109,Adidas,performance,black,synthetic,"Atlanta, GA",temperate
U01910,18,male,176.1,89.3,28.8,10.5,XL,normal,training,advanced,3,both,34,140,Nike|Jordan,performance,black,mesh,"Las Vegas, NV",hot
U01911,56,male,172.1,76.7,25.9,9.0,L,normal,running,beginner,4,outdoor,10,35,Adidas,performance,orange,polyester,"Houston, TX",tropical
U01912,22,female,171.5,62.4,21.2,9.5,S,low,lifestyle,beginner,4,indoor,20,92,Adidas|Nike,retro,black,leather,"Orlando, FL",tropical
U01913,37,female,155.3,56.2,23.3,7.0,M,high,basketball,intermediate,2,indoor,44,165,Nike,performance,grey,mesh,"New York, NY",continental
U01914,28,female,161.3,59.8,23.0,8.0,M,normal,running,advanced,3,both,29,85,Nike|Jordan,performance,beige,cotton,"Minneapolis, MN",cold
U01915,51,female,164.9,67.7,24.9,9.0,L,normal,tennis,advanced,3,outdoor,33,160,Nike,performance,black,cotton,"New York, NY",continental
U01916,39,male,192.3,99.8,27.0,13.5,XL,normal,football,beginner,4,outdoor,28,71,Nike|Adidas|Jordan,retro,multi,mesh,"Las Vegas, NV",hot
U01917,32,male,175.4,87.1,28.3,10.0,L,low,outdoor,advanced,3,outdoor,16,69,Nike,retro,black,knit,"Phoenix, AZ",hot
U01918,18,male,179.2,81.6,25.4,11.0,M,low,training,beginner,3,indoor,14,35,Nike|Jordan,athleisure,white,polyester,"Charlotte, NC",temperate
U01919,39,female,172.1,47.4,16.0,10.0,XS,high,basketball,intermediate,4,both,32,74,Nike|Jordan|Adidas,casual,red,mesh,"San Diego, CA",hot
U01920,43,male,174.3,72.9,24.0,9.0,M,low,running,beginner,4,outdoor,10,37,Jordan,athleisure,black,mesh,"Detroit, MI",continental
U01921,50,female,168.2,69.0,24.4,9.0,M,high,yoga,intermediate,3,indoor,29,68,Adidas,performance,pink,rubber,"Dallas, TX",hot
U01922,28,male,177.3,75.8,24.1,10.0,M,normal,basketball,beginner,5,both,13,37,Adidas|Nike,retro,brown,leather,"Atlanta, GA",temperate
U01923,22,male,186.0,76.8,22.2,11.0,S,normal,training,beginner,5,indoor,21,51,Nike|Adidas|Jordan,performance,grey,nylon,"Philadelphia, PA",temperate
U01924,26,female,155.3,52.3,21.7,8.0,M,normal,yoga,intermediate,2,both,18,72,Nike|Jordan|Adidas,athleisure,navy,synthetic,"Philadelphia, PA",temperate
U01925,27,female,168.9,45.6,16.0,9.5,XS,low,training,advanced,5,indoor,108,263,Adidas,athleisure,grey,gore-tex,"Chicago, IL",continental
U01926,30,female,159.0,68.8,27.2,8.0,L,normal,training,advanced,5,indoor,52,178,Adidas|Nike|Jordan,performance,pink,synthetic,"Dallas, TX",hot
U01927,22,female,164.9,63.9,23.5,9.5,M,normal,running,intermediate,4,outdoor,25,120,Nike,performance,blue,polyester,"Seattle, WA",temperate
U01928,51,male,177.3,63.8,20.3,9.5,S,normal,swimming,beginner,2,indoor,16,35,Adidas,performance,blue,gore-tex,"New York, NY",continental
U01929,22,male,177.3,98.1,31.2,10.5,XL,normal,yoga,beginner,3,indoor,18,41,Adidas|Jordan,performance,black,leather,"Atlanta, GA",temperate
U01930,18,male,183.8,85.5,25.3,12.0,M,normal,running,advanced,2,outdoor,27,143,Adidas|Nike,athleisure,red,mesh,"Los Angeles, CA",hot
U01931,19,female,165.6,48.5,17.7,9.0,XS,normal,skateboarding,beginner,2,outdoor,18,64,Nike,performance,blue,synthetic,"Minneapolis, MN",cold
U01932,51,male,187.9,73.8,20.9,13.0,S,normal,running,beginner,2,both,22,50,Adidas|Nike,performance,white,polyester,"Boston, MA",continental
U01933,50,female,171.5,78.2,26.6,10.5,L,low,training,intermediate,2,indoor,27,85,Nike,performance,blue,cotton,"San Diego, CA",hot
U01934,30,female,158.5,49.7,19.8,8.0,S,normal,yoga,advanced,2,indoor,42,140,Adidas,performance,white,fleece,"Charlotte, NC",temperate
U01935,51,female,160.7,74.1,28.7,9.0,XL,low,basketball,advanced,3,indoor,30,146,Nike|Adidas|Jordan,athleisure,white,knit,"Detroit, MI",continental
U01936,22,male,187.1,81.2,23.2,12.0,M,low,running,intermediate,3,outdoor,59,214,Jordan|Adidas,performance,black,mesh,"Miami, FL",tropical
U01937,23,male,173.3,84.1,28.0,9.5,L,low,training,beginner,3,indoor,18,61,Nike|Adidas,athleisure,black,knit,"Minneapolis, MN",cold
U01938,29,male,176.7,89.6,28.7,10.0,XL,normal,training,advanced,4,both,61,168,Jordan|Nike,performance,black,knit,"Orlando, FL",tropical
U01939,47,male,181.5,72.8,22.1,10.5,S,low,training,advanced,3,indoor,28,97,Adidas,performance,black,leather,"Las Vegas, NV",hot
U01940,26,male,178.6,94.4,29.6,10.5,XL,high,tennis,beginner,3,outdoor,13,39,Adidas,retro,green,leather,"Atlanta, GA",temperate
U01941,18,male,180.4,73.5,22.6,10.5,M,normal,running,intermediate,3,outdoor,14,79,Nike|Adidas,performance,black,knit,"Los Angeles, CA",hot
U01942,33,female,159.6,65.5,25.7,8.5,L,low,running,beginner,4,both,39,104,Adidas|Jordan|Nike,performance,grey,mesh,"Dallas, TX",hot
U01943,44,female,168.2,70.7,25.0,9.5,L,normal,yoga,intermediate,2,indoor,15,97,Adidas,athleisure,red,cotton,"Chicago, IL",continental
U01944,55,male,168.7,74.6,26.2,9.5,L,low,training,intermediate,3,indoor,34,98,Adidas,performance,pink,polyester,"Detroit, MI",continental
U01945,26,male,169.6,88.3,30.7,8.5,XL,low,basketball,intermediate,4,indoor,31,77,Jordan|Adidas,performance,black,nylon,"Atlanta, GA",temperate
U01946,32,female,162.4,49.1,18.6,8.0,S,high,training,intermediate,3,indoor,19,51,Nike|Jordan,performance,brown,knit,"Charlotte, NC",temperate
U01947,44,female,163.0,49.4,18.6,8.5,S,normal,yoga,beginner,2,both,15,78,Adidas,retro,black,polyester,"Las Vegas, NV",hot
U01948,54,female,156.7,71.9,29.3,8.0,XL,low,outdoor,beginner,3,outdoor,23,58,Nike|Jordan,performance,blue,cotton,"Denver, CO",cold
U01949,20,male,184.4,81.9,24.1,11.5,M,high,football,intermediate,3,outdoor,18,104,Adidas|Nike|Jordan,performance,yellow,nylon,"Portland, OR",temperate
U01950,29,female,161.3,74.7,28.7,8.0,XL,high,training,intermediate,2,indoor,19,112,Adidas,performance,blue,polyester,"Orlando, FL",tropical
U01951,18,male,178.6,71.5,22.4,10.0,S,normal,training,beginner,3,indoor,14,36,Adidas,performance,multi,knit,"Houston, TX",tropical
U01952,49,female,163.5,61.2,22.9,8.0,M,normal,yoga,intermediate,4,indoor,24,115,Jordan|Nike,athleisure,pink,knit,"Houston, TX",tropical
U01953,29,female,162.4,89.1,33.8,8.5,XXL,normal,football,advanced,3,outdoor,27,96,Nike|Adidas,performance,white,cotton,"San Diego, CA",hot
U01954,18,female,170.5,50.9,17.5,10.5,XS,high,skateboarding,advanced,2,outdoor,64,148,Adidas,casual,black,polyester,"Phoenix, AZ",hot
U01955,18,female,163.5,64.4,24.1,8.5,M,normal,running,intermediate,3,outdoor,18,84,Adidas|Jordan,performance,yellow,mesh,"Houston, TX",tropical
U01956,29,male,179.2,94.7,29.5,10.5,XL,normal,training,intermediate,3,indoor,77,201,Adidas|Nike,athleisure,purple,cotton,"Las Vegas, NV",hot
U01957,18,female,157.7,63.7,25.6,7.5,L,normal,training,beginner,2,indoor,12,37,Nike|Adidas,performance,red,mesh,"Orlando, FL",tropical
U01958,55,male,188.6,76.8,21.6,12.0,S,normal,tennis,intermediate,2,indoor,16,60,Adidas,retro,white,gore-tex,"New York, NY",continental
U01959,28,male,174.8,64.2,21.0,9.0,S,low,running,advanced,3,both,40,139,Nike,performance,navy,gore-tex,"Chicago, IL",continental
U01960,46,female,159.6,54.8,21.5,8.0,M,normal,running,intermediate,3,outdoor,37,136,Jordan,performance,black,fleece,"San Diego, CA",hot
U01961,40,male,177.8,63.9,20.2,10.0,S,low,training,advanced,3,indoor,20,51,Jordan|Adidas,performance,grey,fleece,"Phoenix, AZ",hot
U01962,40,female,173.7,67.3,22.3,10.5,M,low,lifestyle,beginner,3,indoor,37,94,Nike|Jordan,retro,multi,gore-tex,"Boston, MA",continental
U01963,51,male,182.7,79.8,23.9,11.5,M,normal,yoga,advanced,4,indoor,40,151,Nike,athleisure,black,leather,"Detroit, MI",continental
U01964,42,female,161.7,48.9,18.7,8.0,S,high,tennis,intermediate,4,indoor,23,65,Nike|Adidas,performance,pink,cotton,"Charlotte, NC",temperate
U01965,62,female,169.3,45.9,16.0,10.0,XS,normal,yoga,intermediate,2,indoor,23,74,Nike,athleisure,black,mesh,"Orlando, FL",tropical
U01966,32,male,184.9,74.2,21.7,11.5,S,normal,running,beginner,3,both,18,48,Nike|Adidas|Jordan,athleisure,pink,synthetic,"Minneapolis, MN",cold
U01967,29,female,161.3,62.4,24.0,8.0,M,high,swimming,intermediate,4,both,10,63,Nike|Adidas,performance,grey,mesh,"Boston, MA",continental
U01968,21,female,147.0,65.9,30.5,6.5,XL,normal,yoga,intermediate,4,indoor,10,38,Nike,athleisure,grey,polyester,"Miami, FL",tropical
U01969,41,male,177.8,63.9,20.2,10.5,S,high,football,advanced,3,outdoor,56,224,Nike,casual,blue,mesh,"Phoenix, AZ",hot
U01970,18,female,167.8,56.6,20.1,9.5,S,normal,tennis,intermediate,3,outdoor,22,68,Nike,performance,orange,fleece,"Houston, TX",tropical
U01971,35,female,163.5,62.0,23.2,8.5,M,normal,yoga,intermediate,5,both,19,89,Adidas,performance,yellow,fleece,"New York, NY",continental
U01972,27,male,190.6,83.2,22.9,12.0,L,normal,training,intermediate,4,indoor,46,150,Jordan|Nike,performance,grey,gore-tex,"Las Vegas, NV",hot
U01973,32,female,161.7,61.2,23.4,9.0,M,normal,basketball,advanced,2,indoor,75,169,Nike,performance,red,mesh,"Detroit, MI",continental
U01974,39,male,172.1,82.0,27.7,8.5,L,normal,running,advanced,3,outdoor,14,86,Adidas|Nike,performance,white,fleece,"San Diego, CA",hot
U01975,28,female,157.2,62.5,25.3,7.5,L,low,running,intermediate,5,outdoor,42,139,Jordan|Nike,performance,blue,leather,"Houston, TX",tropical
U01976,43,female,174.3,64.4,21.2,10.5,S,normal,basketball,beginner,4,indoor,23,121,Jordan,casual,red,knit,"Portland, OR",temperate
U01977,26,female,161.3,72.3,27.8,8.5,XL,normal,tennis,advanced,4,both,66,204,Jordan,retro,white,polyester,"Houston, TX",tropical
U01978,33,female,162.4,59.3,22.5,8.0,M,normal,swimming,intermediate,3,indoor,16,73,Jordan,athleisure,white,mesh,"Houston, TX",tropical
U01979,26,male,177.8,87.9,27.8,10.5,L,normal,training,beginner,2,both,15,35,Nike|Adidas,athleisure,black,nylon,"Minneapolis, MN",cold
U01980,29,male,181.0,78.3,23.9,10.5,M,normal,skateboarding,beginner,4,outdoor,11,45,Adidas|Nike,athleisure,navy,nylon,"Seattle, WA",temperate
U01981,35,female,156.1,76.3,31.3,7.5,XL,normal,running,beginner,3,outdoor,30,68,Nike,performance,yellow,cotton,"Orlando, FL",tropical
U01982,29,male,165.9,84.5,30.7,8.0,XL,low,outdoor,advanced,3,outdoor,45,300,Nike,performance,beige,synthetic,"Houston, TX",tropical
U01983,25,male,173.8,78.8,26.1,9.5,L,high,training,intermediate,3,indoor,30,76,Nike|Adidas|Jordan,performance,multi,nylon,"Los Angeles, CA",hot
U01984,29,female,158.5,74.1,29.5,7.5,XL,normal,training,beginner,5,indoor,11,49,Nike,performance,green,polyester,"Chicago, IL",continental
U01985,50,male,173.8,77.6,25.7,10.0,L,normal,running,intermediate,5,outdoor,34,161,Nike,performance,blue,mesh,"New York, NY",continental
U01986,54,female,153.1,68.4,29.2,7.5,XL,normal,training,intermediate,2,indoor,37,88,Adidas,athleisure,orange,synthetic,"Miami, FL",tropical
U01987,35,male,174.8,70.0,22.9,10.0,M,normal,training,advanced,4,indoor,82,339,Nike,casual,white,synthetic,"Orlando, FL",tropical
U01988,19,male,186.1,86.9,25.1,12.5,M,high,running,beginner,5,outdoor,16,50,Nike|Adidas,performance,blue,fleece,"Houston, TX",tropical
U01989,49,female,172.1,72.0,24.3,10.0,M,normal,football,beginner,4,outdoor,39,106,Nike|Adidas,performance,beige,nylon,"Los Angeles, CA",hot
U01990,24,male,184.4,81.6,24.0,11.0,M,normal,training,advanced,3,indoor,44,159,Jordan,performance,navy,cotton,"Houston, TX",tropical
U01991,33,male,183.8,87.2,25.8,10.5,L,high,running,beginner,3,outdoor,16,87,Jordan,performance,red,mesh,"Chicago, IL",continental
U01992,50,female,174.5,49.3,16.2,10.0,XS,normal,running,intermediate,5,outdoor,41,97,Adidas|Nike,athleisure,red,cotton,"Portland, OR",temperate
U01993,19,female,163.5,55.3,20.7,9.0,S,normal,yoga,beginner,3,indoor,18,51,Jordan,athleisure,orange,synthetic,"Seattle, WA",temperate
U01994,53,female,168.5,76.7,27.0,9.5,L,normal,basketball,beginner,4,both,33,78,Adidas|Nike|Jordan,performance,black,synthetic,"Dallas, TX",hot
U01995,22,female,159.6,60.9,23.9,8.0,M,high,running,intermediate,4,outdoor,46,120,Adidas|Nike,performance,grey,rubber,"Atlanta, GA",temperate
U01996,50,female,168.5,69.3,24.4,9.0,M,normal,running,beginner,4,both,31,81,Nike|Adidas|Jordan,athleisure,beige,rubber,"Los Angeles, CA",hot
U01997,18,male,173.8,77.0,25.5,9.5,L,normal,training,advanced,2,both,21,64,Nike,performance,multi,synthetic,"Portland, OR",temperate
U01998,21,female,172.1,47.4,16.0,10.5,XS,normal,basketball,intermediate,3,both,15,96,Adidas|Nike,casual,navy,gore-tex,"Detroit, MI",continental
U01999,21,female,171.5,74.1,25.2,9.5,L,normal,running,advanced,3,outdoor,43,103,Nike,athleisure,white,knit,"Minneapolis, MN",cold
U02000,19,female,171.5,74.1,25.2,9.5,L,high,training,advanced,3,indoor,43,108,Jordan|Nike|Adidas,performance,purple,knit,"San Francisco, CA",temperate
U02001,23,female,153.8,64.3,27.2,7.5,L,normal,training,intermediate,3,indoor,38,104,Adidas|Nike,athleisure,brown,cotton,"Philadelphia, PA",temperate
U02002,18,male,179.8,87.3,27.0,11.0,L,normal,yoga,intermediate,3,outdoor,73,176,Nike|Adidas,athleisure,white,synthetic,"Portland, OR",temperate
U02003,21,male,185.4,64.6,18.8,11.5,XS,high,training,intermediate,4,indoor,16,78,Adidas,performance,green,polyester,"Miami, FL",tropical
U02004,18,male,172.5,86.3,29.0,10.0,XL,low,lifestyle,advanced,2,outdoor,73,310,Nike|Adidas,casual,multi,mesh,"Chicago, IL",continental
U02005,22,female,157.2,73.4,29.7,7.5,XL,low,yoga,advanced,3,both,17,85,Adidas|Nike,athleisure,grey,synthetic,"Minneapolis, MN",cold
U02006,19,female,164.1,65.2,24.2,9.0,M,high,training,beginner,3,both,31,89,Jordan,athleisure,black,polyester,"New York, NY",continental
U02007,18,female,156.7,62.9,25.6,7.5,L,normal,yoga,intermediate,4,indoor,29,103,Adidas|Nike,casual,yellow,synthetic,"Denver, CO",cold
U02008,39,male,179.8,89.2,27.6,11.0,L,normal,training,beginner,2,indoor,13,71,Nike|Adidas,performance,red,leather,"Las Vegas, NV",hot
U02009,28,female,164.1,60.6,22.5,8.0,M,low,lifestyle,advanced,4,both,95,295,Adidas|Nike,casual,green,synthetic,"Charlotte, NC",temperate
U02010,52,male,167.4,89.7,32.0,8.5,XL,low,running,intermediate,4,outdoor,20,80,Adidas,performance,red,cotton,"Dallas, TX",hot
U02011,57,male,179.2,76.1,23.7,10.5,M,low,yoga,intermediate,2,both,44,147,Nike|Adidas,athleisure,grey,cotton,"Denver, CO",cold
U02012,48,female,168.2,69.0,24.4,9.5,M,normal,yoga,intermediate,3,indoor,22,96,Nike,athleisure,multi,cotton,"Denver, CO",cold
U02013,44,male,178.6,104.3,32.7,11.0,XXL,normal,running,beginner,5,both,10,50,Nike|Adidas,performance,red,synthetic,"Portland, OR",temperate
U02014,36,female,160.3,69.4,27.0,8.5,L,low,training,advanced,2,indoor,27,95,Adidas|Nike|Jordan,performance,blue,leather,"Charlotte, NC",temperate
U02015,27,male,175.5,81.0,26.3,9.5,L,normal,training,intermediate,3,indoor,44,204,Nike,retro,navy,mesh,"Denver, CO",cold
U02016,37,male,166.8,94.6,34.0,9.0,XXL,high,basketball,intermediate,4,outdoor,46,170,Nike|Adidas|Jordan,retro,green,mesh,"Minneapolis, MN",cold
U02017,29,male,174.3,74.1,24.4,9.0,M,high,tennis,intermediate,4,both,23,86,Nike|Adidas|Jordan,retro,navy,cotton,"Orlando, FL",tropical
U02018,57,female,157.7,59.2,23.8,7.5,M,high,yoga,beginner,3,indoor,29,67,Adidas,casual,black,fleece,"Phoenix, AZ",hot
U02019,44,male,172.1,90.6,30.6,9.5,XL,normal,training,advanced,2,outdoor,36,174,Nike,performance,white,polyester,"San Francisco, CA",temperate
U02020,24,female,172.6,70.3,23.6,10.0,M,normal,training,beginner,3,indoor,11,46,Adidas|Nike,performance,blue,cotton,"Miami, FL",tropical
U02021,54,male,181.5,76.1,23.1,11.0,M,normal,basketball,intermediate,4,indoor,61,157,Jordan|Nike|Adidas,performance,black,cotton,"Portland, OR",temperate
U02022,27,male,174.8,64.2,21.0,9.5,S,normal,running,advanced,3,outdoor,30,127,Jordan,performance,purple,rubber,"Dallas, TX",hot
U02023,42,female,169.4,77.2,26.9,9.5,L,high,training,intermediate,3,both,12,42,Adidas|Nike|Jordan,retro,green,gore-tex,"Denver, CO",cold
U02024,22,male,185.5,84.6,24.6,12.0,M,normal,yoga,advanced,2,indoor,57,151,Adidas,casual,green,rubber,"Seattle, WA",temperate
U02025,51,female,165.6,48.8,17.8,8.5,XS,normal,yoga,advanced,4,indoor,26,170,Nike,casual,blue,mesh,"Houston, TX",tropical
U02026,46,male,192.3,93.9,25.4,12.5,L,normal,training,advanced,5,both,56,129,Nike|Adidas|Jordan,performance,white,cotton,"Orlando, FL",tropical
U02027,27,female,178.4,54.7,17.2,11.5,S,normal,running,intermediate,4,both,21,72,Adidas,performance,yellow,polyester,"Dallas, TX",hot
U02028,20,female,152.0,65.6,28.4,7.0,XL,high,outdoor,beginner,3,outdoor,13,35,Nike|Jordan,performance,grey,mesh,"Dallas, TX",hot
U02029,24,female,151.4,62.3,27.2,6.5,L,low,tennis,advanced,2,both,49,116,Nike,performance,navy,leather,"Denver, CO",cold
U02030,49,female,164.9,56.0,20.6,9.0,S,low,football,advanced,4,indoor,47,114,Nike,performance,white,mesh,"Detroit, MI",continental
U02031,31,male,181.0,101.2,30.9,11.0,XL,normal,training,beginner,4,indoor,21,97,Nike|Adidas|Jordan,performance,multi,synthetic,"San Diego, CA",hot
U02032,40,female,160.7,84.7,32.8,8.0,XXL,normal,lifestyle,beginner,2,both,26,81,Jordan,athleisure,pink,synthetic,"Dallas, TX",hot
U02033,20,female,167.8,46.5,16.5,8.5,XS,normal,running,beginner,4,outdoor,12,43,Nike|Adidas,performance,multi,mesh,"Miami, FL",tropical
U02034,56,female,162.4,53.8,20.4,8.5,S,normal,football,beginner,3,outdoor,20,66,Adidas|Nike|Jordan,performance,multi,synthetic,"Denver, CO",cold
U02035,18,female,164.1,58.2,21.6,8.5,M,high,running,beginner,3,outdoor,20,51,Adidas|Jordan,athleisure,black,knit,"Minneapolis, MN",cold
U02036,55,female,161.3,61.1,23.5,7.5,M,high,training,beginner,4,indoor,15,58,Jordan|Adidas|Nike,performance,green,gore-tex,"Detroit, MI",continental
U02037,51,female,159.6,77.9,30.6,8.5,XL,normal,lifestyle,intermediate,4,both,30,103,Nike|Jordan|Adidas,athleisure,blue,mesh,"Seattle, WA",temperate
U02038,34,female,151.5,53.9,23.5,7.0,M,high,training,beginner,3,both,46,137,Adidas,athleisure,red,synthetic,"Seattle, WA",temperate
U02039,57,female,163.0,78.1,29.4,8.5,XL,normal,running,intermediate,3,both,26,113,Nike|Adidas,performance,blue,leather,"Atlanta, GA",temperate
U02040,18,male,179.2,85.1,26.5,11.0,L,normal,running,advanced,4,outdoor,40,119,Adidas,athleisure,black,synthetic,"Seattle, WA",temperate
U02041,26,male,174.8,75.8,24.8,10.0,M,normal,training,beginner,2,indoor,18,95,Nike|Adidas,retro,pink,synthetic,"New York, NY",continental
U02042,18,female,162.4,58.0,22.0,9.0,M,high,training,advanced,3,indoor,65,194,Nike|Adidas,performance,blue,rubber,"New York, NY",continental
U02043,35,female,154.7,77.3,32.3,8.0,XXL,normal,training,beginner,5,indoor,14,72,Nike,retro,black,polyester,"Minneapolis, MN",cold
U02044,55,female,167.3,63.3,22.6,9.5,M,normal,football,beginner,4,outdoor,22,57,Adidas|Nike,performance,red,mesh,"Detroit, MI",continental
U02045,22,male,186.4,85.8,24.7,11.5,M,low,training,beginner,5,indoor,10,45,Adidas,performance,black,fleece,"Boston, MA",continental
U02046,57,female,156.7,71.9,29.3,7.5,XL,normal,yoga,advanced,4,indoor,30,86,Jordan|Nike,athleisure,purple,cotton,"Las Vegas, NV",hot
U02047,18,female,168.2,65.1,23.0,9.5,M,low,running,beginner,2,outdoor,18,57,Nike,performance,black,mesh,"Atlanta, GA",temperate
U02048,50,male,188.6,76.8,21.6,11.5,S,normal,tennis,intermediate,2,outdoor,22,81,Nike,performance,grey,synthetic,"Seattle, WA",temperate
U02049,33,female,158.5,74.1,29.5,7.5,XL,normal,lifestyle,beginner,5,indoor,19,54,Adidas|Nike,retro,grey,mesh,"Detroit, MI",continental
U02050,25,male,174.8,64.2,21.0,9.0,S,low,football,advanced,3,outdoor,86,214,Nike|Jordan,performance,brown,cotton,"Phoenix, AZ",hot
U02051,30,female,162.4,55.4,21.0,8.5,S,normal,running,beginner,3,outdoor,25,132,Nike|Adidas|Jordan,performance,green,leather,"Los Angeles, CA",hot
U02052,50,male,181.5,76.1,23.1,11.0,M,normal,training,intermediate,4,indoor,43,123,Nike|Jordan,performance,white,mesh,"Las Vegas, NV",hot
U02053,30,female,168.9,45.6,16.0,9.0,XS,high,training,advanced,5,outdoor,43,158,Nike|Adidas|Jordan,performance,white,cotton,"Orlando, FL",tropical
U02054,28,female,158.5,63.6,25.3,8.0,L,normal,training,beginner,5,indoor,23,64,Nike|Adidas,performance,red,knit,"Charlotte, NC",temperate
U02055,21,female,156.7,53.0,21.6,7.0,M,low,running,intermediate,2,outdoor,57,139,Nike|Adidas|Jordan,performance,multi,polyester,"Detroit, MI",continental
U02056,51,female,172.1,47.4,16.0,9.5,XS,normal,training,beginner,3,indoor,26,76,Adidas,performance,grey,nylon,"Portland, OR",temperate
U02057,20,female,167.8,46.5,16.5,9.5,XS,normal,skateboarding,intermediate,3,outdoor,18,93,Nike|Jordan,casual,yellow,knit,"Boston, MA",continental
U02058,31,female,172.2,56.0,18.9,10.5,S,normal,training,intermediate,3,indoor,32,117,Adidas,performance,pink,leather,"San Diego, CA",hot
U02059,18,male,176.7,64.0,20.5,9.5,S,normal,lifestyle,advanced,2,both,23,74,Adidas|Nike,athleisure,pink,mesh,"Denver, CO",cold
U02060,34,female,164.9,75.9,27.9,9.0,XL,low,yoga,advanced,4,indoor,36,194,Adidas|Nike|Jordan,performance,white,synthetic,"Dallas, TX",hot
U02061,32,male,172.8,88.1,29.5,9.0,XL,high,training,intermediate,4,indoor,25,73,Nike|Jordan,athleisure,black,fleece,"San Francisco, CA",temperate
U02062,21,male,174.4,77.9,25.6,9.5,L,low,running,beginner,2,outdoor,23,63,Jordan|Nike,performance,blue,mesh,"Las Vegas, NV",hot
U02063,44,male,184.9,99.8,29.2,11.5,XL,normal,training,intermediate,4,indoor,29,77,Adidas|Jordan,athleisure,navy,mesh,"San Francisco, CA",temperate
U02064,46,female,170.5,58.4,20.1,10.0,S,high,tennis,intermediate,3,outdoor,25,135,Adidas,performance,blue,polyester,"Los Angeles, CA",hot
U02065,29,female,163.0,73.1,27.5,9.0,XL,normal,running,intermediate,4,indoor,35,98,Nike|Jordan|Adidas,performance,grey,cotton,"Phoenix, AZ",hot
U02066,54,male,187.9,82.3,23.3,12.0,M,normal,training,intermediate,5,indoor,17,65,Nike,performance,white,knit,"Houston, TX",tropical
U02067,54,male,177.8,102.1,32.3,10.0,XL,high,training,beginner,2,both,12,58,Adidas,performance,purple,mesh,"Philadelphia, PA",temperate
U02068,40,male,171.4,72.6,24.7,9.0,M,normal,training,beginner,3,both,50,164,Nike,casual,black,mesh,"Las Vegas, NV",hot
U02069,33,female,153.9,87.9,37.1,7.5,XXL,low,training,intermediate,3,outdoor,13,40,Adidas|Jordan|Nike,athleisure,black,mesh,"Portland, OR",temperate
U02070,41,female,170.5,70.1,24.1,10.0,M,low,outdoor,beginner,3,outdoor,20,70,Nike|Jordan,performance,black,synthetic,"Las Vegas, NV",hot
U02071,24,male,176.1,78.5,25.3,9.5,M,high,yoga,intermediate,3,indoor,23,56,Adidas|Nike,athleisure,blue,mesh,"Las Vegas, NV",hot
U02072,31,female,154.7,62.0,25.9,7.5,L,normal,swimming,beginner,4,both,23,116,Jordan,performance,navy,leather,"Detroit, MI",continental
U02073,18,female,163.0,58.7,22.1,8.0,M,high,yoga,beginner,4,indoor,20,75,Jordan,performance,pink,nylon,"Portland, OR",temperate
U02074,31,female,162.4,59.3,22.5,8.0,M,low,lifestyle,intermediate,3,outdoor,26,114,Jordan,retro,navy,mesh,"Houston, TX",tropical
U02075,18,male,173.3,79.9,26.6,9.5,L,low,yoga,beginner,2,indoor,13,78,Adidas,athleisure,red,polyester,"Phoenix, AZ",hot
U02076,19,male,184.9,81.7,23.9,11.0,M,high,swimming,beginner,2,indoor,15,59,Adidas|Nike,performance,black,synthetic,"San Diego, CA",hot
U02077,46,male,186.1,84.2,24.3,11.5,M,high,training,beginner,5,indoor,24,65,Nike,performance,grey,synthetic,"Miami, FL",tropical
U02078,50,female,178.4,76.7,24.1,11.0,L,low,training,beginner,4,indoor,16,51,Adidas,performance,pink,rubber,"Miami, FL",tropical
U02079,51,female,171.0,63.2,21.6,9.0,M,normal,running,beginner,3,outdoor,15,56,Nike|Adidas,performance,white,cotton,"Boston, MA",continental
U02080,45,male,177.3,63.8,20.3,10.0,S,normal,outdoor,beginner,2,outdoor,15,53,Nike|Jordan,athleisure,white,mesh,"Chicago, IL",continental
U02081,29,female,168.9,61.9,21.7,9.0,M,normal,football,intermediate,5,outdoor,26,105,Nike|Adidas|Jordan,performance,white,polyester,"Dallas, TX",hot
U02082,55,female,156.1,61.6,25.3,8.0,L,normal,outdoor,intermediate,3,outdoor,10,47,Nike,performance,grey,cotton,"Seattle, WA",temperate
U02083,20,male,181.5,88.3,26.8,11.0,L,low,training,advanced,3,indoor,68,209,Adidas|Jordan,athleisure,black,polyester,"Charlotte, NC",temperate
U02084,39,female,160.3,71.2,27.7,8.5,XL,high,yoga,intermediate,5,indoor,94,238,Adidas,athleisure,brown,mesh,"Dallas, TX",hot
U02085,25,male,186.1,102.9,29.7,12.0,XL,low,running,intermediate,3,outdoor,34,88,Nike|Adidas|Jordan,performance,black,knit,"Minneapolis, MN",cold
U02086,27,male,174.9,86.3,28.2,10.0,L,normal,lifestyle,intermediate,5,indoor,38,172,Adidas|Nike|Jordan,athleisure,purple,nylon,"Atlanta, GA",temperate
U02087,41,female,167.0,72.0,25.8,9.5,L,normal,training,intermediate,3,both,28,99,Nike,performance,black,synthetic,"Philadelphia, PA",temperate
U02088,31,female,171.0,70.8,24.2,9.0,M,low,yoga,beginner,2,indoor,16,50,Nike,casual,white,synthetic,"Orlando, FL",tropical
U02089,18,male,179.3,91.6,28.5,11.0,XL,normal,running,beginner,3,outdoor,18,45,Jordan,performance,navy,cotton,"Houston, TX",tropical
U02090,52,male,184.4,89.1,26.2,12.0,L,normal,basketball,beginner,4,both,14,67,Nike,performance,black,cotton,"Phoenix, AZ",hot
U02091,40,female,169.4,60.3,21.0,9.5,S,normal,football,beginner,3,indoor,10,48,Nike,retro,multi,polyester,"Boston, MA",continental
U02092,41,male,175.5,85.0,27.6,10.0,L,normal,skateboarding,beginner,2,outdoor,36,84,Adidas,casual,navy,knit,"Dallas, TX",hot
U02093,41,male,160.8,73.2,28.3,7.0,L,low,yoga,intermediate,4,indoor,16,84,Adidas,athleisure,orange,gore-tex,"San Francisco, CA",temperate
U02094,57,female,175.2,49.1,16.0,10.0,XS,high,yoga,intermediate,4,indoor,25,55,Adidas,athleisure,white,mesh,"Portland, OR",temperate
U02095,35,male,180.4,79.1,24.3,11.0,M,normal,tennis,intermediate,4,outdoor,34,104,Jordan,performance,black,synthetic,"Phoenix, AZ",hot
U02096,22,male,176.7,90.9,29.1,10.5,XL,normal,lifestyle,advanced,4,both,30,101,Adidas,athleisure,yellow,rubber,"Chicago, IL",continental
U02097,18,male,176.1,89.3,28.8,10.5,XL,low,football,advanced,3,outdoor,24,118,Adidas,casual,white,cotton,"Phoenix, AZ",hot
U02098,20,female,168.9,57.6,20.2,9.5,S,normal,training,intermediate,4,both,34,84,Nike|Adidas|Jordan,performance,grey,synthetic,"San Francisco, CA",temperate
U02099,33,female,158.6,74.2,29.5,8.5,XL,normal,training,beginner,5,both,10,37,Nike,performance,green,gore-tex,"Los Angeles, CA",hot
U02100,22,male,181.0,91.4,27.9,11.5,L,normal,lifestyle,beginner,3,outdoor,26,98,Nike,retro,white,mesh,"Charlotte, NC",temperate
U02101,26,female,162.4,68.8,26.1,8.5,L,normal,training,beginner,2,indoor,15,91,Nike|Adidas|Jordan,performance,red,synthetic,"Seattle, WA",temperate
U02102,59,female,164.1,60.1,22.3,9.5,M,normal,training,beginner,3,outdoor,10,41,Nike,casual,multi,nylon,"Seattle, WA",temperate
U02103,31,female,162.4,55.4,21.0,8.0,S,high,football,beginner,3,both,24,64,Nike,performance,blue,polyester,"Miami, FL",tropical
U02104,37,female,151.6,65.0,28.3,6.5,XL,low,training,beginner,2,indoor,18,85,Nike|Adidas,performance,white,leather,"Los Angeles, CA",hot
U02105,38,male,170.7,74.0,25.4,8.5,M,normal,yoga,advanced,3,both,59,180,Nike,performance,multi,rubber,"Charlotte, NC",temperate
U02106,44,male,178.6,64.1,20.1,10.0,S,normal,running,advanced,3,outdoor,133,363,Jordan|Nike,performance,beige,polyester,"Atlanta, GA",temperate
U02107,35,male,168.7,74.3,26.1,8.5,L,low,training,beginner,2,indoor,18,59,Adidas|Nike,athleisure,red,rubber,"Minneapolis, MN",cold
U02108,22,male,166.1,78.4,28.4,8.5,L,normal,running,advanced,2,outdoor,77,223,Adidas|Nike,performance,green,cotton,"Philadelphia, PA",temperate
U02109,25,female,171.5,74.1,25.2,10.0,L,normal,basketball,advanced,3,both,21,94,Adidas|Jordan,casual,green,mesh,"Chicago, IL",continental
U02110,51,male,181.0,80.6,24.6,10.5,M,normal,training,beginner,4,outdoor,16,40,Jordan,athleisure,blue,rubber,"Boston, MA",continental
U02111,43,male,187.1,83.7,23.9,12.0,M,normal,running,advanced,3,outdoor,71,335,Jordan,casual,white,fleece,"Miami, FL",tropical
U02112,44,male,176.7,90.2,28.9,9.5,XL,normal,training,beginner,4,both,18,54,Nike,performance,black,cotton,"Phoenix, AZ",hot
U02113,54,female,157.7,69.9,28.1,7.5,XL,normal,training,beginner,4,both,16,40,Nike,performance,black,mesh,"Philadelphia, PA",temperate
U02114,28,male,171.4,76.7,26.1,9.0,L,normal,yoga,intermediate,4,both,40,103,Jordan|Nike,performance,black,nylon,"Denver, CO",cold
U02115,33,male,184.9,74.5,21.8,11.0,S,high,football,beginner,3,outdoor,18,111,Nike|Adidas,performance,white,cotton,"New York, NY",continental
U02116,46,male,187.1,61.6,17.6,12.0,XS,normal,football,beginner,3,both,12,47,Nike,performance,black,mesh,"Las Vegas, NV",hot
U02117,51,male,173.8,88.2,29.2,10.0,XL,normal,training,intermediate,4,both,42,103,Adidas|Nike|Jordan,performance,black,synthetic,"Orlando, FL",tropical
U02118,28,male,173.3,71.8,23.9,9.0,M,low,football,intermediate,5,outdoor,19,48,Nike,performance,navy,rubber,"Seattle, WA",temperate
U02119,19,female,166.0,61.2,22.2,8.5,M,normal,training,beginner,3,indoor,15,44,Adidas|Nike|Jordan,performance,white,cotton,"Dallas, TX",hot
U02120,35,female,153.1,72.7,31.0,7.0,XL,normal,running,advanced,3,outdoor,46,251,Nike,performance,multi,polyester,"Los Angeles, CA",hot
U02121,32,female,178.4,67.8,21.3,11.5,M,normal,training,advanced,3,outdoor,32,119,Adidas|Nike,performance,red,cotton,"Las Vegas, NV",hot
U02122,33,female,158.6,49.8,19.8,8.5,S,high,yoga,advanced,2,indoor,43,97,Adidas|Nike,athleisure,beige,synthetic,"Charlotte, NC",temperate
U02123,19,male,189.1,71.5,20.0,12.5,S,high,football,beginner,3,outdoor,10,38,Adidas|Nike,performance,black,polyester,"Portland, OR",temperate
U02124,60,female,154.7,76.1,31.8,7.0,XXL,normal,yoga,beginner,4,indoor,16,41,Adidas|Nike,performance,white,knit,"San Francisco, CA",temperate
U02125,51,male,180.4,80.1,24.6,10.5,M,normal,training,intermediate,2,indoor,40,145,Nike|Adidas,casual,green,leather,"Seattle, WA",temperate
U02126,55,female,163.0,49.4,18.6,8.5,S,high,yoga,beginner,3,indoor,28,76,Jordan|Adidas,retro,red,nylon,"Las Vegas, NV",hot
U02127,49,female,173.7,62.2,20.6,10.0,S,normal,basketball,intermediate,2,both,22,134,Nike|Adidas|Jordan,athleisure,grey,knit,"Portland, OR",temperate
U02128,27,male,187.1,86.8,24.8,11.5,M,normal,basketball,intermediate,3,outdoor,16,106,Jordan,casual,yellow,synthetic,"Charlotte, NC",temperate
U02129,31,female,164.9,60.4,22.2,8.5,M,normal,running,beginner,4,outdoor,12,50,Adidas|Nike,performance,blue,mesh,"Phoenix, AZ",hot
U02130,24,male,168.8,86.9,30.5,8.5,XL,low,running,beginner,4,both,16,38,Nike|Adidas,performance,beige,gore-tex,"Seattle, WA",temperate
U02131,49,female,166.5,64.6,23.3,8.5,M,normal,football,advanced,3,outdoor,70,198,Nike,performance,navy,knit,"Portland, OR",temperate
U02132,46,male,172.1,75.8,25.6,9.5,L,normal,football,beginner,2,outdoor,42,127,Nike,performance,navy,cotton,"New York, NY",continental
U02133,39,female,162.4,52.7,20.0,8.5,S,normal,training,intermediate,3,indoor,32,71,Jordan,athleisure,white,synthetic,"Los Angeles, CA",hot
U02134,25,male,181.9,86.7,26.2,11.0,L,normal,training,intermediate,3,indoor,17,68,Adidas,performance,black,leather,"Dallas, TX",hot
U02135,49,female,178.5,76.8,24.1,11.0,L,normal,running,beginner,4,both,16,40,Jordan|Adidas,performance,black,mesh,"Minneapolis, MN",cold
U02136,60,male,168.2,88.0,31.1,9.0,XL,low,running,beginner,2,outdoor,14,76,Adidas|Nike,athleisure,white,rubber,"Phoenix, AZ",hot
U02137,39,male,174.4,66.9,22.0,10.5,S,high,running,intermediate,2,outdoor,21,103,Nike,performance,purple,leather,"San Diego, CA",hot
U02138,21,male,180.4,85.3,26.2,11.0,L,high,training,intermediate,2,indoor,32,109,Nike|Adidas,performance,white,synthetic,"Seattle, WA",temperate
U02139,48,male,171.4,95.2,32.4,9.5,XL,high,running,intermediate,4,outdoor,37,85,Nike,performance,yellow,knit,"Miami, FL",tropical
U02140,31,male,179.3,94.8,29.5,10.5,XL,normal,running,intermediate,3,outdoor,49,136,Adidas|Jordan|Nike,performance,multi,cotton,"Dallas, TX",hot
U02141,25,male,182.7,64.1,19.2,11.0,XS,normal,football,beginner,3,outdoor,11,58,Nike|Adidas,retro,grey,mesh,"Chicago, IL",continental
U02142,33,female,172.2,60.8,20.5,10.5,S,low,football,beginner,3,both,15,35,Nike,performance,grey,polyester,"Houston, TX",tropical
U02143,18,male,180.4,81.0,24.9,11.0,M,normal,yoga,beginner,3,indoor,30,79,Nike,performance,purple,synthetic,"Minneapolis, MN",cold
U02144,58,female,154.7,76.1,31.8,7.5,XXL,normal,outdoor,beginner,4,outdoor,19,52,Adidas|Nike|Jordan,performance,navy,cotton,"Minneapolis, MN",cold
U02145,44,female,162.4,59.9,22.7,8.5,M,normal,training,beginner,2,indoor,18,57,Nike|Jordan,performance,yellow,mesh,"Los Angeles, CA",hot
U02146,36,male,178.6,64.1,20.1,10.5,S,normal,yoga,beginner,3,indoor,20,73,Adidas,athleisure,pink,polyester,"Chicago, IL",continental
U02147,28,male,179.3,84.2,26.2,10.0,L,high,running,beginner,4,indoor,10,35,Nike|Adidas,athleisure,grey,mesh,"Boston, MA",continental
U02148,46,female,162.4,73.3,27.8,8.5,XL,normal,running,beginner,5,outdoor,26,78,Adidas,performance,red,nylon,"Las Vegas, NV",hot
U02149,33,female,166.0,64.8,23.5,9.0,M,normal,training,intermediate,4,outdoor,15,82,Adidas|Jordan|Nike,athleisure,black,polyester,"Houston, TX",tropical
U02150,44,male,172.8,75.8,25.4,8.5,M,high,training,intermediate,2,both,32,98,Nike|Jordan|Adidas,athleisure,blue,mesh,"Portland, OR",temperate
U02151,46,female,155.3,70.9,29.4,7.0,XL,normal,tennis,intermediate,5,outdoor,53,169,Nike,performance,black,cotton,"Denver, CO",cold
U02152,44,female,154.8,59.2,24.7,7.0,L,normal,running,beginner,4,outdoor,28,85,Nike|Adidas,performance,navy,gore-tex,"Philadelphia, PA",temperate
U02153,21,female,170.0,68.8,23.8,10.0,M,normal,running,intermediate,2,both,32,80,Nike|Jordan,performance,orange,knit,"Houston, TX",tropical
U02154,22,male,192.4,73.3,19.8,13.0,M,high,running,intermediate,2,both,23,83,Adidas,performance,black,mesh,"Philadelphia, PA",temperate
U02155,47,female,147.1,53.7,24.8,6.5,L,high,training,advanced,4,outdoor,16,56,Adidas|Nike|Jordan,performance,grey,synthetic,"San Diego, CA",hot
U02156,24,male,168.2,88.6,31.3,9.0,XL,normal,running,intermediate,4,outdoor,10,61,Jordan,performance,navy,mesh,"New York, NY",continental
U02157,19,male,170.0,71.4,24.7,8.5,M,normal,outdoor,intermediate,4,outdoor,22,92,Nike,performance,black,polyester,"San Diego, CA",hot
U02158,48,male,167.4,89.7,32.0,8.0,XL,normal,tennis,intermediate,4,outdoor,13,76,Nike|Adidas|Jordan,athleisure,black,nylon,"Boston, MA",continental
U02159,18,male,172.8,64.8,21.7,9.0,S,normal,yoga,beginner,2,both,10,35,Adidas|Nike,performance,black,synthetic,"Philadelphia, PA",temperate
U02160,24,male,167.4,83.5,29.8,8.5,XL,normal,training,advanced,4,indoor,46,166,Nike,performance,white,rubber,"Las Vegas, NV",hot
U02161,22,male,168.8,76.6,26.9,9.0,L,normal,running,beginner,4,outdoor,25,92,Nike|Adidas,performance,white,knit,"Denver, CO",cold
U02162,21,male,174.9,80.5,26.3,10.0,L,normal,outdoor,intermediate,3,outdoor,28,64,Jordan|Nike,performance,blue,nylon,"Atlanta, GA",temperate
U02163,18,female,163.0,58.7,22.1,8.5,M,normal,yoga,beginner,4,indoor,14,77,Adidas|Nike,athleisure,yellow,leather,"Phoenix, AZ",hot
U02164,37,male,172.8,75.2,25.2,9.5,M,high,yoga,beginner,2,indoor,17,88,Nike,athleisure,grey,nylon,"Houston, TX",tropical
U02165,48,male,176.1,82.8,26.7,10.0,L,normal,basketball,advanced,4,indoor,41,109,Jordan|Nike,athleisure,black,nylon,"Philadelphia, PA",temperate
U02166,26,male,184.4,81.6,24.0,12.0,M,normal,outdoor,advanced,3,outdoor,19,122,Jordan|Nike,athleisure,white,leather,"San Francisco, CA",temperate
U02167,38,female,157.3,63.1,25.5,7.5,L,low,training,advanced,3,indoor,122,352,Adidas|Jordan,performance,white,mesh,"Portland, OR",temperate
U02168,33,female,164.1,70.6,26.2,9.0,L,normal,yoga,intermediate,2,indoor,25,66,Adidas,athleisure,navy,leather,"Las Vegas, NV",hot
U02169,47,female,172.6,60.5,20.3,10.0,S,normal,yoga,intermediate,2,both,27,81,Adidas|Nike|Jordan,athleisure,red,synthetic,"New York, NY",continental
U02170,26,male,181.5,83.0,25.2,11.0,M,normal,training,beginner,2,indoor,35,148,Nike,athleisure,black,rubber,"San Diego, CA",hot
U02171,46,female,169.4,45.9,16.0,9.0,XS,normal,swimming,intermediate,4,indoor,15,83,Nike|Adidas,performance,blue,polyester,"Orlando, FL",tropical
U02172,43,male,179.8,94.4,29.2,10.5,XL,normal,football,intermediate,4,both,83,185,Adidas,retro,white,cotton,"Minneapolis, MN",cold
U02173,41,female,163.0,71.2,26.8,8.0,L,low,yoga,intermediate,2,indoor,28,68,Nike|Adidas|Jordan,athleisure,green,cotton,"Detroit, MI",continental
U02174,43,female,156.7,77.3,31.5,8.0,XXL,low,training,beginner,2,outdoor,25,69,Jordan|Nike|Adidas,athleisure,white,synthetic,"Seattle, WA",temperate
U02175,45,male,170.7,101.4,34.8,9.5,XXL,normal,training,beginner,2,indoor,21,103,Jordan|Adidas|Nike,performance,beige,polyester,"Houston, TX",tropical
U02176,35,female,168.2,69.9,24.7,9.5,L,high,outdoor,beginner,2,outdoor,15,53,Nike,casual,grey,knit,"San Francisco, CA",temperate
U02177,50,male,189.3,77.8,21.7,12.5,S,high,running,intermediate,3,outdoor,40,109,Adidas|Nike,performance,grey,polyester,"Miami, FL",tropical
U02178,56,male,166.9,73.0,26.2,8.5,L,high,yoga,beginner,3,indoor,13,73,Nike,athleisure,black,cotton,"Detroit, MI",continental
U02179,30,male,164.1,74.1,27.5,8.0,L,low,outdoor,intermediate,4,outdoor,31,72,Nike,athleisure,black,polyester,"Atlanta, GA",temperate
U02180,51,female,152.7,77.4,33.2,7.5,XXL,high,running,beginner,3,outdoor,73,167,Adidas|Jordan|Nike,performance,red,mesh,"Atlanta, GA",temperate
U02181,42,male,175.5,84.7,27.5,10.0,L,normal,training,beginner,5,indoor,20,101,Adidas|Nike,casual,navy,cotton,"Denver, CO",cold
U02182,37,male,173.8,73.1,24.2,9.0,M,normal,yoga,intermediate,3,indoor,19,90,Jordan|Adidas,athleisure,navy,knit,"Detroit, MI",continental
U02183,24,male,179.3,95.2,29.6,10.5,XL,normal,running,beginner,3,outdoor,12,48,Jordan,performance,black,leather,"Houston, TX",tropical
U02184,28,female,178.6,70.8,22.2,11.0,L,normal,training,beginner,3,both,41,145,Adidas|Nike,performance,black,polyester,"Las Vegas, NV",hot
U02185,18,female,160.3,65.3,25.4,8.0,L,normal,lifestyle,intermediate,4,outdoor,21,74,Jordan,casual,grey,synthetic,"Dallas, TX",hot
U02186,20,male,174.9,75.9,24.8,9.0,M,low,yoga,beginner,2,both,16,44,Nike,casual,multi,mesh,"Denver, CO",cold
U02187,18,male,179.3,91.6,28.5,10.0,XL,normal,running,beginner,3,outdoor,25,86,Jordan|Adidas|Nike,performance,grey,nylon,"Las Vegas, NV",hot
U02188,27,male,192.5,87.5,23.6,13.0,L,normal,football,intermediate,3,outdoor,12,58,Nike|Jordan,performance,brown,mesh,"San Francisco, CA",temperate
U02189,26,male,174.4,64.2,21.1,10.0,S,high,basketball,advanced,3,both,37,160,Adidas,casual,multi,synthetic,"Atlanta, GA",temperate
U02190,48,female,162.4,78.6,29.8,8.5,XL,low,yoga,intermediate,3,indoor,30,109,Nike|Adidas,athleisure,black,synthetic,"Dallas, TX",hot
U02191,36,female,162.4,59.9,22.7,9.5,M,normal,basketball,beginner,2,indoor,15,48,Nike,performance,beige,synthetic,"Phoenix, AZ",hot
U02192,40,female,159.0,50.1,19.8,7.5,S,normal,yoga,intermediate,5,indoor,23,54,Adidas,casual,pink,mesh,"Houston, TX",tropical
U02193,32,female,171.6,69.5,23.6,10.0,M,low,running,intermediate,4,outdoor,19,108,Adidas|Nike,performance,black,knit,"San Francisco, CA",temperate
U02194,43,female,160.8,60.5,23.4,8.5,M,normal,outdoor,intermediate,3,outdoor,55,140,Adidas,performance,pink,mesh,"Minneapolis, MN",cold
U02195,57,male,176.7,66.8,21.4,10.0,S,normal,running,intermediate,5,outdoor,16,65,Jordan,performance,blue,mesh,"Los Angeles, CA",hot
U02196,18,male,171.4,103.1,35.1,9.5,XXL,normal,training,advanced,2,indoor,30,82,Adidas,performance,black,mesh,"Los Angeles, CA",hot
U02197,44,female,163.6,54.9,20.5,9.0,S,normal,yoga,beginner,3,indoor,25,110,Nike|Adidas,athleisure,white,fleece,"Portland, OR",temperate
U02198,22,female,168.9,57.6,20.2,9.5,S,low,training,intermediate,4,outdoor,28,107,Nike,athleisure,pink,mesh,"Phoenix, AZ",hot
U02199,27,female,164.1,62.2,23.1,9.0,M,normal,running,beginner,4,outdoor,16,56,Nike,casual,white,leather,"San Francisco, CA",temperate
U02200,42,female,160.3,64.5,25.1,8.5,L,high,training,beginner,5,both,36,96,Nike|Adidas|Jordan,performance,multi,cotton,"New York, NY",continental
U02201,49,female,172.2,47.4,16.0,9.5,XS,high,training,beginner,3,both,14,72,Nike|Adidas,performance,yellow,mesh,"Orlando, FL",tropical
U02202,18,male,190.2,93.0,25.7,12.5,XL,low,training,intermediate,3,both,46,183,Jordan,performance,navy,cotton,"Houston, TX",tropical
U02203,46,female,155.3,49.2,20.4,6.5,S,normal,training,intermediate,5,both,43,139,Nike|Jordan|Adidas,performance,red,synthetic,"Charlotte, NC",temperate
U02204,18,male,177.8,93.9,29.7,11.0,XL,high,football,intermediate,2,both,17,48,Nike|Jordan,performance,beige,fleece,"Phoenix, AZ",hot
U02205,18,male,182.7,105.1,31.5,11.5,XL,low,outdoor,beginner,4,outdoor,10,40,Nike|Adidas,performance,white,mesh,"Orlando, FL",tropical
U02206,26,female,157.3,73.5,29.7,8.0,XL,low,yoga,advanced,3,outdoor,23,128,Nike,athleisure,orange,mesh,"Phoenix, AZ",hot
U02207,19,male,180.4,89.2,27.4,11.0,L,low,training,advanced,3,indoor,56,154,Jordan,performance,blue,mesh,"Charlotte, NC",temperate
U02208,20,male,171.4,69.6,23.7,8.0,M,normal,running,intermediate,3,indoor,20,76,Adidas,performance,purple,synthetic,"Minneapolis, MN",cold
U02209,23,female,159.6,66.0,25.9,9.0,L,high,outdoor,intermediate,2,outdoor,11,54,Adidas|Nike,performance,black,mesh,"Detroit, MI",continental
U02210,21,male,166.2,78.4,28.4,8.0,L,normal,yoga,advanced,2,indoor,40,173,Nike,casual,pink,cotton,"San Francisco, CA",temperate
U02211,41,male,175.5,84.7,27.5,9.5,L,normal,lifestyle,beginner,5,indoor,33,99,Jordan,retro,orange,polyester,"Minneapolis, MN",cold
U02212,27,male,170.7,66.1,22.7,9.0,M,normal,training,beginner,2,indoor,27,62,Nike,retro,red,cotton,"San Diego, CA",hot
U02213,24,female,164.2,66.3,24.6,9.5,L,high,training,advanced,3,indoor,55,148,Nike,athleisure,white,leather,"Seattle, WA",temperate
U02214,20,female,166.0,58.7,21.3,9.0,S,normal,lifestyle,intermediate,5,indoor,22,57,Nike,retro,black,synthetic,"Denver, CO",cold
U02215,53,male,160.8,71.9,27.8,7.0,L,low,yoga,intermediate,3,indoor,28,84,Adidas,athleisure,green,knit,"Denver, CO",cold
U02216,43,female,166.5,63.2,22.8,9.0,M,low,running,intermediate,3,outdoor,22,86,Jordan|Nike,performance,black,fleece,"Las Vegas, NV",hot
U02217,55,male,171.4,69.0,23.5,8.5,M,high,training,intermediate,4,indoor,58,133,Nike|Adidas|Jordan,performance,yellow,leather,"Philadelphia, PA",temperate
U02218,46,male,183.8,84.1,24.9,11.0,M,normal,training,intermediate,3,indoor,20,117,Nike|Jordan|Adidas,athleisure,blue,fleece,"New York, NY",continental
U02219,38,female,171.6,69.5,23.6,10.5,M,normal,running,intermediate,4,both,36,91,Nike,performance,grey,gore-tex,"Orlando, FL",tropical
U02220,26,male,192.6,59.7,16.1,13.0,S,high,training,beginner,3,indoor,13,56,Adidas,performance,white,knit,"Los Angeles, CA",hot
U02221,59,male,187.9,75.9,21.5,11.5,S,normal,tennis,intermediate,3,outdoor,13,38,Adidas,performance,black,fleece,"Miami, FL",tropical
U02222,49,female,164.2,76.3,28.3,8.5,XL,normal,yoga,intermediate,4,indoor,92,206,Adidas|Nike,athleisure,brown,fleece,"Boston, MA",continental
U02223,53,female,159.6,78.2,30.7,9.0,XL,normal,running,advanced,5,outdoor,28,69,Nike,performance,navy,cotton,"Minneapolis, MN",cold
U02224,31,male,178.6,85.5,26.8,10.0,L,high,basketball,beginner,3,indoor,32,78,Nike|Adidas|Jordan,performance,pink,fleece,"Portland, OR",temperate
U02225,53,female,163.6,65.8,24.6,8.5,L,normal,yoga,beginner,2,indoor,26,66,Adidas|Nike|Jordan,performance,multi,synthetic,"Los Angeles, CA",hot
U02226,43,female,164.2,70.6,26.2,10.0,L,low,yoga,intermediate,4,indoor,27,94,Nike,athleisure,black,cotton,"Orlando, FL",tropical
U02227,32,female,151.4,55.5,24.2,7.0,M,high,running,beginner,2,both,17,65,Adidas,performance,black,synthetic,"Philadelphia, PA",temperate
U02228,36,female,152.7,71.1,30.5,7.5,XL,normal,tennis,beginner,3,both,15,49,Adidas|Nike,performance,blue,rubber,"Portland, OR",temperate
U02229,24,male,174.9,75.9,24.8,10.0,M,normal,yoga,beginner,2,indoor,16,70,Adidas|Nike,athleisure,grey,cotton,"Chicago, IL",continental
U02230,31,male,168.3,84.4,29.8,9.0,XL,low,training,advanced,4,indoor,28,95,Nike|Jordan,performance,black,knit,"Charlotte, NC",temperate
U02231,56,female,172.2,89.6,30.2,10.5,XL,low,running,intermediate,4,outdoor,19,99,Nike,performance,blue,polyester,"Las Vegas, NV",hot
U02232,39,female,164.2,58.8,21.8,9.0,M,normal,lifestyle,intermediate,2,both,33,79,Adidas,performance,navy,polyester,"Houston, TX",tropical
U02233,22,male,175.5,86.9,28.2,10.5,L,normal,yoga,beginner,4,indoor,17,45,Nike|Adidas,athleisure,black,fleece,"Phoenix, AZ",hot
U02234,19,female,164.9,60.4,22.2,8.5,M,normal,training,beginner,3,both,10,45,Nike|Adidas,performance,pink,mesh,"Atlanta, GA",temperate
U02235,45,female,163.6,48.7,18.2,9.0,XS,normal,yoga,intermediate,3,indoor,34,98,Nike|Adidas,athleisure,grey,polyester,"Charlotte, NC",temperate
U02236,49,female,167.3,61.0,21.8,9.5,M,normal,running,intermediate,4,outdoor,49,130,Adidas,performance,navy,cotton,"Orlando, FL",tropical
U02237,46,male,177.8,72.4,22.9,10.0,M,normal,running,intermediate,5,outdoor,42,103,Adidas,performance,red,polyester,"Minneapolis, MN",cold
U02238,39,female,169.4,77.8,27.1,10.0,L,normal,yoga,beginner,3,indoor,24,96,Nike,athleisure,grey,cotton,"Orlando, FL",tropical
U02239,49,male,172.8,90.5,30.3,9.5,XL,low,football,intermediate,5,both,55,163,Adidas|Nike,performance,green,leather,"Detroit, MI",continental
U02240,38,female,167.3,73.1,26.1,9.5,L,high,training,beginner,3,indoor,17,74,Jordan,performance,red,mesh,"Denver, CO",cold
U02241,45,female,166.0,70.0,25.4,9.5,L,high,running,beginner,3,outdoor,35,87,Nike,performance,black,leather,"New York, NY",continental
U02242,31,female,171.0,70.8,24.2,10.0,M,normal,yoga,beginner,2,indoor,63,152,Adidas,athleisure,black,cotton,"Miami, FL",tropical
U02243,18,female,168.2,65.1,23.0,9.5,M,normal,training,beginner,2,indoor,10,35,Nike|Adidas|Jordan,performance,black,mesh,"Atlanta, GA",temperate
U02244,32,female,163.6,80.0,29.9,8.5,XL,high,yoga,beginner,2,indoor,24,102,Jordan|Adidas,performance,purple,gore-tex,"Denver, CO",cold
U02245,37,male,172.5,83.0,27.9,9.0,L,low,yoga,intermediate,3,indoor,36,201,Nike|Adidas|Jordan,performance,grey,synthetic,"Houston, TX",tropical
U02246,30,female,165.0,71.3,26.2,9.0,L,high,basketball,beginner,4,indoor,21,78,Jordan|Nike|Adidas,casual,blue,mesh,"Miami, FL",tropical
U02247,30,female,162.4,59.1,22.4,8.0,M,normal,yoga,advanced,4,both,56,367,Jordan,athleisure,blue,nylon,"San Diego, CA",hot
U02248,27,male,179.3,84.2,26.2,11.0,L,normal,training,beginner,4,outdoor,53,137,Adidas|Nike|Jordan,performance,blue,knit,"San Francisco, CA",temperate
U02249,18,male,192.7,93.9,25.3,13.0,L,normal,running,advanced,2,outdoor,33,117,Nike,performance,grey,mesh,"Phoenix, AZ",hot
U02250,19,female,161.4,57.6,22.1,8.5,M,normal,running,intermediate,5,outdoor,24,77,Nike|Adidas,performance,grey,mesh,"New York, NY",continental
U02251,49,male,180.5,78.5,24.1,10.5,M,normal,football,beginner,4,both,30,81,Nike,casual,white,cotton,"San Francisco, CA",temperate
U02252,46,male,187.1,71.8,20.5,11.5,S,normal,training,advanced,3,indoor,46,127,Nike|Adidas,performance,white,leather,"Atlanta, GA",temperate
U02253,20,female,167.3,72.2,25.8,9.5,L,low,football,advanced,3,outdoor,103,423,Nike|Adidas,athleisure,red,fleece,"Denver, CO",cold
U02254,18,female,161.7,57.8,22.1,8.5,M,normal,yoga,intermediate,3,indoor,46,120,Adidas,performance,pink,cotton,"Las Vegas, NV",hot
U02255,50,female,158.6,69.4,27.6,8.0,XL,high,yoga,beginner,4,indoor,23,66,Nike,performance,white,knit,"New York, NY",continental
U02256,46,male,173.8,81.6,27.0,10.0,L,high,lifestyle,intermediate,3,indoor,12,58,Adidas,casual,black,cotton,"Las Vegas, NV",hot
U02257,21,female,162.5,61.5,23.3,8.5,M,normal,yoga,intermediate,3,indoor,15,96,Adidas,athleisure,green,gore-tex,"Denver, CO",cold
U02258,30,female,159.0,49.8,19.7,7.5,S,normal,basketball,intermediate,3,outdoor,24,64,Adidas|Nike,performance,black,fleece,"Orlando, FL",tropical
U02259,23,male,184.4,81.9,24.1,12.0,M,normal,running,intermediate,3,outdoor,24,118,Adidas|Nike,performance,navy,mesh,"Dallas, TX",hot
U02260,60,female,156.7,72.2,29.4,7.5,XL,low,yoga,advanced,4,indoor,10,47,Jordan,casual,blue,nylon,"Charlotte, NC",temperate
U02261,19,female,163.0,72.5,27.3,9.5,L,normal,training,advanced,3,indoor,67,242,Nike,performance,pink,leather,"Boston, MA",continental
U02262,39,male,187.9,89.3,25.3,11.5,M,normal,football,beginner,4,outdoor,23,54,Nike|Jordan|Adidas,performance,orange,synthetic,"Houston, TX",tropical
U02263,21,female,164.2,65.5,24.3,9.0,M,high,yoga,beginner,3,indoor,13,35,Nike|Jordan,athleisure,beige,synthetic,"Detroit, MI",continental
U02264,29,male,179.8,93.4,28.9,10.5,XL,low,running,intermediate,2,outdoor,40,104,Nike|Jordan,performance,white,polyester,"San Diego, CA",hot
U02265,31,male,173.8,64.3,21.3,8.5,S,high,outdoor,beginner,3,outdoor,15,65,Jordan,performance,black,synthetic,"Minneapolis, MN",cold
U02266,18,male,192.7,98.8,26.6,13.5,XL,high,training,beginner,2,indoor,21,52,Adidas|Nike,performance,navy,polyester,"Chicago, IL",continental
U02267,49,male,183.3,83.7,24.9,10.5,M,normal,basketball,beginner,5,both,32,116,Jordan|Nike,performance,grey,mesh,"Miami, FL",tropical
U02268,31,female,167.8,68.1,24.2,9.0,M,high,running,intermediate,4,outdoor,55,123,Nike,performance,blue,leather,"Dallas, TX",hot
U02269,26,male,179.3,64.3,20.0,11.0,S,normal,yoga,intermediate,4,both,47,147,Adidas|Jordan,athleisure,yellow,gore-tex,"Los Angeles, CA",hot
U02270,54,male,172.1,75.8,25.6,9.0,L,normal,running,beginner,2,outdoor,20,59,Jordan,performance,grey,synthetic,"Los Angeles, CA",hot
U02271,25,male,168.8,86.9,30.5,8.5,XL,low,training,beginner,4,outdoor,33,78,Nike,athleisure,blue,polyester,"Los Angeles, CA",hot
U02272,58,female,153.9,58.5,24.7,7.0,L,low,training,intermediate,3,indoor,22,50,Nike|Jordan,retro,black,mesh,"Los Angeles, CA",hot
U02273,34,female,154.8,60.1,25.1,7.0,L,low,running,beginner,3,outdoor,11,72,Nike|Adidas,athleisure,orange,mesh,"Houston, TX",tropical
U02274,23,female,172.7,70.4,23.6,10.0,M,normal,training,beginner,3,indoor,10,39,Nike|Adidas,athleisure,blue,mesh,"Las Vegas, NV",hot
U02275,26,male,177.8,79.3,25.1,10.5,M,normal,basketball,intermediate,3,both,61,183,Adidas|Jordan,performance,white,polyester,"Orlando, FL",tropical
U02276,45,female,174.3,67.1,22.1,10.0,M,low,training,intermediate,3,indoor,16,108,Jordan|Adidas,performance,grey,mesh,"Houston, TX",tropical
U02277,24,female,164.2,55.3,20.5,8.5,S,low,training,beginner,3,outdoor,17,70,Nike|Adidas,performance,white,cotton,"Minneapolis, MN",cold
U02278,25,male,170.7,69.1,23.7,9.0,M,normal,yoga,advanced,3,indoor,38,184,Nike,athleisure,navy,knit,"Detroit, MI",continental
U02279,55,male,171.4,72.9,24.8,8.5,M,high,lifestyle,beginner,2,both,43,139,Nike,retro,white,mesh,"Los Angeles, CA",hot
U02280,23,male,183.3,89.4,26.6,12.0,L,normal,running,beginner,4,outdoor,12,35,Jordan,performance,grey,polyester,"Denver, CO",cold
U02281,37,male,173.3,89.8,29.9,9.5,XL,normal,training,intermediate,4,indoor,21,100,Adidas|Nike|Jordan,performance,black,cotton,"Las Vegas, NV",hot
U02282,19,female,167.8,46.5,16.5,9.5,XS,high,training,beginner,3,indoor,11,36,Nike,performance,white,nylon,"Minneapolis, MN",cold
U02283,31,female,153.1,60.5,25.8,7.0,L,normal,running,intermediate,3,outdoor,12,44,Adidas,performance,grey,polyester,"Portland, OR",temperate
U02284,26,female,164.2,60.7,22.5,8.5,M,normal,basketball,advanced,4,both,48,107,Nike|Adidas,casual,green,leather,"Houston, TX",tropical
U02285,18,female,168.9,69.0,24.2,9.5,M,normal,running,intermediate,2,indoor,24,141,Adidas|Nike,performance,red,mesh,"Los Angeles, CA",hot
U02286,28,female,165.0,71.3,26.2,9.0,L,high,training,beginner,4,indoor,26,64,Nike|Adidas,athleisure,black,cotton,"San Francisco, CA",temperate
U02287,28,male,186.5,79.3,22.8,12.0,M,normal,training,intermediate,2,indoor,43,96,Adidas|Jordan,athleisure,navy,leather,"Charlotte, NC",temperate
U02288,46,female,172.9,76.5,25.6,10.0,L,normal,basketball,beginner,3,outdoor,28,90,Jordan,retro,blue,mesh,"San Diego, CA",hot
U02289,47,female,172.7,60.5,20.3,9.5,S,normal,yoga,intermediate,2,indoor,39,110,Nike,casual,grey,cotton,"Houston, TX",tropical
U02290,29,female,172.2,55.5,18.7,10.5,S,normal,training,advanced,2,indoor,40,213,Adidas|Nike,performance,black,polyester,"Los Angeles, CA",hot
U02291,31,male,165.9,82.6,30.0,8.0,XL,normal,outdoor,intermediate,3,outdoor,31,120,Nike|Adidas|Jordan,performance,navy,leather,"Las Vegas, NV",hot
U02292,30,female,161.4,74.8,28.7,8.5,XL,normal,yoga,intermediate,2,indoor,27,132,Jordan|Adidas|Nike,performance,black,polyester,"Miami, FL",tropical
U02293,48,male,174.9,74.3,24.3,9.5,M,high,yoga,advanced,3,indoor,45,137,Nike|Jordan|Adidas,athleisure,white,mesh,"Chicago, IL",continental
U02294,18,male,192.7,68.0,18.3,13.0,S,high,lifestyle,advanced,2,indoor,91,210,Nike,casual,orange,polyester,"San Diego, CA",hot
U02295,23,female,156.7,53.0,21.6,8.0,M,normal,running,intermediate,2,indoor,10,52,Nike,athleisure,black,mesh,"Denver, CO",cold
U02296,59,male,165.9,94.1,34.2,8.5,XXL,normal,training,beginner,3,indoor,15,51,Adidas|Jordan,casual,green,polyester,"Charlotte, NC",temperate
U02297,44,female,160.3,64.5,25.1,8.0,L,high,training,beginner,5,indoor,38,103,Nike|Adidas,performance,grey,synthetic,"San Francisco, CA",temperate
U02298,18,male,160.9,79.7,30.8,7.5,XL,low,football,advanced,3,both,35,127,Nike,performance,white,mesh,"San Diego, CA",hot
U02299,27,male,179.3,76.2,23.7,10.0,M,low,tennis,beginner,4,outdoor,17,54,Nike|Adidas,performance,blue,mesh,"New York, NY",continental
U02300,47,male,182.7,75.8,22.7,11.0,M,normal,yoga,intermediate,2,indoor,79,275,Adidas|Nike|Jordan,athleisure,white,fleece,"Los Angeles, CA",hot
U02301,50,male,181.5,73.8,22.4,10.5,S,normal,training,intermediate,4,indoor,63,191,Adidas,athleisure,yellow,nylon,"Portland, OR",temperate
U02302,25,female,160.8,73.9,28.6,9.0,XL,normal,yoga,intermediate,4,indoor,19,111,Adidas,athleisure,black,leather,"Boston, MA",continental
U02303,39,female,161.8,49.0,18.7,8.5,S,high,running,beginner,4,outdoor,14,43,Nike,performance,red,cotton,"New York, NY",continental
U02304,18,female,163.0,75.7,28.5,8.5,XL,low,yoga,beginner,4,indoor,11,35,Adidas,casual,orange,fleece,"Portland, OR",temperate
U02305,32,male,176.7,89.9,28.8,10.5,XL,normal,training,intermediate,3,both,29,141,Jordan|Nike,athleisure,black,mesh,"Miami, FL",tropical
U02306,32,female,154.0,54.8,23.1,6.5,M,normal,swimming,intermediate,2,both,56,179,Nike|Adidas,retro,green,synthetic,"Denver, CO",cold
U02307,30,male,184.9,80.0,23.4,12.0,M,high,lifestyle,advanced,4,outdoor,56,195,Nike,casual,blue,synthetic,"Miami, FL",tropical
U02308,42,male,178.6,104.3,32.7,11.0,XXL,normal,outdoor,beginner,5,outdoor,11,35,Adidas|Nike|Jordan,performance,multi,knit,"San Diego, CA",hot
U02309,25,male,166.2,72.4,26.2,9.0,L,normal,training,intermediate,4,indoor,36,112,Nike,performance,grey,knit,"Phoenix, AZ",hot
U02310,35,female,160.8,72.4,28.0,8.5,XL,normal,training,intermediate,4,indoor,23,86,Nike|Adidas,performance,white,nylon,"Denver, CO",cold
U02311,21,female,171.6,74.2,25.2,10.0,L,normal,training,advanced,3,indoor,56,145,Nike|Adidas,performance,brown,polyester,"Houston, TX",tropical
U02312,29,male,182.7,85.1,25.5,11.5,L,low,training,advanced,4,indoor,96,373,Nike|Adidas|Jordan,performance,red,cotton,"Denver, CO",cold
U02313,25,male,185.0,81.5,23.8,11.0,M,low,running,advanced,3,outdoor,67,230,Adidas,performance,green,cotton,"Las Vegas, NV",hot
U02314,58,male,181.9,77.4,23.4,10.5,M,low,training,intermediate,5,both,31,110,Adidas|Nike,performance,grey,synthetic,"Charlotte, NC",temperate
U02315,36,female,160.3,66.8,26.0,8.0,L,normal,yoga,intermediate,2,indoor,30,103,Adidas|Jordan,athleisure,blue,polyester,"San Diego, CA",hot
U02316,40,female,170.5,73.8,25.4,10.0,L,normal,training,intermediate,5,indoor,49,125,Adidas|Nike|Jordan,athleisure,multi,polyester,"Denver, CO",cold
U02317,19,male,193.0,77.9,20.9,12.5,M,normal,running,intermediate,5,outdoor,23,64,Nike|Adidas,performance,navy,synthetic,"San Francisco, CA",temperate
U02318,46,female,164.2,74.4,27.6,8.5,XL,normal,yoga,beginner,3,indoor,13,82,Adidas|Nike|Jordan,athleisure,green,mesh,"Orlando, FL",tropical
U02319,48,female,164.2,67.4,25.0,8.5,L,low,running,intermediate,2,outdoor,29,97,Nike,performance,multi,mesh,"Los Angeles, CA",hot
U02320,28,male,170.7,66.1,22.7,9.0,M,low,football,beginner,2,outdoor,10,46,Adidas,performance,pink,polyester,"Miami, FL",tropical
U02321,46,male,170.7,79.3,27.2,8.5,L,normal,outdoor,beginner,3,outdoor,34,92,Nike,performance,pink,polyester,"Orlando, FL",tropical
U02322,46,female,161.4,49.0,18.8,8.5,S,high,training,advanced,3,both,29,65,Adidas|Jordan,performance,black,synthetic,"Denver, CO",cold
U02323,26,male,176.1,85.6,27.6,10.5,L,normal,yoga,intermediate,3,outdoor,28,84,Adidas|Nike,athleisure,black,mesh,"Philadelphia, PA",temperate
U02324,32,female,159.0,49.8,19.7,8.0,S,high,training,intermediate,3,indoor,36,136,Adidas|Nike,athleisure,green,polyester,"Seattle, WA",temperate
U02325,18,female,160.3,74.0,28.8,8.5,XL,high,football,intermediate,3,outdoor,25,144,Nike,performance,multi,leather,"Chicago, IL",continental
U02326,45,male,187.9,60.4,17.1,12.0,XS,high,outdoor,beginner,5,outdoor,20,79,Adidas|Jordan,performance,grey,polyester,"Dallas, TX",hot
U02327,33,female,162.5,59.4,22.5,9.0,M,normal,training,intermediate,3,indoor,24,79,Adidas,performance,green,polyester,"San Diego, CA",hot
U02328,22,female,167.0,87.3,31.3,9.5,XL,normal,lifestyle,intermediate,4,indoor,35,84,Adidas,casual,black,gore-tex,"Seattle, WA",temperate
U02329,49,female,159.6,78.2,30.7,8.5,XL,low,running,advanced,5,indoor,57,186,Nike|Adidas,performance,black,mesh,"Miami, FL",tropical
U02330,48,female,160.8,74.2,28.7,9.0,XL,normal,basketball,advanced,3,both,142,318,Jordan|Nike,athleisure,black,cotton,"New York, NY",continental
U02331,18,male,173.3,84.4,28.1,10.0,L,normal,training,beginner,3,outdoor,20,78,Adidas,performance,black,polyester,"Boston, MA",continental
U02332,25,male,174.4,76.0,25.0,9.0,M,low,training,advanced,2,outdoor,37,244,Nike|Adidas,performance,black,leather,"Los Angeles, CA",hot
U02333,38,female,152.7,67.4,28.9,6.5,XL,low,swimming,intermediate,5,both,37,108,Jordan|Nike,performance,black,polyester,"Minneapolis, MN",cold
U02334,50,male,187.9,60.7,17.2,12.0,XS,high,outdoor,beginner,5,outdoor,10,41,Nike,performance,red,leather,"Los Angeles, CA",hot
U02335,46,male,173.8,91.8,30.4,10.0,XL,low,yoga,intermediate,3,indoor,13,58,Nike|Adidas,athleisure,grey,cotton,"Philadelphia, PA",temperate
U02336,49,female,173.0,51.8,17.3,10.5,XS,high,training,intermediate,3,both,14,93,Jordan,performance,navy,polyester,"Denver, CO",cold
U02337,18,male,182.7,105.1,31.5,12.5,XL,high,outdoor,beginner,4,outdoor,22,71,Jordan|Adidas,performance,grey,nylon,"San Diego, CA",hot
U02338,45,female,163.0,57.7,21.7,8.5,M,normal,football,intermediate,4,outdoor,19,85,Adidas|Nike,performance,grey,gore-tex,"Boston, MA",continental
U02339,24,male,164.1,67.3,25.0,7.5,M,low,running,beginner,5,indoor,30,68,Jordan,performance,black,rubber,"Seattle, WA",temperate
U02340,29,male,179.3,76.5,23.8,10.0,M,high,training,advanced,4,indoor,47,118,Nike,performance,red,polyester,"Portland, OR",temperate
U02341,18,female,161.4,57.6,22.1,8.5,M,normal,football,intermediate,5,outdoor,24,66,Nike,performance,black,cotton,"Miami, FL",tropical
U02342,18,male,176.8,64.1,20.5,10.0,S,normal,yoga,advanced,2,both,63,244,Nike|Jordan|Adidas,athleisure,brown,polyester,"Charlotte, NC",temperate
U02343,56,male,176.1,63.9,20.6,9.0,S,normal,training,intermediate,4,indoor,20,119,Nike|Adidas,performance,white,polyester,"Philadelphia, PA",temperate
U02344,30,male,182.7,85.8,25.7,11.0,L,low,running,intermediate,2,outdoor,32,92,Adidas|Nike,athleisure,white,fleece,"Atlanta, GA",temperate
U02345,19,male,181.5,95.2,28.9,10.5,XL,normal,football,intermediate,4,outdoor,10,61,Nike|Adidas,performance,black,leather,"Charlotte, NC",temperate
U02346,47,male,174.4,80.3,26.4,9.5,L,high,training,beginner,3,indoor,27,97,Jordan|Nike,casual,black,polyester,"Miami, FL",tropical
U02347,38,female,161.8,72.3,27.6,8.5,XL,normal,running,intermediate,4,outdoor,25,152,Nike|Adidas,performance,white,knit,"Las Vegas, NV",hot
U02348,54,male,167.5,80.5,28.7,8.0,XL,high,training,beginner,2,indoor,27,85,Adidas,athleisure,multi,mesh,"Seattle, WA",temperate
U02349,28,female,165.6,63.1,23.0,8.5,M,normal,training,intermediate,4,indoor,31,97,Jordan,performance,black,polyester,"Philadelphia, PA",temperate
U02350,18,female,156.1,66.5,27.3,7.5,L,high,training,beginner,5,indoor,11,35,Nike,performance,blue,cotton,"Chicago, IL",continental
U02351,48,female,173.0,51.8,17.3,10.0,XS,high,outdoor,intermediate,3,outdoor,38,104,Adidas,performance,grey,synthetic,"Charlotte, NC",temperate
U02352,20,female,168.5,59.6,21.0,9.0,S,low,basketball,advanced,3,indoor,53,244,Adidas,casual,green,synthetic,"Charlotte, NC",temperate
U02353,23,female,156.7,53.0,21.6,7.0,M,high,football,intermediate,2,outdoor,13,59,Adidas,performance,red,knit,"Dallas, TX",hot
U02354,18,female,170.5,50.9,17.5,9.5,XS,high,running,advanced,2,outdoor,38,138,Nike|Jordan,performance,black,cotton,"Orlando, FL",tropical
U02355,36,male,187.1,84.0,24.0,12.0,M,normal,training,advanced,3,indoor,118,328,Nike,athleisure,black,mesh,"Los Angeles, CA",hot
U02356,21,male,165.4,65.9,24.1,8.0,M,high,swimming,intermediate,4,indoor,14,76,Nike,performance,red,polyester,"Chicago, IL",continental
U02357,43,male,177.3,63.8,20.3,10.5,S,normal,training,advanced,2,both,65,156,Adidas|Nike,casual,pink,synthetic,"Dallas, TX",hot
U02358,46,female,160.8,60.5,23.4,9.0,M,low,training,intermediate,3,both,14,60,Nike|Jordan,casual,red,cotton,"Portland, OR",temperate
U02359,25,male,187.2,86.9,24.8,12.0,M,normal,running,intermediate,3,indoor,26,136,Adidas,performance,red,mesh,"Los Angeles, CA",hot
U02360,41,female,156.1,66.8,27.4,7.5,L,normal,tennis,beginner,4,indoor,16,48,Jordan|Nike|Adidas,performance,yellow,leather,"Phoenix, AZ",hot
U02361,43,female,167.8,75.2,26.7,10.0,L,low,training,beginner,4,indoor,10,35,Nike|Jordan,athleisure,grey,synthetic,"Miami, FL",tropical
U02362,41,female,168.2,46.1,16.3,9.5,XS,normal,tennis,beginner,3,outdoor,12,44,Nike,performance,white,cotton,"Phoenix, AZ",hot
U02363,27,female,167.0,51.0,18.3,9.0,XS,high,training,beginner,3,indoor,12,71,Adidas,performance,yellow,nylon,"Miami, FL",tropical
U02364,27,female,155.4,65.2,27.0,7.5,L,normal,running,beginner,3,outdoor,10,35,Adidas,athleisure,white,polyester,"Phoenix, AZ",hot
U02365,53,female,160.3,49.3,19.2,7.5,S,high,running,advanced,4,indoor,22,92,Nike,casual,multi,fleece,"Minneapolis, MN",cold
U02366,22,female,161.4,70.1,26.9,8.5,L,normal,training,intermediate,2,indoor,22,109,Nike|Adidas|Jordan,performance,pink,polyester,"Charlotte, NC",temperate
U02367,45,male,182.7,74.8,22.4,11.0,S,low,outdoor,beginner,3,outdoor,17,63,Adidas|Nike|Jordan,retro,pink,knit,"Minneapolis, MN",cold
U02368,27,male,170.0,71.4,24.7,9.0,M,normal,training,intermediate,5,indoor,27,72,Nike,athleisure,brown,synthetic,"Chicago, IL",continental
U02369,33,male,180.5,79.2,24.3,11.0,M,normal,running,intermediate,4,outdoor,35,92,Adidas,performance,green,polyester,"Miami, FL",tropical
U02370,45,male,164.1,63.6,23.6,7.5,M,normal,training,intermediate,4,indoor,56,218,Nike,athleisure,black,cotton,"Orlando, FL",tropical
U02371,30,female,162.5,74.2,28.1,9.0,XL,high,basketball,intermediate,2,indoor,80,180,Adidas|Jordan,performance,blue,gore-tex,"Minneapolis, MN",cold
U02372,50,male,187.9,60.7,17.2,11.0,XS,normal,running,beginner,5,outdoor,12,62,Adidas|Nike|Jordan,performance,grey,synthetic,"Detroit, MI",continental
U02373,19,female,168.5,65.6,23.1,10.0,M,normal,basketball,intermediate,5,indoor,49,121,Adidas,performance,grey,cotton,"Chicago, IL",continental
U02374,25,male,164.1,83.5,31.0,7.5,XL,normal,yoga,intermediate,4,indoor,49,110,Jordan|Adidas|Nike,retro,white,mesh,"San Diego, CA",hot
U02375,37,female,147.4,73.0,33.6,6.5,XXL,low,training,beginner,4,both,11,35,Nike,athleisure,white,mesh,"San Francisco, CA",temperate
U02376,45,female,147.6,51.9,23.8,6.0,M,normal,yoga,beginner,3,indoor,10,35,Nike|Jordan,casual,navy,mesh,"San Diego, CA",hot
U02377,45,male,172.8,75.8,25.4,9.5,M,normal,training,intermediate,2,indoor,31,72,Nike,performance,green,mesh,"Detroit, MI",continental
U02378,21,male,193.0,80.1,21.5,13.0,M,normal,training,intermediate,4,indoor,12,44,Adidas|Nike,performance,black,polyester,"Las Vegas, NV",hot
U02379,59,female,163.0,78.1,29.4,8.0,XL,normal,basketball,intermediate,3,both,20,97,Jordan|Nike,performance,white,mesh,"Denver, CO",cold
U02380,33,male,180.5,90.9,27.9,10.5,L,normal,tennis,intermediate,4,both,35,83,Jordan|Adidas,performance,red,mesh,"Seattle, WA",temperate
U02381,24,female,147.7,62.8,28.8,6.0,XL,normal,running,beginner,4,outdoor,18,64,Nike|Adidas,performance,red,cotton,"Portland, OR",temperate
U02382,37,male,161.0,63.5,24.5,7.0,M,high,running,intermediate,2,outdoor,38,126,Nike,performance,black,fleece,"Philadelphia, PA",temperate
U02383,36,male,185.0,86.2,25.2,11.5,M,normal,football,beginner,4,outdoor,28,87,Nike,performance,black,mesh,"Seattle, WA",temperate
U02384,45,female,168.2,69.0,24.4,9.0,M,normal,training,intermediate,3,indoor,30,71,Nike|Adidas,performance,blue,synthetic,"Miami, FL",tropical
U02385,18,male,173.4,73.7,24.5,9.5,M,high,training,beginner,2,indoor,20,66,Adidas|Jordan,casual,yellow,knit,"Detroit, MI",continental
U02386,26,female,172.2,60.8,20.5,10.0,S,high,training,beginner,3,both,18,44,Nike|Adidas|Jordan,performance,white,nylon,"Chicago, IL",continental
U02387,31,female,158.6,49.8,19.8,8.5,S,low,lifestyle,advanced,2,both,45,222,Nike|Jordan,casual,multi,synthetic,"Dallas, TX",hot
U02388,39,female,160.8,79.6,30.8,8.5,XL,low,football,advanced,3,outdoor,92,276,Nike|Jordan,casual,multi,cotton,"Minneapolis, MN",cold
U02389,47,female,160.8,59.0,22.8,8.0,M,normal,training,intermediate,2,both,44,142,Nike|Adidas,performance,navy,synthetic,"Dallas, TX",hot
U02390,33,female,168.9,68.8,24.1,9.5,M,low,training,intermediate,4,indoor,24,97,Nike|Adidas,performance,multi,fleece,"Boston, MA",continental
U02391,18,male,182.7,105.1,31.5,11.0,XL,normal,outdoor,beginner,4,outdoor,15,68,Jordan,performance,grey,synthetic,"Chicago, IL",continental
U02392,18,male,176.8,64.1,20.5,10.0,S,normal,outdoor,beginner,4,outdoor,10,35,Adidas,performance,blue,gore-tex,"Los Angeles, CA",hot
U02393,20,male,180.5,64.2,19.7,11.0,S,high,running,advanced,4,outdoor,15,65,Nike,performance,pink,leather,"Atlanta, GA",temperate
U02394,58,female,167.3,70.8,25.3,9.5,L,normal,training,intermediate,4,indoor,37,105,Nike,athleisure,black,polyester,"Phoenix, AZ",hot
U02395,49,male,179.8,64.7,20.0,10.5,S,normal,training,advanced,3,both,67,286,Jordan|Adidas,retro,green,mesh,"Chicago, IL",continental
U02396,52,male,187.2,106.2,30.3,12.0,XL,high,running,intermediate,4,outdoor,23,63,Adidas|Nike,retro,beige,mesh,"Los Angeles, CA",hot
U02397,31,female,164.2,67.4,25.0,9.0,L,normal,yoga,intermediate,4,indoor,44,106,Nike|Jordan|Adidas,athleisure,navy,cotton,"Boston, MA",continental
U02398,39,male,193.0,88.7,23.8,13.0,L,low,training,beginner,2,indoor,28,78,Nike|Jordan|Adidas,performance,black,knit,"Boston, MA",continental
U02399,54,male,185.5,89.5,26.0,12.0,L,low,basketball,intermediate,2,both,32,81,Nike|Adidas,casual,black,mesh,"Chicago, IL",continental
U02400,25,female,167.8,46.5,16.5,9.0,XS,normal,training,intermediate,3,indoor,29,91,Nike|Jordan,athleisure,black,knit,"Miami, FL",tropical
U02401,41,female,167.0,54.7,19.6,8.5,S,normal,yoga,advanced,3,outdoor,92,213,Nike,performance,black,knit,"Atlanta, GA",temperate
U02402,29,male,172.5,88.4,29.7,9.5,XL,normal,running,beginner,3,outdoor,26,68,Nike,casual,purple,cotton,"Boston, MA",continental
U02403,50,male,180.5,80.1,24.6,10.5,M,high,football,intermediate,2,outdoor,27,110,Adidas|Jordan,retro,black,mesh,"Seattle, WA",temperate
U02404,35,male,178.6,101.4,31.8,11.0,XL,normal,training,intermediate,3,indoor,26,70,Adidas,performance,multi,gore-tex,"Charlotte, NC",temperate
U02405,30,female,161.4,66.7,25.6,8.0,L,high,training,intermediate,2,indoor,37,104,Nike,performance,green,leather,"San Francisco, CA",temperate
U02406,33,female,163.6,62.1,23.2,8.5,M,normal,training,intermediate,5,indoor,33,89,Adidas|Nike|Jordan,performance,green,gore-tex,"Seattle, WA",temperate
U02407,32,female,161.4,62.5,24.0,8.5,M,normal,lifestyle,intermediate,4,both,22,91,Nike|Jordan,casual,red,synthetic,"San Francisco, CA",temperate
U02408,44,male,166.9,83.8,30.1,8.5,XL,low,lifestyle,advanced,2,outdoor,40,131,Nike,retro,black,polyester,"San Diego, CA",hot
U02409,46,male,186.1,84.2,24.3,11.5,M,normal,running,beginner,5,outdoor,27,64,Nike|Adidas,performance,pink,polyester,"Minneapolis, MN",cold
U02410,51,female,159.6,78.2,30.7,8.5,XL,normal,training,advanced,5,indoor,51,115,Nike|Jordan,athleisure,grey,leather,"Las Vegas, NV",hot
U02411,48,female,164.2,62.3,23.1,8.5,M,normal,running,intermediate,4,outdoor,27,106,Adidas|Jordan|Nike,performance,black,synthetic,"Denver, CO",cold
U02412,40,male,179.8,64.7,20.0,10.5,S,normal,yoga,beginner,5,indoor,17,56,Jordan|Adidas,athleisure,yellow,knit,"Los Angeles, CA",hot
U02413,23,male,177.9,86.7,27.4,11.0,L,normal,training,beginner,4,outdoor,10,36,Nike,casual,white,nylon,"Las Vegas, NV",hot
U02414,37,female,157.3,52.5,21.2,8.0,S,normal,yoga,advanced,4,indoor,27,73,Adidas|Nike,athleisure,navy,nylon,"Miami, FL",tropical
U02415,24,female,173.7,68.2,22.6,10.5,M,normal,training,intermediate,5,indoor,21,128,Nike|Jordan,athleisure,black,leather,"Las Vegas, NV",hot
U02416,19,female,175.2,66.9,21.8,11.0,M,normal,training,intermediate,3,outdoor,51,118,Jordan|Nike,performance,black,synthetic,"Houston, TX",tropical
U02417,19,male,181.5,63.9,19.4,10.5,XS,high,running,advanced,3,outdoor,30,96,Adidas|Nike,performance,blue,leather,"New York, NY",continental
U02418,34,male,169.6,88.6,30.8,10.0,XL,normal,running,advanced,3,outdoor,51,220,Jordan|Nike,performance,black,leather,"San Diego, CA",hot
U02419,34,female,166.0,59.8,21.7,9.0,M,normal,training,beginner,5,outdoor,10,42,Nike|Adidas|Jordan,performance,red,mesh,"Detroit, MI",continental
U02420,34,male,181.0,92.4,28.2,11.5,L,normal,outdoor,advanced,5,outdoor,46,145,Adidas|Nike|Jordan,performance,black,cotton,"New York, NY",continental
U02421,47,female,171.0,63.2,21.6,10.5,M,normal,training,beginner,3,outdoor,17,52,Nike,athleisure,blue,polyester,"Dallas, TX",hot
U02422,30,female,165.6,54.8,20.0,8.5,S,high,tennis,beginner,4,both,21,58,Adidas,performance,grey,leather,"Phoenix, AZ",hot
U02423,52,male,161.1,69.3,26.7,7.5,L,high,training,advanced,3,indoor,66,216,Adidas,casual,white,synthetic,"Orlando, FL",tropical
U02424,32,female,156.7,72.2,29.4,7.5,XL,normal,training,beginner,2,indoor,17,55,Nike,athleisure,green,mesh,"Houston, TX",tropical
U02425,42,male,176.8,64.1,20.5,9.5,S,high,running,advanced,5,outdoor,34,143,Adidas,performance,blue,cotton,"Portland, OR",temperate
U02426,26,female,166.5,63.2,22.8,9.0,M,normal,training,beginner,3,outdoor,19,89,Nike|Adidas,athleisure,black,leather,"Miami, FL",tropical
U02427,40,male,181.5,77.1,23.4,10.5,M,high,lifestyle,beginner,3,both,15,67,Nike,athleisure,grey,mesh,"Seattle, WA",temperate
U02428,33,female,167.0,72.0,25.8,9.5,L,high,basketball,beginner,3,both,13,51,Jordan|Nike,casual,grey,mesh,"Los Angeles, CA",hot
U02429,18,male,182.8,66.5,19.9,10.5,S,high,training,advanced,2,both,57,150,Nike,athleisure,blue,synthetic,"Boston, MA",continental
U02430,39,female,169.4,77.8,27.1,10.0,L,high,outdoor,beginner,3,outdoor,18,99,Nike,performance,red,polyester,"Denver, CO",cold
U02431,52,female,163.6,59.7,22.3,9.0,M,normal,yoga,advanced,2,indoor,88,257,Nike,athleisure,white,knit,"San Diego, CA",hot
U02432,42,female,160.3,67.1,26.1,8.5,L,normal,football,beginner,4,outdoor,10,37,Jordan,performance,white,mesh,"Seattle, WA",temperate
U02433,34,male,180.5,79.2,24.3,10.5,M,normal,running,intermediate,4,indoor,10,61,Nike,performance,orange,cotton,"Denver, CO",cold
U02434,57,female,173.7,62.5,20.7,10.5,S,normal,tennis,advanced,3,indoor,48,206,Nike|Adidas|Jordan,performance,black,cotton,"Seattle, WA",temperate
U02435,53,male,171.5,69.1,23.5,8.5,M,normal,training,intermediate,4,indoor,24,93,Adidas,performance,red,leather,"San Diego, CA",hot
U02436,29,female,168.2,46.1,16.3,9.0,XS,normal,lifestyle,beginner,3,indoor,10,35,Adidas|Nike|Jordan,athleisure,multi,fleece,"Las Vegas, NV",hot
U02437,54,female,168.5,76.7,27.0,9.5,L,normal,training,beginner,4,both,20,48,Adidas,performance,green,cotton,"Philadelphia, PA",temperate
U02438,18,male,166.2,80.1,29.0,8.5,XL,normal,training,intermediate,4,both,17,72,Nike,casual,white,fleece,"Dallas, TX",hot
U02439,23,female,169.4,54.5,19.0,9.5,S,normal,training,advanced,3,indoor,35,119,Jordan|Adidas,performance,black,gore-tex,"Houston, TX",tropical
U02440,18,male,178.7,84.6,26.5,10.5,L,low,training,beginner,3,indoor,33,73,Nike|Jordan,performance,white,polyester,"San Diego, CA",hot
U02441,42,female,162.5,60.2,22.8,8.5,M,normal,training,beginner,2,indoor,10,44,Adidas,performance,black,leather,"Philadelphia, PA",temperate
U02442,29,female,168.9,72.7,25.5,9.0,L,normal,lifestyle,intermediate,5,outdoor,52,156,Jordan,retro,navy,polyester,"Houston, TX",tropical
U02443,30,female,156.7,73.7,30.0,8.0,XL,normal,yoga,intermediate,4,both,44,118,Adidas|Nike|Jordan,athleisure,blue,synthetic,"Denver, CO",cold
U02444,23,male,188.6,83.9,23.6,12.0,M,low,yoga,intermediate,2,indoor,12,50,Adidas,athleisure,navy,knit,"San Francisco, CA",temperate
U02445,28,female,163.0,52.1,19.6,8.5,S,normal,skateboarding,intermediate,2,outdoor,15,92,Adidas,casual,orange,mesh,"Chicago, IL",continental
U02446,28,male,172.8,88.1,29.5,9.5,XL,normal,yoga,intermediate,4,outdoor,50,129,Jordan|Nike|Adidas,performance,white,mesh,"Los Angeles, CA",hot
U02447,48,male,179.9,70.9,21.9,10.5,S,normal,running,beginner,4,outdoor,16,66,Nike|Adidas,performance,grey,synthetic,"Atlanta, GA",temperate
U02448,32,female,152.0,76.2,33.0,7.0,XXL,normal,training,beginner,3,indoor,19,76,Nike|Adidas,performance,blue,cotton,"Orlando, FL",tropical
U02449,19,male,176.8,91.0,29.1,10.5,XL,normal,lifestyle,advanced,4,both,29,106,Adidas|Jordan,retro,green,rubber,"Denver, CO",cold
U02450,24,female,171.0,61.1,20.9,10.5,S,normal,training,beginner,4,indoor,11,67,Adidas|Nike,performance,blue,polyester,"Los Angeles, CA",hot
U02451,52,male,180.5,67.4,20.7,11.0,S,high,training,beginner,2,indoor,22,55,Adidas|Nike,performance,black,knit,"Detroit, MI",continental
U02452,53,male,193.0,62.2,16.7,13.0,S,normal,running,intermediate,3,outdoor,125,306,Nike,casual,brown,fleece,"Detroit, MI",continental
U02453,19,male,193.1,99.2,26.6,13.0,XL,normal,basketball,beginner,2,both,14,35,Jordan|Nike,performance,black,rubber,"Philadelphia, PA",temperate
U02454,39,male,177.9,69.3,21.9,11.0,S,low,yoga,advanced,5,both,92,450,Nike|Adidas|Jordan,performance,red,synthetic,"Portland, OR",temperate
U02455,33,male,172.8,98.5,33.0,9.5,XXL,normal,running,beginner,4,outdoor,19,44,Nike,casual,white,nylon,"Denver, CO",cold
U02456,50,male,172.8,90.8,30.4,10.0,XL,low,running,intermediate,5,outdoor,62,179,Nike|Adidas,performance,blue,polyester,"Detroit, MI",continental
U02457,47,male,186.1,79.7,23.0,12.0,M,normal,lifestyle,intermediate,3,indoor,49,149,Nike,performance,multi,leather,"Minneapolis, MN",cold
U02458,47,female,162.5,73.4,27.8,8.5,XL,normal,outdoor,beginner,5,outdoor,16,44,Nike|Adidas,casual,navy,mesh,"Minneapolis, MN",cold
U02459,59,female,152.1,59.7,25.8,6.5,L,normal,training,beginner,4,outdoor,26,69,Adidas|Nike,casual,red,polyester,"Philadelphia, PA",temperate
U02460,51,male,183.8,68.2,20.2,11.0,S,normal,training,intermediate,4,indoor,23,85,Adidas|Nike,casual,red,gore-tex,"Phoenix, AZ",hot
U02461,54,female,157.3,67.8,27.4,8.0,L,normal,yoga,intermediate,2,indoor,38,118,Nike,casual,pink,mesh,"New York, NY",continental
U02462,51,female,157.3,71.8,29.0,8.0,XL,normal,yoga,beginner,3,both,22,69,Nike,performance,blue,nylon,"New York, NY",continental
U02463,18,male,177.3,72.6,23.1,11.0,M,normal,training,intermediate,2,indoor,11,74,Adidas,retro,black,knit,"Charlotte, NC",temperate
U02464,23,female,165.6,60.1,21.9,9.5,M,normal,training,advanced,2,indoor,17,113,Jordan|Nike,performance,brown,cotton,"Denver, CO",cold
U02465,44,male,186.1,84.2,24.3,12.0,M,normal,training,beginner,5,indoor,22,75,Nike,athleisure,navy,cotton,"New York, NY",continental
U02466,19,male,177.9,87.3,27.6,10.5,L,low,running,advanced,2,both,30,93,Jordan,performance,beige,knit,"Phoenix, AZ",hot
U02467,19,male,168.8,70.9,24.9,9.0,M,low,running,advanced,3,both,34,94,Nike,athleisure,green,mesh,"Los Angeles, CA",hot
U02468,55,male,172.8,81.8,27.4,9.0,L,normal,yoga,beginner,4,indoor,36,97,Jordan,athleisure,green,mesh,"Minneapolis, MN",cold
U02469,44,female,175.0,77.8,25.4,10.5,L,normal,basketball,beginner,4,indoor,25,78,Adidas|Jordan,performance,red,synthetic,"Detroit, MI",continental
U02470,46,male,178.7,80.8,25.3,9.5,M,low,football,beginner,2,outdoor,10,38,Adidas|Nike,performance,multi,knit,"Charlotte, NC",temperate
U02471,43,male,173.4,65.2,21.7,9.5,S,normal,training,intermediate,5,indoor,23,69,Adidas|Nike,performance,orange,polyester,"Portland, OR",temperate
U02472,48,male,170.7,79.3,27.2,9.5,L,normal,running,beginner,3,outdoor,10,35,Adidas,casual,grey,synthetic,"Phoenix, AZ",hot
U02473,24,female,157.7,60.4,24.3,7.0,M,low,running,beginner,5,outdoor,31,78,Nike|Adidas,athleisure,white,leather,"Houston, TX",tropical
U02474,45,male,173.8,69.5,23.0,10.0,M,normal,football,beginner,3,outdoor,24,87,Nike,performance,grey,knit,"Phoenix, AZ",hot
U02475,42,male,181.1,96.8,29.5,10.5,XL,high,running,intermediate,4,outdoor,28,66,Nike,performance,black,polyester,"Philadelphia, PA",temperate
U02476,35,male,178.7,85.6,26.8,10.5,L,normal,training,beginner,3,indoor,16,85,Nike|Adidas,performance,white,nylon,"Los Angeles, CA",hot
U02477,51,female,147.7,51.5,23.6,6.0,M,normal,football,intermediate,2,outdoor,88,242,Nike,athleisure,black,cotton,"Las Vegas, NV",hot
U02478,24,male,170.1,71.5,24.7,9.0,M,low,training,intermediate,5,indoor,13,45,Jordan,performance,black,synthetic,"Houston, TX",tropical
U02479,20,male,179.9,84.1,26.0,10.0,L,high,running,advanced,3,both,20,104,Adidas,performance,grey,mesh,"Charlotte, NC",temperate
U02480,31,male,185.0,62.3,18.2,11.5,XS,low,yoga,beginner,3,indoor,11,35,Adidas|Nike,athleisure,green,polyester,"Las Vegas, NV",hot
U02481,54,male,176.8,81.3,26.0,10.0,L,normal,lifestyle,intermediate,2,both,33,156,Adidas,retro,black,cotton,"Seattle, WA",temperate
U02482,23,female,168.9,57.6,20.2,9.5,S,high,training,intermediate,4,indoor,20,83,Adidas|Nike,performance,red,mesh,"Miami, FL",tropical
U02483,21,male,183.3,73.6,21.9,11.5,S,normal,yoga,intermediate,3,indoor,21,73,Adidas,casual,multi,polyester,"Detroit, MI",continental
U02484,25,male,168.8,86.9,30.5,9.0,XL,low,running,beginner,4,outdoor,19,72,Jordan,performance,blue,knit,"Detroit, MI",continental
U02485,34,male,185.5,82.9,24.1,11.5,M,high,yoga,beginner,2,outdoor,14,51,Nike|Jordan,athleisure,white,leather,"Dallas, TX",hot
U02486,52,female,160.8,59.0,22.8,8.5,M,high,basketball,intermediate,5,both,24,89,Nike|Adidas,athleisure,red,cotton,"Portland, OR",temperate
U02487,21,male,175.0,80.5,26.3,10.0,L,normal,running,intermediate,3,outdoor,15,97,Nike|Adidas,performance,pink,knit,"Portland, OR",temperate
U02488,38,female,159.6,65.2,25.6,8.0,L,low,swimming,advanced,3,indoor,33,128,Jordan,performance,white,leather,"Los Angeles, CA",hot
U02489,46,female,164.2,53.7,19.9,9.0,S,normal,lifestyle,advanced,3,indoor,36,135,Adidas|Nike,retro,grey,polyester,"Denver, CO",cold
U02490,50,male,176.1,76.0,24.5,9.5,M,high,running,advanced,2,outdoor,51,155,Nike|Adidas,athleisure,beige,leather,"Seattle, WA",temperate
U02491,35,female,162.5,59.7,22.6,8.5,M,normal,training,intermediate,3,indoor,32,109,Adidas|Jordan|Nike,performance,blue,mesh,"Portland, OR",temperate
U02492,39,female,164.2,78.2,29.0,8.5,XL,normal,outdoor,intermediate,2,outdoor,27,135,Jordan|Adidas,casual,multi,mesh,"Detroit, MI",continental
U02493,48,male,182.8,87.9,26.3,12.0,L,low,training,intermediate,4,outdoor,44,134,Nike,performance,blue,cotton,"Los Angeles, CA",hot
U02494,19,male,193.1,69.0,18.5,14.0,S,normal,running,beginner,2,outdoor,10,35,Adidas|Nike,performance,black,rubber,"New York, NY",continental
U02495,35,male,181.1,92.5,28.2,11.0,L,normal,outdoor,advanced,5,outdoor,74,298,Adidas,performance,orange,cotton,"Orlando, FL",tropical
U02496,46,female,160.3,66.3,25.8,8.0,L,normal,training,intermediate,4,indoor,36,108,Adidas|Nike,performance,purple,rubber,"Seattle, WA",temperate
U02497,58,male,165.9,94.1,34.2,8.5,XXL,low,training,beginner,3,both,16,46,Adidas|Nike,performance,black,nylon,"Charlotte, NC",temperate
U02498,18,female,176.5,78.5,25.2,10.5,L,low,lifestyle,intermediate,3,both,12,59,Jordan,casual,white,nylon,"San Francisco, CA",temperate
U02499,56,female,165.0,48.7,17.9,9.0,XS,low,yoga,beginner,2,indoor,31,123,Nike,athleisure,blue,synthetic,"Phoenix, AZ",hot
U02500,24,male,189.5,58.9,16.4,12.5,XS,low,running,beginner,2,both,41,144,Adidas,casual,beige,cotton,"Miami, FL",tropical
U02501,46,male,175.5,84.7,27.5,9.5,L,low,lifestyle,beginner,5,both,39,142,Adidas,athleisure,brown,cotton,"Miami, FL",tropical
U02502,19,male,165.4,87.3,31.9,8.5,XL,normal,training,intermediate,3,indoor,32,91,Nike|Adidas,casual,red,mesh,"Las Vegas, NV",hot
U02503,34,female,167.0,75.6,27.1,9.5,L,low,training,beginner,3,indoor,28,75,Nike|Adidas,performance,green,mesh,"Seattle, WA",temperate
U02504,21,female,167.3,72.5,25.9,9.5,L,normal,running,advanced,4,outdoor,41,253,Jordan,performance,black,gore-tex,"Denver, CO",cold
U02505,22,male,174.4,68.1,22.4,9.5,S,normal,running,beginner,4,both,18,48,Nike,athleisure,navy,synthetic,"Las Vegas, NV",hot
U02506,54,male,161.5,72.5,27.8,7.0,L,normal,yoga,intermediate,3,indoor,55,132,Adidas|Nike,performance,green,fleece,"Dallas, TX",hot
U02507,25,male,178.7,98.4,30.8,11.0,XL,normal,basketball,intermediate,3,indoor,49,116,Adidas,performance,white,mesh,"San Diego, CA",hot
U02508,40,female,164.2,70.6,26.2,9.0,L,high,training,intermediate,4,indoor,39,235,Adidas|Nike,performance,black,knit,"Chicago, IL",continental
U02509,24,male,185.5,72.6,21.1,12.0,S,normal,running,beginner,5,outdoor,40,97,Adidas,performance,navy,mesh,"Los Angeles, CA",hot
U02510,38,male,161.6,82.8,31.7,7.5,XL,low,training,beginner,4,indoor,12,61,Adidas|Jordan,performance,beige,polyester,"Detroit, MI",continental
U02511,31,male,167.5,84.7,30.2,8.5,XL,low,lifestyle,intermediate,2,both,50,199,Adidas|Jordan,casual,multi,knit,"San Diego, CA",hot
U02512,42,female,163.0,85.6,32.2,9.0,XXL,low,football,intermediate,4,both,28,105,Nike,casual,grey,polyester,"Denver, CO",cold
U02513,19,male,180.5,81.1,24.9,10.0,M,high,running,beginner,3,outdoor,10,42,Adidas,performance,blue,polyester,"Las Vegas, NV",hot
U02514,19,female,159.6,60.9,23.9,8.5,M,normal,training,intermediate,4,indoor,18,76,Adidas,performance,red,mesh,"New York, NY",continental
U02515,47,male,161.7,69.8,26.7,7.5,L,normal,running,advanced,3,indoor,35,176,Nike,athleisure,black,leather,"San Diego, CA",hot
U02516,40,female,170.0,66.2,22.9,10.5,M,high,running,advanced,3,outdoor,41,119,Adidas,athleisure,navy,cotton,"Orlando, FL",tropical
U02517,27,female,165.6,66.4,24.2,8.5,M,high,football,advanced,3,outdoor,43,133,Adidas|Nike,athleisure,red,fleece,"Philadelphia, PA",temperate
U02518,18,female,156.8,64.9,26.4,7.5,L,normal,yoga,beginner,3,indoor,12,35,Adidas|Jordan,retro,black,polyester,"Portland, OR",temperate
U02519,18,female,168.6,77.6,27.3,10.0,L,high,lifestyle,beginner,3,outdoor,12,38,Nike,casual,yellow,cotton,"Orlando, FL",tropical
U02520,36,female,163.0,71.2,26.8,9.0,L,normal,yoga,intermediate,2,indoor,25,116,Nike|Jordan,athleisure,blue,polyester,"Denver, CO",cold
U02521,18,male,170.1,71.5,24.7,8.5,M,low,football,intermediate,4,outdoor,43,133,Nike,performance,purple,gore-tex,"Phoenix, AZ",hot
U02522,24,female,162.5,74.2,28.1,8.5,XL,normal,basketball,intermediate,2,both,44,126,Adidas,casual,navy,synthetic,"Dallas, TX",hot
U02523,23,female,164.2,55.3,20.5,8.5,S,high,training,beginner,3,both,11,64,Adidas,performance,white,mesh,"San Diego, CA",hot
U02524,59,female,163.6,65.8,24.6,8.0,L,normal,yoga,beginner,2,indoor,16,35,Nike,retro,grey,mesh,"Los Angeles, CA",hot
U02525,29,male,179.3,78.4,24.4,10.5,M,normal,basketball,advanced,3,both,37,115,Adidas,casual,multi,leather,"Philadelphia, PA",temperate
U02526,27,female,153.1,60.5,25.8,6.5,L,high,running,intermediate,3,both,33,97,Adidas,performance,blue,mesh,"Orlando, FL",tropical
U02527,32,female,157.8,49.6,19.9,7.0,S,normal,yoga,advanced,5,indoor,79,247,Nike,athleisure,blue,nylon,"Phoenix, AZ",hot
U02528,28,female,170.5,77.3,26.6,10.0,L,normal,running,beginner,3,outdoor,18,51,Nike|Adidas|Jordan,retro,green,cotton,"Las Vegas, NV",hot
U02529,42,male,179.3,85.2,26.5,11.0,L,normal,running,advanced,2,outdoor,34,99,Nike|Adidas,athleisure,orange,polyester,"New York, NY",continental
U02530,48,male,189.3,106.8,29.8,13.0,XL,low,running,beginner,2,outdoor,46,119,Adidas|Jordan|Nike,performance,beige,rubber,"Orlando, FL",tropical
U02531,30,male,176.8,90.0,28.8,10.5,XL,normal,basketball,intermediate,3,indoor,15,77,Adidas,casual,pink,synthetic,"Houston, TX",tropical
U02532,38,female,175.2,62.3,20.3,11.0,S,high,yoga,beginner,5,indoor,10,40,Adidas|Jordan|Nike,performance,white,fleece,"Dallas, TX",hot
U02533,45,female,159.6,75.9,29.8,8.5,XL,high,training,beginner,3,indoor,16,72,Adidas,retro,black,polyester,"Chicago, IL",continental
U02534,34,female,159.1,61.5,24.3,8.0,M,normal,yoga,advanced,3,indoor,71,162,Nike,performance,blue,knit,"Houston, TX",tropical
U02535,60,male,165.9,94.7,34.4,9.0,XXL,low,training,beginner,3,indoor,11,43,Adidas,athleisure,black,mesh,"Denver, CO",cold
U02536,39,male,179.9,86.1,26.6,10.5,L,low,football,beginner,2,outdoor,16,65,Adidas,performance,beige,mesh,"Portland, OR",temperate
U02537,26,male,185.0,80.1,23.4,11.5,M,normal,training,advanced,4,indoor,25,112,Nike,athleisure,multi,fleece,"Portland, OR",temperate
U02538,22,female,165.0,48.7,17.9,8.5,XS,normal,training,advanced,2,indoor,32,109,Adidas|Jordan,performance,blue,rubber,"Philadelphia, PA",temperate
U02539,31,male,183.8,87.2,25.8,11.5,L,normal,running,beginner,3,both,27,64,Adidas|Nike,performance,black,synthetic,"Philadelphia, PA",temperate
U02540,36,male,168.3,81.0,28.6,8.0,XL,low,training,advanced,4,indoor,25,70,Jordan,performance,white,cotton,"San Francisco, CA",temperate
U02541,24,male,175.0,76.0,24.8,10.0,M,low,yoga,beginner,2,indoor,17,80,Adidas|Nike,athleisure,grey,knit,"Phoenix, AZ",hot
U02542,19,female,163.6,64.5,24.1,9.0,M,high,training,intermediate,3,indoor,19,48,Jordan,athleisure,grey,polyester,"Los Angeles, CA",hot
U02543,48,female,147.7,67.8,31.1,6.5,XL,normal,training,advanced,4,indoor,48,111,Adidas,performance,pink,mesh,"San Francisco, CA",temperate
U02544,20,male,189.0,91.4,25.6,12.5,L,normal,yoga,intermediate,3,outdoor,48,131,Nike,casual,multi,mesh,"Detroit, MI",continental
U02545,18,male,171.5,72.9,24.8,9.5,M,normal,running,beginner,3,outdoor,22,68,Nike,performance,black,gore-tex,"Miami, FL",tropical
U02546,18,male,185.5,65.0,18.9,11.5,XS,normal,running,intermediate,4,outdoor,31,89,Nike,performance,multi,leather,"Minneapolis, MN",cold
U02547,27,male,181.1,78.4,23.9,11.0,M,low,training,beginner,4,outdoor,13,35,Nike,performance,beige,cotton,"Minneapolis, MN",cold
U02548,40,female,158.6,65.4,26.0,7.5,L,low,running,beginner,4,both,20,50,Nike,performance,purple,synthetic,"Seattle, WA",temperate
U02549,41,male,177.9,69.3,21.9,10.0,S,normal,lifestyle,advanced,5,indoor,52,151,Adidas|Jordan|Nike,casual,grey,mesh,"Seattle, WA",temperate
U02550,39,female,156.2,49.3,20.2,8.0,S,normal,tennis,intermediate,4,outdoor,31,99,Nike|Adidas|Jordan,performance,grey,polyester,"Portland, OR",temperate
U02551,23,male,183.8,82.1,24.3,11.0,M,normal,football,intermediate,5,outdoor,28,139,Adidas|Nike|Jordan,casual,blue,nylon,"Minneapolis, MN",cold
U02552,30,female,161.4,74.8,28.7,8.5,XL,normal,running,intermediate,2,outdoor,64,243,Adidas,performance,red,cotton,"Phoenix, AZ",hot
U02553,25,male,186.7,67.6,19.4,12.0,XS,normal,running,intermediate,4,both,24,136,Adidas,athleisure,white,knit,"San Diego, CA",hot
U02554,39,female,168.9,63.9,22.4,10.0,M,normal,yoga,beginner,5,indoor,19,52,Nike|Adidas,athleisure,grey,fleece,"Detroit, MI",continental
U02555,20,male,176.1,78.1,25.2,9.0,M,high,running,intermediate,4,outdoor,64,143,Jordan|Adidas,athleisure,multi,leather,"Atlanta, GA",temperate
U02556,30,male,179.9,64.7,20.0,11.0,S,normal,football,beginner,4,outdoor,10,51,Nike,performance,black,fleece,"Boston, MA",continental
U02557,27,male,179.9,77.3,23.9,10.5,M,high,yoga,advanced,2,indoor,16,55,Nike|Jordan,performance,black,fleece,"Detroit, MI",continental
U02558,33,female,168.9,52.2,18.3,9.0,XS,normal,yoga,beginner,3,both,14,38,Jordan|Adidas|Nike,athleisure,black,fleece,"Denver, CO",cold
U02559,49,female,165.6,59.8,21.8,9.0,M,normal,yoga,intermediate,2,indoor,10,39,Adidas,performance,navy,polyester,"Detroit, MI",continental
U02560,34,male,187.9,61.1,17.3,12.5,XS,low,basketball,beginner,5,indoor,16,55,Nike|Adidas|Jordan,performance,blue,gore-tex,"Minneapolis, MN",cold
U02561,46,male,189.3,106.8,29.8,13.0,XL,normal,running,beginner,2,both,23,60,Nike,athleisure,black,nylon,"Miami, FL",tropical
U02562,19,male,178.7,76.0,23.8,10.0,M,normal,running,advanced,4,indoor,16,69,Jordan|Nike,athleisure,blue,gore-tex,"Phoenix, AZ",hot
U02563,34,female,174.4,63.0,20.7,10.0,S,high,training,intermediate,4,indoor,25,73,Jordan,performance,black,synthetic,"Houston, TX",tropical
U02564,44,male,181.5,86.3,26.2,10.5,L,low,yoga,intermediate,3,indoor,19,58,Nike|Jordan,casual,red,knit,"Seattle, WA",temperate
U02565,20,male,170.1,78.4,27.1,9.0,L,normal,training,beginner,4,indoor,18,51,Nike,casual,orange,rubber,"Los Angeles, CA",hot
U02566,36,male,177.3,91.5,29.1,10.0,XL,low,skateboarding,advanced,2,outdoor,26,115,Adidas|Nike,casual,black,mesh,"San Diego, CA",hot
U02567,24,female,162.5,58.9,22.3,8.5,M,normal,yoga,beginner,3,indoor,16,81,Adidas,athleisure,green,cotton,"Las Vegas, NV",hot
U02568,31,male,184.5,87.1,25.6,12.5,L,normal,training,intermediate,3,outdoor,18,113,Adidas,performance,blue,polyester,"Seattle, WA",temperate
U02569,59,male,172.5,88.1,29.6,9.5,XL,low,training,advanced,3,indoor,78,265,Nike|Adidas,performance,blue,leather,"San Diego, CA",hot
U02570,19,male,177.9,84.8,26.8,10.5,L,normal,running,intermediate,4,outdoor,15,71,Jordan,performance,blue,knit,"San Diego, CA",hot
U02571,20,female,168.2,67.3,23.8,9.0,M,normal,outdoor,intermediate,3,outdoor,73,212,Nike|Adidas,performance,pink,mesh,"Philadelphia, PA",temperate
U02572,35,female,152.7,71.1,30.5,7.0,XL,normal,running,beginner,3,indoor,20,65,Adidas|Jordan|Nike,performance,pink,mesh,"New York, NY",continental
U02573,25,male,179.3,86.5,26.9,11.0,L,normal,tennis,intermediate,5,outdoor,34,84,Nike|Adidas|Jordan,performance,navy,rubber,"Charlotte, NC",temperate
U02574,37,female,163.6,65.0,24.3,8.5,M,low,basketball,beginner,4,indoor,70,179,Nike|Adidas|Jordan,retro,white,synthetic,"San Diego, CA",hot
U02575,18,male,179.3,90.0,28.0,11.0,L,low,yoga,advanced,2,indoor,16,63,Nike,athleisure,grey,leather,"San Diego, CA",hot
U02576,45,male,175.0,75.3,24.6,9.5,M,normal,basketball,beginner,3,both,12,52,Nike|Adidas,casual,orange,knit,"Boston, MA",continental
U02577,18,male,175.5,77.3,25.1,11.0,M,normal,training,beginner,4,both,10,35,Nike|Jordan,performance,white,knit,"Charlotte, NC",temperate
U02578,22,male,186.7,92.4,26.5,12.0,L,normal,yoga,beginner,3,indoor,13,35,Adidas|Jordan|Nike,performance,beige,cotton,"Houston, TX",tropical
U02579,28,female,163.6,48.7,18.2,8.5,XS,normal,running,beginner,2,indoor,10,35,Nike,athleisure,white,knit,"Denver, CO",cold
U02580,21,female,161.4,63.6,24.4,8.0,M,normal,running,intermediate,2,outdoor,28,112,Adidas|Nike|Jordan,performance,navy,knit,"Atlanta, GA",temperate
U02581,24,female,173.8,51.7,17.1,10.5,XS,normal,training,intermediate,5,outdoor,18,49,Nike,performance,red,rubber,"Dallas, TX",hot
U02582,25,male,174.4,64.2,21.1,9.5,S,low,training,advanced,3,indoor,34,148,Nike|Jordan,performance,black,cotton,"Los Angeles, CA",hot
U02583,57,female,159.1,56.2,22.2,7.5,M,normal,training,advanced,5,indoor,58,197,Adidas|Nike,performance,blue,mesh,"New York, NY",continental
U02584,26,female,160.3,59.1,23.0,8.0,M,normal,yoga,intermediate,4,both,36,128,Adidas,athleisure,white,polyester,"New York, NY",continental
U02585,26,female,164.2,59.3,22.0,9.0,M,normal,yoga,intermediate,4,indoor,29,125,Nike,athleisure,white,mesh,"Detroit, MI",continental
U02586,32,male,176.8,89.7,28.7,10.5,XL,normal,training,advanced,4,indoor,106,275,Nike,athleisure,blue,leather,"Denver, CO",cold
U02587,21,female,165.6,57.9,21.1,8.5,S,normal,football,beginner,4,outdoor,38,105,Nike|Adidas,retro,white,leather,"Las Vegas, NV",hot
U02588,23,male,168.8,86.9,30.5,8.5,XL,low,training,beginner,4,both,11,35,Nike|Adidas,performance,navy,polyester,"Philadelphia, PA",temperate
U02589,40,male,170.1,90.9,31.4,10.0,XL,normal,training,intermediate,2,indoor,46,129,Adidas,athleisure,pink,mesh,"Minneapolis, MN",cold
U02590,46,female,156.8,58.5,23.8,7.5,M,normal,running,beginner,5,indoor,10,58,Nike|Adidas,performance,pink,cotton,"Boston, MA",continental
U02591,22,male,184.5,83.1,24.4,11.5,M,normal,training,beginner,5,indoor,14,50,Nike|Adidas,performance,black,cotton,"Los Angeles, CA",hot
U02592,54,female,161.8,58.6,22.4,8.5,M,normal,lifestyle,beginner,2,outdoor,12,35,Nike,casual,white,leather,"Phoenix, AZ",hot
U02593,18,female,163.6,55.7,20.8,8.0,S,normal,tennis,advanced,4,outdoor,29,108,Nike,performance,multi,synthetic,"Miami, FL",tropical
U02594,28,male,175.0,77.8,25.4,9.5,M,high,outdoor,intermediate,3,outdoor,32,88,Nike,casual,beige,synthetic,"Las Vegas, NV",hot
U02595,21,female,159.1,55.2,21.8,7.5,M,high,training,beginner,3,indoor,30,97,Adidas,performance,beige,rubber,"Philadelphia, PA",temperate
U02596,41,male,193.2,79.5,21.3,13.5,M,normal,running,beginner,3,outdoor,11,40,Nike|Adidas|Jordan,performance,navy,polyester,"Phoenix, AZ",hot
U02597,19,female,161.8,57.9,22.1,8.5,M,normal,outdoor,intermediate,3,outdoor,10,35,Adidas|Jordan|Nike,performance,navy,leather,"Chicago, IL",continental
U02598,23,male,173.8,87.3,28.9,10.0,XL,normal,yoga,beginner,2,indoor,19,53,Adidas|Nike,athleisure,blue,polyester,"Chicago, IL",continental
U02599,19,female,147.9,70.0,32.0,6.5,XXL,low,training,intermediate,2,outdoor,10,51,Nike,athleisure,green,synthetic,"Minneapolis, MN",cold
U02600,21,male,173.8,68.0,22.5,10.0,M,normal,yoga,beginner,4,indoor,20,50,Nike|Jordan,athleisure,black,mesh,"Chicago, IL",continental
U02601,26,male,176.1,90.9,29.3,10.0,XL,high,basketball,intermediate,4,outdoor,23,139,Adidas,casual,black,mesh,"Orlando, FL",tropical
U02602,44,male,178.7,80.8,25.3,10.5,M,low,football,beginner,2,outdoor,12,62,Nike|Adidas,performance,white,cotton,"Denver, CO",cold
U02603,27,male,167.5,66.2,23.6,8.5,M,high,football,beginner,2,outdoor,21,54,Adidas|Nike|Jordan,athleisure,red,mesh,"Detroit, MI",continental
U02604,43,female,154.8,62.8,26.2,8.0,L,normal,training,beginner,5,both,16,61,Nike|Adidas|Jordan,performance,white,fleece,"Portland, OR",temperate
U02605,50,male,181.1,71.5,21.8,10.5,S,normal,training,beginner,4,indoor,27,93,Adidas|Nike|Jordan,athleisure,black,mesh,"Philadelphia, PA",temperate
U02606,18,female,167.8,46.5,16.5,9.0,XS,high,training,intermediate,2,indoor,14,53,Adidas,performance,black,leather,"Minneapolis, MN",cold
U02607,20,female,163.6,55.7,20.8,9.0,S,normal,running,advanced,4,both,33,184,Nike|Adidas,performance,brown,cotton,"Houston, TX",tropical
U02608,52,male,174.4,80.3,26.4,10.0,L,normal,tennis,beginner,3,both,14,43,Nike|Adidas,casual,red,rubber,"Orlando, FL",tropical
U02609,18,female,156.8,64.9,26.4,7.5,L,normal,yoga,beginner,3,outdoor,25,69,Adidas,casual,grey,mesh,"Orlando, FL",tropical
U02610,29,female,169.0,62.0,21.7,9.0,M,normal,training,intermediate,5,indoor,11,55,Adidas|Nike,athleisure,black,cotton,"New York, NY",continental
U02611,37,male,170.1,90.9,31.4,9.5,XL,low,skateboarding,intermediate,2,outdoor,50,132,Jordan,casual,red,synthetic,"San Diego, CA",hot
U02612,46,male,183.8,91.2,27.0,11.0,L,normal,swimming,intermediate,2,indoor,18,101,Nike|Adidas|Jordan,performance,red,synthetic,"San Francisco, CA",temperate
U02613,39,male,183.8,99.7,29.5,11.0,XL,high,running,intermediate,2,both,42,109,Nike,performance,black,knit,"Miami, FL",tropical
U02614,28,female,164.2,66.3,24.6,8.5,L,normal,yoga,beginner,3,indoor,35,97,Nike,athleisure,white,mesh,"Atlanta, GA",temperate
U02615,21,female,148.0,72.3,33.0,6.5,XXL,normal,yoga,beginner,2,indoor,16,38,Nike|Adidas|Jordan,athleisure,green,fleece,"Denver, CO",cold
U02616,46,male,175.5,79.2,25.7,9.5,L,high,yoga,intermediate,2,indoor,41,104,Adidas|Jordan,performance,purple,polyester,"Charlotte, NC",temperate
U02617,18,male,172.5,66.1,22.2,9.0,S,low,running,beginner,4,outdoor,25,61,Nike|Adidas,performance,white,mesh,"Denver, CO",cold
U02618,37,female,169.0,67.1,23.5,9.5,M,normal,running,intermediate,4,outdoor,41,93,Nike|Adidas|Jordan,performance,blue,cotton,"Denver, CO",cold
U02619,18,female,166.0,82.9,30.1,9.5,XL,normal,football,advanced,5,outdoor,74,183,Nike|Adidas,performance,green,leather,"San Diego, CA",hot
U02620,48,male,172.9,71.7,24.0,10.0,M,normal,training,intermediate,5,indoor,47,121,Adidas|Nike,performance,navy,mesh,"Phoenix, AZ",hot
U02621,27,female,166.1,64.8,23.5,9.0,M,normal,running,intermediate,4,outdoor,17,82,Adidas,performance,grey,synthetic,"Charlotte, NC",temperate
U02622,41,female,165.0,67.2,24.7,9.0,L,normal,swimming,intermediate,3,indoor,67,178,Adidas|Nike,casual,multi,mesh,"Miami, FL",tropical
U02623,47,male,161.8,69.9,26.7,7.0,L,high,outdoor,advanced,3,both,71,209,Nike|Adidas,performance,blue,synthetic,"Orlando, FL",tropical
U02624,24,male,184.5,81.7,24.0,11.0,M,high,training,advanced,3,indoor,42,95,Jordan|Nike,performance,red,mesh,"Minneapolis, MN",cold
U02625,20,female,159.7,61.0,23.9,8.0,M,normal,training,advanced,5,indoor,35,95,Nike|Adidas|Jordan,performance,blue,leather,"Charlotte, NC",temperate
U02626,50,female,173.0,54.5,18.2,11.0,XS,high,training,beginner,2,outdoor,13,59,Adidas,performance,black,leather,"San Diego, CA",hot
U02627,43,male,179.9,86.1,26.6,10.5,L,normal,training,beginner,2,both,16,78,Nike|Jordan,athleisure,navy,mesh,"Houston, TX",tropical
U02628,49,female,158.6,73.7,29.3,8.0,XL,high,training,intermediate,4,outdoor,10,41,Adidas|Nike,performance,white,cotton,"Charlotte, NC",temperate
U02629,45,female,161.4,71.1,27.3,8.0,L,normal,lifestyle,beginner,5,indoor,14,46,Nike,retro,black,synthetic,"Portland, OR",temperate
U02630,47,male,176.8,85.3,27.3,10.0,L,high,training,advanced,2,indoor,45,129,Nike|Jordan,performance,black,polyester,"Orlando, FL",tropical
U02631,48,female,162.5,73.4,27.8,8.5,XL,high,basketball,beginner,5,indoor,10,36,Adidas|Nike,casual,beige,fleece,"Boston, MA",continental
U02632,52,female,165.6,53.2,19.4,8.5,S,normal,yoga,beginner,3,indoor,10,42,Nike|Adidas,athleisure,orange,leather,"Orlando, FL",tropical
U02633,57,female,174.5,65.2,21.4,10.0,S,high,outdoor,beginner,3,outdoor,13,56,Jordan,performance,black,synthetic,"Atlanta, GA",temperate
U02634,40,female,154.8,62.8,26.2,7.0,L,normal,training,beginner,5,indoor,21,53,Nike,casual,navy,polyester,"Phoenix, AZ",hot
U02635,22,female,167.3,51.5,18.4,8.5,XS,normal,training,intermediate,4,indoor,19,72,Nike,performance,navy,leather,"San Diego, CA",hot
U02636,48,female,159.7,78.3,30.7,8.5,XL,low,swimming,advanced,5,indoor,16,92,Nike,performance,blue,cotton,"Phoenix, AZ",hot
U02637,26,male,172.9,77.7,26.0,9.5,L,normal,football,advanced,2,outdoor,47,151,Adidas|Nike,performance,black,cotton,"Houston, TX",tropical
U02638,23,female,167.0,58.3,20.9,9.5,S,normal,running,intermediate,3,indoor,10,46,Jordan|Adidas,performance,beige,knit,"Minneapolis, MN",cold
U02639,27,male,181.5,66.5,20.2,10.5,S,normal,running,intermediate,4,both,68,194,Nike|Adidas,performance,blue,cotton,"Portland, OR",temperate
U02640,50,female,160.8,60.2,23.3,8.5,M,normal,training,intermediate,3,indoor,88,218,Adidas,performance,green,knit,"Miami, FL",tropical
U02641,48,male,174.5,88.9,29.2,10.0,XL,low,lifestyle,advanced,3,outdoor,27,135,Adidas|Nike,athleisure,yellow,mesh,"Houston, TX",tropical
U02642,43,male,172.9,72.6,24.3,9.0,M,normal,running,beginner,2,indoor,17,41,Nike|Adidas|Jordan,casual,multi,polyester,"Houston, TX",tropical
U02643,28,female,178.6,51.0,16.0,11.0,S,high,training,intermediate,2,indoor,53,150,Nike|Adidas,casual,black,fleece,"Seattle, WA",temperate
U02644,22,female,161.4,57.8,22.2,8.0,M,low,training,intermediate,2,both,20,110,Adidas|Nike,performance,grey,fleece,"Portland, OR",temperate
U02645,19,female,163.0,55.8,21.0,8.5,S,normal,training,beginner,5,indoor,26,117,Adidas,performance,blue,cotton,"San Diego, CA",hot
U02646,35,female,165.0,64.5,23.7,9.5,M,low,yoga,intermediate,5,indoor,56,258,Adidas|Jordan|Nike,performance,navy,mesh,"Orlando, FL",tropical
U02647,20,male,167.5,79.7,28.4,9.0,L,high,yoga,beginner,4,both,10,35,Adidas|Nike|Jordan,athleisure,beige,cotton,"Las Vegas, NV",hot
U02648,31,male,175.5,77.9,25.3,9.5,M,normal,football,beginner,2,outdoor,27,106,Nike|Jordan|Adidas,performance,blue,gore-tex,"Minneapolis, MN",cold
U02649,49,female,172.7,60.5,20.3,10.5,S,high,yoga,intermediate,2,indoor,41,96,Nike|Adidas,performance,green,nylon,"Boston, MA",continental
U02650,49,male,162.0,69.8,26.6,7.0,L,normal,yoga,intermediate,4,indoor,29,132,Adidas,athleisure,blue,fleece,"Miami, FL",tropical
U02651,27,male,167.5,64.0,22.8,8.5,M,high,yoga,intermediate,3,both,62,146,Nike|Adidas,performance,grey,polyester,"Philadelphia, PA",temperate
U02652,23,female,163.0,75.7,28.5,8.5,XL,normal,yoga,beginner,4,both,23,73,Nike,athleisure,white,synthetic,"Phoenix, AZ",hot
U02653,38,female,173.8,67.4,22.3,10.5,M,normal,training,beginner,3,indoor,30,99,Nike,performance,white,synthetic,"Las Vegas, NV",hot
U02654,49,female,166.5,74.3,26.8,10.5,L,low,lifestyle,beginner,2,indoor,18,51,Nike,retro,red,cotton,"New York, NY",continental
U02655,44,female,164.2,67.4,25.0,8.5,L,normal,running,intermediate,2,both,27,70,Adidas|Nike|Jordan,performance,black,synthetic,"Seattle, WA",temperate
U02656,57,female,167.3,69.7,24.9,10.0,L,normal,lifestyle,beginner,4,both,38,88,Adidas|Nike,casual,white,synthetic,"Seattle, WA",temperate
U02657,50,female,161.8,56.0,21.4,8.5,S,normal,lifestyle,advanced,3,indoor,17,114,Nike,casual,red,cotton,"Boston, MA",continental
U02658,40,female,169.4,77.8,27.1,9.5,L,low,yoga,beginner,3,both,38,142,Nike|Jordan,casual,black,nylon,"Las Vegas, NV",hot
U02659,21,male,183.3,89.4,26.6,11.0,L,normal,running,beginner,4,outdoor,10,39,Jordan,performance,navy,knit,"Denver, CO",cold
U02660,19,female,161.4,62.5,24.0,9.0,M,normal,lifestyle,beginner,4,both,10,45,Adidas,retro,blue,mesh,"Dallas, TX",hot
U02661,27,female,155.4,52.4,21.7,7.5,M,normal,yoga,intermediate,2,indoor,19,97,Adidas|Nike,athleisure,black,mesh,"Dallas, TX",hot
U02662,42,male,189.3,91.0,25.4,12.0,M,normal,training,intermediate,4,indoor,20,55,Nike,performance,black,polyester,"Seattle, WA",temperate
U02663,45,male,185.0,99.9,29.2,11.5,XL,normal,training,intermediate,4,indoor,10,55,Adidas,performance,navy,nylon,"Portland, OR",temperate
U02664,45,male,172.9,72.6,24.3,9.5,M,normal,running,beginner,2,outdoor,38,95,Adidas|Jordan,casual,blue,polyester,"Minneapolis, MN",cold
U02665,53,female,157.3,71.8,29.0,8.0,XL,normal,running,beginner,3,both,13,35,Jordan,casual,pink,synthetic,"New York, NY",continental
U02666,28,male,177.3,75.8,24.1,10.0,M,normal,football,beginner,5,indoor,51,187,Adidas,performance,red,cotton,"Chicago, IL",continental
U02667,43,female,157.4,53.5,21.6,8.0,M,high,yoga,beginner,4,both,17,62,Nike|Jordan,athleisure,blue,mesh,"Philadelphia, PA",temperate
U02668,28,male,174.5,91.0,29.9,9.5,XL,normal,training,intermediate,4,indoor,24,68,Nike|Adidas|Jordan,performance,grey,synthetic,"Charlotte, NC",temperate
U02669,35,female,156.8,69.1,28.1,8.0,XL,normal,yoga,intermediate,3,indoor,19,125,Nike,athleisure,white,polyester,"Minneapolis, MN",cold
U02670,23,male,176.8,82.8,26.5,10.0,L,normal,running,intermediate,3,outdoor,10,35,Adidas|Nike,performance,black,polyester,"Seattle, WA",temperate
U02671,33,male,177.9,86.7,27.4,10.0,L,normal,training,intermediate,2,indoor,19,91,Adidas|Nike,athleisure,black,cotton,"San Diego, CA",hot
U02672,41,female,168.2,83.7,29.6,10.0,XL,low,training,intermediate,3,indoor,20,96,Nike|Jordan,performance,navy,fleece,"Portland, OR",temperate
U02673,52,male,162.0,75.8,28.9,7.0,XL,normal,basketball,intermediate,4,both,20,62,Nike|Adidas,performance,navy,leather,"Atlanta, GA",temperate
U02674,44,female,159.7,54.8,21.5,7.0,M,normal,football,intermediate,3,outdoor,18,81,Adidas|Nike,performance,black,mesh,"Chicago, IL",continental
U02675,24,male,177.9,87.0,27.5,10.5,L,normal,running,beginner,4,outdoor,27,101,Adidas|Nike|Jordan,athleisure,grey,synthetic,"Miami, FL",tropical
U02676,24,female,165.6,59.0,21.5,9.0,M,normal,yoga,beginner,3,both,21,58,Jordan,athleisure,multi,rubber,"Seattle, WA",temperate
U02677,27,female,167.0,51.0,18.3,8.5,XS,high,training,beginner,3,indoor,26,77,Jordan|Nike,athleisure,black,nylon,"Las Vegas, NV",hot
U02678,22,female,154.0,64.5,27.2,6.5,L,normal,running,intermediate,3,outdoor,15,62,Nike,performance,green,nylon,"Charlotte, NC",temperate
U02679,26,female,160.3,55.8,21.7,8.5,M,high,running,intermediate,2,outdoor,10,60,Adidas|Nike,athleisure,blue,cotton,"Philadelphia, PA",temperate
U02680,36,female,170.0,69.4,24.0,10.0,M,high,training,intermediate,3,indoor,15,95,Nike|Adidas,athleisure,green,gore-tex,"Los Angeles, CA",hot
U02681,51,male,176.1,86.8,28.0,10.0,L,normal,yoga,intermediate,5,indoor,11,37,Adidas|Nike,athleisure,white,cotton,"San Francisco, CA",temperate
U02682,57,female,151.4,61.4,26.8,7.5,L,normal,yoga,advanced,5,indoor,23,85,Nike|Jordan,athleisure,multi,synthetic,"Dallas, TX",hot
U02683,55,male,180.5,82.8,25.4,11.0,M,normal,training,beginner,3,both,15,38,Nike|Adidas,retro,grey,cotton,"Dallas, TX",hot
U02684,44,female,172.7,68.6,23.0,10.5,M,high,tennis,intermediate,3,both,10,45,Jordan,performance,red,cotton,"Atlanta, GA",temperate
U02685,31,male,170.8,84.6,29.0,8.5,XL,normal,basketball,intermediate,5,indoor,56,138,Jordan|Nike,performance,pink,polyester,"San Francisco, CA",temperate
U02686,45,male,176.1,87.5,28.2,9.5,L,low,training,advanced,3,both,33,156,Adidas|Nike,performance,red,leather,"Atlanta, GA",temperate
U02687,18,male,175.0,80.5,26.3,10.0,L,high,outdoor,intermediate,3,outdoor,17,66,Nike,performance,blue,rubber,"Atlanta, GA",temperate
U02688,45,male,173.8,64.3,21.3,9.5,S,low,training,advanced,3,indoor,89,219,Nike,performance,red,gore-tex,"Orlando, FL",tropical
U02689,58,male,176.1,78.1,25.2,10.0,M,high,running,intermediate,4,outdoor,17,43,Nike,retro,red,fleece,"Denver, CO",cold
U02690,32,male,172.9,75.3,25.2,8.5,M,normal,lifestyle,intermediate,3,outdoor,18,60,Nike|Jordan,casual,green,mesh,"Atlanta, GA",temperate
U02691,36,male,187.9,68.1,19.3,12.0,XS,normal,tennis,intermediate,4,outdoor,29,168,Jordan,performance,pink,knit,"Philadelphia, PA",temperate
U02692,59,female,159.7,80.1,31.4,9.0,XL,high,running,advanced,5,outdoor,115,353,Adidas|Nike,performance,red,gore-tex,"Phoenix, AZ",hot
U02693,30,male,171.5,76.8,26.1,9.5,L,normal,lifestyle,intermediate,4,outdoor,53,140,Adidas|Nike|Jordan,athleisure,beige,fleece,"Philadelphia, PA",temperate
U02694,48,female,174.4,67.2,22.1,10.0,M,normal,training,intermediate,3,outdoor,29,128,Jordan,casual,brown,knit,"Orlando, FL",tropical
U02695,31,female,159.7,56.9,22.3,8.0,M,normal,training,advanced,2,indoor,26,129,Nike,casual,black,cotton,"Portland, OR",temperate
U02696,18,female,165.6,57.9,21.1,8.5,S,normal,training,beginner,4,both,13,42,Adidas|Nike|Jordan,athleisure,multi,mesh,"Houston, TX",tropical
U02697,38,male,168.8,79.8,28.0,8.5,L,low,lifestyle,beginner,3,both,27,72,Nike|Adidas,casual,orange,fleece,"Las Vegas, NV",hot
U02698,60,male,173.8,67.1,22.2,9.0,S,normal,training,intermediate,4,indoor,46,153,Adidas,performance,navy,synthetic,"Charlotte, NC",temperate
U02699,18,female,164.2,65.2,24.2,8.5,M,normal,training,beginner,3,indoor,14,64,Adidas,retro,navy,synthetic,"Chicago, IL",continental
U02700,27,female,155.4,65.2,27.0,7.5,L,normal,training,beginner,3,indoor,40,97,Adidas|Jordan,performance,grey,mesh,"Orlando, FL",tropical
U02701,48,male,179.9,86.1,26.6,10.5,L,normal,training,beginner,2,both,18,44,Nike|Adidas,performance,grey,mesh,"Minneapolis, MN",cold
U02702,26,male,181.1,78.4,23.9,10.5,M,high,football,beginner,4,outdoor,29,84,Nike,performance,grey,gore-tex,"Los Angeles, CA",hot
U02703,20,male,187.2,92.5,26.4,11.5,L,high,yoga,advanced,3,indoor,18,102,Nike|Adidas,athleisure,multi,polyester,"New York, NY",continental
U02704,21,female,178.7,53.6,16.8,12.0,S,normal,football,intermediate,2,outdoor,20,91,Jordan,performance,navy,knit,"New York, NY",continental
U02705,57,male,189.0,91.8,25.7,12.0,L,high,lifestyle,beginner,4,outdoor,23,69,Nike|Adidas,casual,black,mesh,"San Francisco, CA",temperate
U02706,45,male,175.0,91.0,29.7,10.0,XL,normal,training,intermediate,2,both,32,84,Adidas,athleisure,green,cotton,"Charlotte, NC",temperate
U02707,26,male,165.5,83.5,30.5,7.5,XL,normal,training,beginner,3,indoor,12,42,Nike|Adidas,performance,pink,fleece,"Seattle, WA",temperate
U02708,21,male,179.3,84.9,26.4,11.0,L,normal,running,intermediate,3,outdoor,24,100,Nike|Adidas|Jordan,performance,red,synthetic,"Los Angeles, CA",hot
U02709,28,male,179.3,86.5,26.9,10.5,L,high,tennis,intermediate,5,outdoor,41,99,Adidas,retro,white,polyester,"Seattle, WA",temperate
U02710,45,female,168.2,70.7,25.0,9.0,L,normal,training,intermediate,2,indoor,29,111,Nike|Adidas,performance,red,gore-tex,"Atlanta, GA",temperate
U02711,18,male,178.7,84.6,26.5,10.5,L,normal,running,beginner,3,outdoor,30,70,Nike,performance,orange,synthetic,"Detroit, MI",continental
U02712,29,male,175.5,80.7,26.2,10.0,L,high,yoga,intermediate,3,indoor,56,182,Nike,performance,black,fleece,"Portland, OR",temperate
U02713,18,male,176.1,89.3,28.8,9.0,XL,normal,running,advanced,3,outdoor,60,179,Adidas,performance,navy,leather,"Denver, CO",cold
U02714,45,male,180.5,91.6,28.1,10.5,L,normal,training,intermediate,3,indoor,25,131,Adidas|Nike,athleisure,black,mesh,"Phoenix, AZ",hot
U02715,48,male,180.5,78.5,24.1,10.5,M,normal,training,beginner,4,outdoor,12,53,Nike|Jordan|Adidas,athleisure,navy,fleece,"Los Angeles, CA",hot
U02716,45,female,155.4,73.2,30.3,7.5,XL,normal,running,intermediate,2,outdoor,40,91,Nike,performance,red,gore-tex,"Orlando, FL",tropical
U02717,21,male,171.6,86.6,29.4,10.0,XL,low,training,beginner,4,indoor,24,65,Adidas,athleisure,orange,mesh,"Boston, MA",continental
U02718,29,female,171.6,63.0,21.4,10.0,S,high,training,advanced,4,indoor,42,142,Adidas,performance,blue,cotton,"Chicago, IL",continental
U02719,25,female,160.3,55.8,21.7,8.5,M,normal,training,intermediate,2,indoor,39,127,Jordan|Nike,performance,beige,polyester,"Denver, CO",cold
U02720,20,male,187.2,81.3,23.2,12.5,M,low,training,intermediate,3,indoor,11,61,Adidas,athleisure,beige,fleece,"Seattle, WA",temperate
U02721,24,female,148.0,74.9,34.2,6.5,XXL,high,football,intermediate,2,outdoor,75,194,Adidas|Nike|Jordan,performance,orange,polyester,"San Diego, CA",hot
U02722,43,male,189.1,80.8,22.6,12.0,M,low,training,beginner,4,indoor,12,71,Nike|Jordan,athleisure,navy,fleece,"Orlando, FL",tropical
U02723,32,male,182.8,86.9,26.0,10.5,L,low,running,advanced,3,both,46,174,Nike|Adidas,performance,black,polyester,"Atlanta, GA",temperate
U02724,50,male,179.4,92.7,28.8,11.0,XL,normal,running,intermediate,2,outdoor,23,86,Adidas,performance,red,synthetic,"San Francisco, CA",temperate
U02725,50,female,167.4,61.1,21.8,10.0,M,high,running,intermediate,4,both,77,234,Nike|Jordan,athleisure,pink,mesh,"San Diego, CA",hot
U02726,18,male,181.5,63.9,19.4,11.0,XS,high,swimming,advanced,3,indoor,22,80,Adidas|Jordan,performance,blue,nylon,"Las Vegas, NV",hot
U02727,50,male,178.7,94.8,29.7,11.0,XL,low,skateboarding,advanced,4,outdoor,54,123,Nike|Adidas,retro,multi,gore-tex,"San Diego, CA",hot
U02728,32,female,151.6,54.0,23.5,7.5,M,normal,training,beginner,3,both,36,93,Jordan|Adidas,athleisure,black,mesh,"Los Angeles, CA",hot
U02729,61,female,157.8,49.6,19.9,8.0,S,normal,yoga,beginner,5,indoor,26,59,Jordan|Nike,athleisure,purple,polyester,"Atlanta, GA",temperate
U02730,25,male,174.5,64.3,21.1,9.0,S,normal,training,advanced,3,both,40,130,Nike|Jordan|Adidas,performance,brown,mesh,"San Francisco, CA",temperate
U02731,54,male,173.9,88.3,29.2,9.5,XL,normal,basketball,intermediate,4,indoor,20,83,Nike,retro,red,polyester,"Phoenix, AZ",hot
U02732,44,female,160.3,67.1,26.1,8.5,L,normal,running,beginner,4,outdoor,26,58,Nike|Adidas,athleisure,brown,knit,"Seattle, WA",temperate
U02733,26,female,161.4,72.7,27.9,8.5,XL,normal,lifestyle,advanced,4,both,30,172,Nike,athleisure,black,rubber,"Portland, OR",temperate
U02734,45,male,178.7,80.8,25.3,11.0,M,low,basketball,beginner,2,both,54,125,Adidas|Jordan,performance,grey,polyester,"Charlotte, NC",temperate
U02735,41,female,161.8,56.3,21.5,8.0,M,high,yoga,intermediate,3,both,24,135,Nike|Adidas,athleisure,black,polyester,"Chicago, IL",continental
U02736,18,male,170.1,76.4,26.4,9.0,L,normal,football,advanced,2,outdoor,82,208,Nike,performance,white,knit,"Dallas, TX",hot
U02737,27,female,175.2,68.8,22.4,10.5,M,high,football,beginner,3,outdoor,21,54,Nike,performance,black,knit,"Philadelphia, PA",temperate
U02738,57,female,173.0,67.3,22.5,10.0,M,normal,training,intermediate,3,indoor,37,107,Adidas,performance,black,cotton,"Charlotte, NC",temperate
U02739,18,female,167.4,71.2,25.4,9.5,L,normal,outdoor,intermediate,3,outdoor,17,45,Nike,athleisure,black,mesh,"Boston, MA",continental
U02740,33,male,185.5,82.9,24.1,11.0,M,normal,training,beginner,2,both,12,70,Nike|Adidas,performance,green,leather,"Orlando, FL",tropical
U02741,54,female,162.6,53.9,20.4,8.0,S,low,running,intermediate,4,outdoor,29,110,Adidas,performance,white,nylon,"Orlando, FL",tropical
U02742,18,male,186.5,73.0,21.0,11.5,S,normal,training,intermediate,4,outdoor,46,185,Adidas|Jordan,performance,red,synthetic,"New York, NY",continental
U02743,26,female,161.8,62.8,24.0,8.0,M,normal,training,intermediate,4,indoor,90,202,Adidas,performance,pink,leather,"Charlotte, NC",temperate
U02744,34,male,183.3,70.2,20.9,11.0,S,high,basketball,beginner,4,indoor,17,58,Nike,casual,red,fleece,"Orlando, FL",tropical
U02745,42,female,160.8,79.9,30.9,9.0,XL,normal,training,beginner,3,indoor,10,46,Nike|Adidas,performance,beige,polyester,"Detroit, MI",continental
U02746,23,male,185.5,69.9,20.3,12.0,S,normal,lifestyle,intermediate,2,indoor,14,62,Nike,athleisure,pink,synthetic,"Boston, MA",continental
U02747,56,female,155.4,63.8,26.4,7.5,L,normal,basketball,intermediate,4,indoor,31,76,Jordan|Nike,performance,red,polyester,"Boston, MA",continental
U02748,25,male,168.9,76.7,26.9,8.0,L,normal,training,beginner,4,indoor,47,112,Adidas|Jordan|Nike,performance,black,knit,"Atlanta, GA",temperate
U02749,37,female,178.7,72.2,22.6,11.0,L,low,training,intermediate,4,both,54,125,Nike|Adidas|Jordan,athleisure,black,mesh,"Atlanta, GA",temperate
U02750,57,female,151.6,56.8,24.7,6.0,L,normal,football,intermediate,3,outdoor,21,107,Jordan|Nike,performance,pink,leather,"Los Angeles, CA",hot
U02751,31,female,164.2,54.7,20.3,8.5,S,high,training,advanced,4,indoor,83,232,Adidas|Nike,performance,purple,leather,"Miami, FL",tropical
U02752,35,male,184.5,80.7,23.7,11.5,M,normal,basketball,beginner,4,outdoor,12,43,Jordan|Adidas,retro,navy,nylon,"Denver, CO",cold
U02753,18,male,189.1,71.5,20.0,12.5,S,normal,training,beginner,3,indoor,15,40,Nike,casual,multi,gore-tex,"New York, NY",continental
U02754,52,male,176.8,81.3,26.0,10.0,L,normal,training,intermediate,2,indoor,52,131,Nike,performance,brown,mesh,"Las Vegas, NV",hot
U02755,37,male,187.2,89.7,25.6,12.5,L,low,training,intermediate,4,indoor,17,76,Nike,performance,beige,nylon,"Detroit, MI",continental
U02756,35,male,170.8,74.1,25.4,9.0,M,low,yoga,advanced,3,indoor,26,87,Nike|Adidas|Jordan,athleisure,green,fleece,"Atlanta, GA",temperate
U02757,46,male,177.3,99.3,31.6,10.5,XL,low,running,beginner,3,outdoor,10,41,Nike,athleisure,multi,knit,"Orlando, FL",tropical
U02758,18,male,177.3,83.6,26.6,10.5,L,low,training,beginner,3,indoor,24,83,Nike,performance,navy,synthetic,"Charlotte, NC",temperate
U02759,21,female,165.0,64.3,23.6,9.0,M,normal,training,intermediate,4,indoor,18,74,Nike,performance,blue,synthetic,"San Diego, CA",hot
U02760,25,male,180.5,84.7,26.0,10.5,L,normal,training,advanced,4,both,46,181,Nike,casual,black,knit,"Minneapolis, MN",cold
U02761,26,female,161.8,69.1,26.4,8.5,L,normal,running,advanced,2,outdoor,25,107,Adidas,performance,beige,synthetic,"Seattle, WA",temperate
U02762,37,male,177.3,91.5,29.1,10.0,XL,normal,lifestyle,advanced,2,outdoor,46,194,Nike|Adidas,casual,grey,mesh,"Dallas, TX",hot
U02763,36,female,172.2,61.1,20.6,9.5,S,high,yoga,intermediate,5,outdoor,30,94,Nike|Jordan,athleisure,black,cotton,"Miami, FL",tropical
U02764,18,male,172.5,64.9,21.8,9.0,S,normal,training,advanced,3,indoor,54,163,Nike|Jordan|Adidas,athleisure,pink,leather,"Minneapolis, MN",cold
U02765,22,male,165.5,81.3,29.7,7.5,XL,normal,tennis,intermediate,3,outdoor,30,70,Jordan|Adidas,retro,white,synthetic,"New York, NY",continental
U02766,57,female,165.0,62.9,23.1,9.0,M,low,yoga,advanced,3,indoor,45,167,Nike|Adidas,athleisure,navy,synthetic,"New York, NY",continental
U02767,33,male,179.9,78.3,24.2,10.0,M,normal,training,intermediate,3,indoor,29,84,Adidas|Nike,performance,multi,cotton,"San Francisco, CA",temperate
U02768,21,male,170.1,85.9,29.7,8.5,XL,normal,training,beginner,5,indoor,23,52,Nike,performance,red,knit,"Chicago, IL",continental
U02769,24,male,164.2,79.3,29.4,7.5,XL,normal,training,beginner,2,indoor,14,48,Adidas|Nike,performance,black,mesh,"Atlanta, GA",temperate
U02770,34,female,167.4,63.6,22.7,9.5,M,normal,training,intermediate,5,indoor,41,106,Nike|Jordan,performance,black,cotton,"Houston, TX",tropical
U02771,51,male,173.4,76.7,25.5,9.0,L,high,training,beginner,4,indoor,32,73,Adidas|Nike,performance,navy,leather,"Dallas, TX",hot
U02772,36,female,151.7,54.1,23.5,6.0,M,low,running,beginner,3,outdoor,21,53,Adidas,athleisure,black,mesh,"Philadelphia, PA",temperate
U02773,29,male,162.1,83.6,31.8,7.5,XL,high,training,intermediate,5,outdoor,17,100,Nike,performance,black,leather,"Minneapolis, MN",cold
U02774,32,male,168.9,83.9,29.4,8.5,XL,low,tennis,intermediate,3,outdoor,24,114,Nike,performance,white,rubber,"Dallas, TX",hot
U02775,20,male,193.2,73.9,19.8,13.5,M,high,running,intermediate,2,outdoor,26,107,Nike,performance,black,cotton,"Miami, FL",tropical
U02776,18,male,193.2,84.0,22.5,12.5,L,normal,training,advanced,3,indoor,47,131,Nike|Adidas,athleisure,purple,polyester,"Charlotte, NC",temperate
U02777,44,female,160.3,67.1,26.1,8.5,L,low,football,beginner,4,outdoor,16,45,Adidas|Nike,performance,grey,fleece,"San Francisco, CA",temperate
U02778,47,male,171.6,73.9,25.1,10.0,M,normal,football,beginner,2,outdoor,13,67,Adidas|Nike|Jordan,performance,blue,polyester,"Dallas, TX",hot
U02779,20,male,173.9,68.0,22.5,9.5,M,normal,yoga,beginner,4,indoor,20,71,Adidas|Jordan,athleisure,green,synthetic,"Chicago, IL",continental
U02780,44,male,176.2,96.6,31.1,10.5,XL,normal,basketball,beginner,3,indoor,10,37,Nike|Adidas,retro,white,fleece,"Detroit, MI",continental
U02781,51,male,171.6,79.2,26.9,8.5,L,normal,training,beginner,2,both,13,37,Adidas|Jordan,athleisure,white,leather,"Dallas, TX",hot
U02782,46,female,162.6,73.5,27.8,8.5,XL,normal,running,beginner,5,indoor,11,49,Adidas|Nike,athleisure,white,knit,"Orlando, FL",tropical
U02783,30,female,157.4,60.2,24.3,7.5,M,normal,basketball,intermediate,4,indoor,21,97,Nike|Adidas,retro,multi,knit,"Philadelphia, PA",temperate
U02784,23,female,178.8,53.7,16.8,11.0,S,high,training,intermediate,2,both,12,35,Adidas,casual,black,leather,"Houston, TX",tropical
U02785,26,male,171.6,85.1,28.9,9.5,XL,normal,yoga,advanced,2,indoor,37,210,Adidas|Nike|Jordan,athleisure,pink,polyester,"Dallas, TX",hot
U02786,47,male,176.2,86.9,28.0,10.0,L,normal,training,intermediate,5,indoor,34,97,Nike|Adidas,performance,red,mesh,"Phoenix, AZ",hot
U02787,32,male,175.5,87.2,28.3,9.5,L,normal,running,advanced,3,both,17,61,Nike,performance,blue,cotton,"Houston, TX",tropical
U02788,57,male,183.8,91.9,27.2,12.0,L,normal,running,intermediate,5,outdoor,17,54,Nike|Jordan,athleisure,green,cotton,"Charlotte, NC",temperate
U02789,49,female,158.6,73.7,29.3,7.5,XL,low,basketball,intermediate,4,indoor,36,93,Nike|Adidas,casual,black,gore-tex,"Minneapolis, MN",cold
U02790,47,male,172.9,70.3,23.5,9.0,M,normal,lifestyle,intermediate,3,both,10,50,Adidas|Nike,retro,black,synthetic,"Chicago, IL",continental
U02791,42,male,182.8,93.6,28.0,11.5,L,normal,running,beginner,3,outdoor,21,98,Adidas,performance,red,synthetic,"Atlanta, GA",temperate
U02792,19,male,193.3,94.5,25.3,13.5,L,high,running,advanced,2,outdoor,61,146,Adidas,performance,white,polyester,"New York, NY",continental
U02793,50,female,163.7,58.2,21.7,8.0,M,normal,basketball,advanced,4,both,82,219,Nike|Adidas,casual,purple,mesh,"Las Vegas, NV",hot
U02794,56,female,165.0,62.9,23.1,9.0,M,high,yoga,advanced,3,indoor,20,88,Nike|Adidas,athleisure,navy,synthetic,"Detroit, MI",continental
U02795,56,male,189.0,91.8,25.7,12.5,L,high,yoga,beginner,4,indoor,23,63,Adidas,athleisure,black,mesh,"Portland, OR",temperate
U02796,29,male,176.8,90.0,28.8,10.5,XL,normal,running,intermediate,3,indoor,23,80,Jordan|Nike,casual,white,mesh,"Detroit, MI",continental
U02797,38,male,170.8,74.1,25.4,9.0,M,low,yoga,advanced,3,indoor,51,152,Nike|Jordan,performance,navy,synthetic,"Portland, OR",temperate
U02798,25,male,167.5,79.7,28.4,8.0,L,low,yoga,beginner,4,both,29,75,Nike,athleisure,beige,fleece,"Chicago, IL",continental
U02799,47,female,169.4,81.5,28.4,10.0,XL,high,training,advanced,4,outdoor,26,160,Nike,performance,grey,synthetic,"Los Angeles, CA",hot
U02800,42,female,162.6,73.5,27.8,9.0,XL,normal,training,intermediate,3,indoor,49,147,Nike,performance,black,cotton,"San Diego, CA",hot
U02801,34,male,177.9,78.2,24.7,10.5,M,normal,running,intermediate,2,both,28,111,Nike|Adidas,performance,pink,synthetic,"Minneapolis, MN",cold
U02802,20,male,171.6,80.4,27.3,9.5,L,high,running,beginner,5,outdoor,13,44,Nike|Adidas|Jordan,athleisure,navy,synthetic,"Philadelphia, PA",temperate
U02803,34,male,169.0,82.3,28.8,8.5,XL,low,yoga,intermediate,2,indoor,39,150,Nike|Adidas|Jordan,performance,green,cotton,"Detroit, MI",continental
U02804,20,female,164.2,58.2,21.6,8.5,M,high,training,beginner,3,indoor,36,83,Nike|Adidas,athleisure,blue,gore-tex,"Phoenix, AZ",hot
U02805,31,female,162.6,55.5,21.0,8.0,S,normal,lifestyle,beginner,3,both,22,67,Adidas,casual,grey,cotton,"New York, NY",continental
U02806,26,female,148.1,70.4,32.1,6.5,XXL,normal,training,intermediate,2,indoor,74,184,Adidas,performance,grey,fleece,"Philadelphia, PA",temperate
U02807,44,male,193.4,89.0,23.8,13.0,L,normal,basketball,beginner,2,indoor,13,59,Adidas|Jordan,retro,orange,leather,"Phoenix, AZ",hot
U02808,27,male,188.6,74.0,20.8,12.0,S,normal,yoga,beginner,2,indoor,16,62,Adidas|Nike,athleisure,grey,knit,"Seattle, WA",temperate
U02809,35,male,189.5,83.0,23.1,12.5,M,low,running,beginner,4,outdoor,25,65,Adidas|Nike,athleisure,blue,mesh,"Boston, MA",continental
U02810,51,female,174.6,71.0,23.3,10.0,M,high,running,intermediate,4,both,22,99,Adidas|Nike|Jordan,performance,white,cotton,"San Francisco, CA",temperate
U02811,37,male,169.6,67.9,23.6,8.5,M,normal,swimming,advanced,3,indoor,65,145,Adidas,performance,black,polyester,"Miami, FL",tropical
U02812,34,female,166.5,59.6,21.5,9.5,M,normal,running,intermediate,2,outdoor,27,78,Nike,performance,black,cotton,"Chicago, IL",continental
U02813,18,female,165.6,71.0,25.9,9.0,L,high,football,intermediate,3,both,24,57,Jordan|Adidas,performance,orange,fleece,"Dallas, TX",hot
U02814,44,male,179.9,76.4,23.6,10.5,M,normal,training,advanced,2,indoor,31,173,Nike,performance,beige,knit,"Charlotte, NC",temperate
U02815,51,male,166.2,88.9,32.2,8.5,XL,normal,running,beginner,3,both,30,108,Nike,performance,green,polyester,"Los Angeles, CA",hot
U02816,20,male,170.1,72.9,25.2,8.5,M,high,training,intermediate,4,indoor,30,121,Adidas|Nike,athleisure,grey,synthetic,"Boston, MA",continental
U02817,23,male,170.1,87.4,30.2,8.5,XL,normal,training,advanced,3,outdoor,70,159,Jordan,performance,pink,leather,"Charlotte, NC",temperate
U02818,32,female,156.2,72.0,29.5,7.5,XL,high,training,beginner,4,indoor,21,110,Adidas,performance,black,synthetic,"Chicago, IL",continental
U02819,37,male,169.0,80.0,28.0,8.0,L,high,yoga,beginner,3,indoor,25,66,Jordan|Nike|Adidas,athleisure,black,polyester,"Houston, TX",tropical
U02820,45,female,169.4,81.5,28.4,9.5,XL,normal,training,advanced,4,indoor,37,109,Nike|Adidas,athleisure,black,nylon,"Seattle, WA",temperate
U02821,39,male,176.2,98.4,31.7,10.5,XL,normal,outdoor,beginner,4,outdoor,23,56,Adidas,performance,navy,cotton,"Orlando, FL",tropical
U02822,33,male,172.9,98.7,33.0,9.5,XXL,normal,yoga,beginner,4,indoor,28,63,Nike|Adidas,retro,grey,polyester,"Miami, FL",tropical
U02823,20,male,169.6,64.1,22.3,9.5,S,normal,running,intermediate,3,outdoor,27,69,Nike,casual,black,gore-tex,"Portland, OR",temperate
U02824,39,female,160.8,79.6,30.8,9.0,XL,normal,training,advanced,3,both,48,213,Adidas,casual,navy,polyester,"Los Angeles, CA",hot
U02825,20,male,181.6,64.0,19.4,11.0,XS,normal,outdoor,advanced,3,outdoor,80,200,Nike|Adidas|Jordan,performance,beige,knit,"Philadelphia, PA",temperate
U02826,20,male,188.7,78.3,22.0,12.0,S,low,lifestyle,intermediate,4,outdoor,13,42,Adidas|Jordan,athleisure,navy,polyester,"Seattle, WA",temperate
U02827,33,male,181.6,80.8,24.5,11.5,M,low,training,intermediate,4,outdoor,34,99,Jordan,performance,blue,mesh,"Orlando, FL",tropical
U02828,19,female,166.1,90.2,32.7,9.5,XXL,normal,training,intermediate,3,both,10,35,Adidas|Nike,athleisure,grey,mesh,"San Francisco, CA",temperate
U02829,25,male,164.3,74.2,27.5,7.5,L,normal,running,intermediate,4,both,40,101,Nike|Adidas,performance,black,gore-tex,"Detroit, MI",continental
U02830,18,male,169.6,64.1,22.3,8.5,S,normal,training,intermediate,3,outdoor,23,82,Nike|Adidas|Jordan,performance,white,mesh,"Orlando, FL",tropical
U02831,18,female,159.1,52.4,20.7,8.0,S,normal,lifestyle,intermediate,5,both,71,182,Nike|Adidas,athleisure,white,fleece,"Las Vegas, NV",hot
U02832,29,male,172.1,64.9,21.9,9.0,S,normal,basketball,beginner,3,both,34,121,Adidas|Nike,performance,blue,polyester,"Portland, OR",temperate
U02833,48,male,179.4,64.7,20.1,10.5,S,high,running,intermediate,4,outdoor,52,155,Adidas,performance,beige,polyester,"Chicago, IL",continental
U02834,56,male,176.2,64.0,20.6,10.0,S,low,running,intermediate,4,indoor,10,58,Adidas,performance,white,cotton,"Minneapolis, MN",cold
U02835,34,male,181.9,71.8,21.7,10.5,S,normal,yoga,intermediate,3,both,12,68,Adidas,performance,white,polyester,"Seattle, WA",temperate
U02836,25,male,176.2,88.5,28.5,10.0,XL,normal,yoga,beginner,3,indoor,18,41,Nike|Adidas,athleisure,white,gore-tex,"Minneapolis, MN",cold
U02837,24,male,174.5,91.0,29.9,9.5,XL,normal,training,intermediate,4,indoor,60,163,Nike|Adidas,performance,black,polyester,"Detroit, MI",continental
U02838,27,male,170.8,74.4,25.5,9.0,L,normal,running,intermediate,4,outdoor,15,72,Jordan,performance,grey,leather,"Miami, FL",tropical
U02839,19,female,170.0,63.3,21.9,9.5,M,high,training,advanced,5,indoor,38,115,Adidas,athleisure,green,nylon,"Las Vegas, NV",hot
U02840,42,female,160.3,72.5,28.2,8.5,XL,low,yoga,beginner,4,outdoor,17,45,Jordan|Nike,performance,green,synthetic,"Minneapolis, MN",cold
U02841,46,female,174.6,49.4,16.2,10.0,XS,normal,running,intermediate,5,outdoor,20,62,Adidas,performance,black,mesh,"San Diego, CA",hot
U02842,53,female,154.0,59.3,25.0,6.5,L,low,yoga,intermediate,3,indoor,34,121,Nike|Adidas|Jordan,performance,green,nylon,"Los Angeles, CA",hot
U02843,20,male,179.9,72.5,22.4,10.0,S,normal,lifestyle,intermediate,2,both,37,92,Adidas|Jordan,casual,grey,synthetic,"Orlando, FL",tropical
U02844,29,male,175.6,82.3,26.7,10.0,L,high,training,beginner,3,indoor,10,35,Adidas|Nike,performance,black,knit,"Las Vegas, NV",hot
U02845,51,female,152.7,77.4,33.2,7.5,XXL,normal,training,beginner,3,indoor,13,38,Nike|Jordan|Adidas,performance,multi,cotton,"Houston, TX",tropical
U02846,48,female,152.8,77.5,33.2,7.5,XXL,high,running,beginner,3,both,21,72,Nike|Adidas,performance,purple,rubber,"Chicago, IL",continental
U02847,26,female,158.6,67.7,26.9,7.5,L,normal,basketball,intermediate,3,outdoor,35,102,Adidas|Nike,athleisure,grey,fleece,"Portland, OR",temperate
U02848,26,female,160.8,70.6,27.3,8.5,L,normal,football,intermediate,3,outdoor,21,89,Nike|Adidas,performance,pink,knit,"New York, NY",continental
U02849,44,male,172.5,72.9,24.5,9.0,M,normal,swimming,intermediate,5,both,27,135,Nike,casual,red,polyester,"Las Vegas, NV",hot
U02850,33,female,169.0,45.7,16.0,9.5,XS,normal,running,advanced,5,outdoor,40,90,Adidas,performance,multi,knit,"Charlotte, NC",temperate
U02851,37,male,162.3,61.9,23.5,7.0,M,normal,training,beginner,3,both,21,51,Jordan|Nike,athleisure,black,synthetic,"Las Vegas, NV",hot
U02852,35,female,163.7,65.1,24.3,8.5,M,normal,tennis,beginner,4,indoor,34,81,Nike,performance,black,mesh,"Miami, FL",tropical
U02853,31,male,182.8,86.9,26.0,11.0,L,normal,running,advanced,3,indoor,48,126,Adidas|Nike,athleisure,red,leather,"Philadelphia, PA",temperate
U02854,29,female,176.6,82.6,26.5,11.5,L,normal,lifestyle,beginner,2,outdoor,13,74,Adidas,athleisure,black,rubber,"Atlanta, GA",temperate
U02855,46,male,170.8,87.8,30.1,9.0,XL,normal,training,beginner,3,both,14,40,Nike,performance,yellow,synthetic,"Dallas, TX",hot
U02856,34,female,170.0,56.1,19.4,9.5,S,normal,basketball,intermediate,4,indoor,20,74,Nike|Adidas,retro,black,polyester,"San Diego, CA",hot
U02857,28,female,161.4,63.6,24.4,8.0,M,normal,basketball,intermediate,2,indoor,13,50,Adidas,performance,green,synthetic,"Portland, OR",temperate
U02858,33,male,183.3,82.7,24.6,11.0,M,high,basketball,intermediate,5,indoor,10,44,Nike,performance,black,mesh,"Minneapolis, MN",cold
U02859,28,female,159.1,59.7,23.6,7.5,M,normal,basketball,advanced,4,outdoor,28,135,Nike|Adidas,retro,green,cotton,"Orlando, FL",tropical
U02860,49,male,164.3,66.4,24.6,7.0,M,high,swimming,beginner,3,outdoor,15,79,Nike,casual,black,synthetic,"Los Angeles, CA",hot
U02861,41,female,169.0,64.0,22.4,9.0,M,normal,yoga,beginner,5,indoor,12,62,Nike,casual,black,knit,"Charlotte, NC",temperate
U02862,23,male,177.9,87.0,27.5,10.0,L,normal,basketball,beginner,4,indoor,32,87,Jordan,performance,black,knit,"Houston, TX",tropical
U02863,55,male,169.6,83.7,29.1,9.5,XL,normal,running,intermediate,4,outdoor,38,89,Jordan|Adidas,performance,red,synthetic,"Orlando, FL",tropical
U02864,41,male,172.5,88.1,29.6,10.0,XL,high,tennis,intermediate,4,outdoor,11,43,Adidas|Jordan,performance,black,nylon,"San Diego, CA",hot
U02865,18,male,193.4,78.2,20.9,13.0,M,high,football,intermediate,5,outdoor,18,99,Adidas|Nike,performance,grey,leather,"San Francisco, CA",temperate
U02866,42,female,161.4,49.0,18.8,7.5,S,normal,training,advanced,3,both,23,105,Adidas,performance,brown,cotton,"San Francisco, CA",temperate
U02867,21,female,167.4,80.4,28.7,9.5,XL,normal,basketball,advanced,2,outdoor,53,143,Jordan|Nike,performance,white,mesh,"Boston, MA",continental
U02868,43,male,181.6,77.2,23.4,10.5,M,normal,lifestyle,beginner,3,both,10,35,Nike|Adidas|Jordan,casual,black,polyester,"San Diego, CA",hot
U02869,22,female,169.0,57.7,20.2,9.5,S,high,running,intermediate,4,outdoor,27,77,Nike,performance,red,polyester,"Portland, OR",temperate
U02870,35,male,186.1,62.0,17.9,11.5,XS,normal,yoga,beginner,3,indoor,18,87,Nike|Adidas|Jordan,athleisure,black,leather,"Minneapolis, MN",cold
U02871,35,male,175.6,87.3,28.3,9.5,L,low,outdoor,advanced,3,outdoor,80,211,Adidas|Nike,performance,pink,synthetic,"Las Vegas, NV",hot
U02872,44,female,160.8,79.6,30.8,8.5,XL,normal,training,advanced,3,indoor,52,149,Nike,performance,blue,mesh,"Seattle, WA",temperate
U02873,29,female,166.1,61.5,22.3,8.5,M,low,training,intermediate,4,indoor,22,103,Nike,casual,beige,gore-tex,"Boston, MA",continental
U02874,32,male,173.4,75.8,25.2,9.0,M,normal,training,beginner,4,indoor,23,53,Nike|Jordan|Adidas,athleisure,white,cotton,"San Francisco, CA",temperate
U02875,25,female,173.8,52.0,17.2,10.5,XS,normal,training,intermediate,5,both,29,93,Jordan,athleisure,blue,mesh,"Detroit, MI",continental
U02876,40,male,173.4,83.6,27.8,9.5,L,low,training,beginner,3,indoor,18,85,Adidas,performance,purple,polyester,"Houston, TX",tropical
U02877,47,female,160.8,62.8,24.3,8.0,M,normal,training,beginner,5,outdoor,15,47,Jordan,performance,red,polyester,"Detroit, MI",continental
U02878,46,female,172.7,60.5,20.3,9.5,S,normal,yoga,intermediate,2,indoor,22,80,Nike,athleisure,black,knit,"Los Angeles, CA",hot
U02879,36,male,170.8,74.1,25.4,9.0,M,normal,training,advanced,3,both,36,85,Adidas,retro,black,synthetic,"Orlando, FL",tropical
U02880,23,male,181.6,74.9,22.7,10.5,M,normal,training,beginner,3,indoor,17,70,Adidas,performance,navy,synthetic,"Portland, OR",temperate
U02881,38,female,151.7,54.1,23.5,7.0,M,high,training,beginner,3,indoor,24,57,Jordan|Adidas,athleisure,navy,leather,"Houston, TX",tropical
U02882,27,male,181.9,76.8,23.2,11.0,M,normal,training,beginner,3,both,14,38,Adidas,performance,black,fleece,"Charlotte, NC",temperate
U02883,42,female,154.8,62.8,26.2,7.0,L,high,lifestyle,beginner,5,both,33,92,Nike|Adidas,athleisure,orange,polyester,"New York, NY",continental
U02884,42,male,179.9,64.7,20.0,10.0,S,normal,yoga,beginner,5,indoor,13,62,Jordan|Nike|Adidas,athleisure,white,nylon,"Minneapolis, MN",cold
U02885,22,male,171.6,91.3,31.0,10.0,XL,normal,football,beginner,2,outdoor,10,38,Jordan|Nike,casual,multi,cotton,"Phoenix, AZ",hot
U02886,46,male,178.7,104.7,32.8,11.0,XXL,high,outdoor,beginner,5,outdoor,38,92,Nike|Jordan|Adidas,performance,pink,fleece,"Miami, FL",tropical
U02887,37,female,152.8,71.2,30.5,7.5,XL,low,outdoor,beginner,3,outdoor,18,55,Adidas|Nike,retro,navy,knit,"Philadelphia, PA",temperate
U02888,25,female,164.2,58.2,21.6,9.5,M,normal,training,beginner,3,indoor,15,35,Nike,performance,red,knit,"New York, NY",continental
U02889,29,male,181.1,99.4,30.3,11.5,XL,high,training,beginner,2,indoor,29,95,Nike,performance,black,synthetic,"Phoenix, AZ",hot
U02890,36,male,162.3,61.9,23.5,7.5,M,normal,training,beginner,3,indoor,15,45,Nike|Adidas,performance,grey,synthetic,"Seattle, WA",temperate
U02891,29,male,181.1,99.4,30.3,11.0,XL,normal,running,beginner,2,outdoor,102,226,Nike|Jordan|Adidas,performance,purple,mesh,"Boston, MA",continental
U02892,20,female,165.6,53.7,19.6,9.0,S,high,running,advanced,2,outdoor,40,110,Nike,performance,beige,cotton,"Chicago, IL",continental
U02893,38,female,172.3,61.2,20.6,10.0,S,low,outdoor,intermediate,5,both,11,44,Adidas|Nike,performance,black,mesh,"Miami, FL",tropical
U02894,40,male,172.9,75.3,25.2,9.0,M,normal,yoga,beginner,2,indoor,53,133,Nike|Adidas,athleisure,brown,knit,"San Francisco, CA",temperate
U02895,58,female,162.6,48.6,18.4,8.5,XS,high,running,beginner,5,outdoor,12,51,Adidas|Nike|Jordan,performance,grey,leather,"Seattle, WA",temperate
U02896,18,male,177.9,76.3,24.1,9.5,M,high,swimming,intermediate,2,outdoor,29,94,Nike|Jordan|Adidas,performance,pink,fleece,"San Francisco, CA",temperate
U02897,28,male,175.0,64.3,21.0,9.5,S,normal,football,advanced,3,outdoor,42,189,Nike,performance,purple,knit,"Las Vegas, NV",hot
U02898,22,male,164.3,74.2,27.5,7.5,L,low,running,intermediate,4,indoor,22,48,Nike,performance,white,synthetic,"Seattle, WA",temperate
U02899,25,female,162.6,61.9,23.4,7.5,M,high,training,intermediate,3,indoor,18,41,Adidas,athleisure,black,cotton,"Minneapolis, MN",cold
U02900,25,female,165.6,63.1,23.0,8.5,M,high,basketball,intermediate,4,both,96,233,Nike,performance,blue,mesh,"Boston, MA",continental
U02901,27,female,169.4,60.3,21.0,9.5,S,normal,running,advanced,5,outdoor,23,84,Nike|Adidas|Jordan,performance,red,mesh,"Charlotte, NC",temperate
U02902,30,female,162.6,59.0,22.3,8.5,M,normal,training,beginner,3,both,46,126,Adidas|Nike,athleisure,navy,mesh,"Minneapolis, MN",cold
U02903,26,female,158.6,67.7,26.9,8.0,L,normal,basketball,intermediate,3,indoor,29,128,Nike|Adidas|Jordan,retro,red,gore-tex,"Orlando, FL",tropical
U02904,28,female,155.4,80.7,33.4,8.0,XXL,low,training,beginner,5,indoor,18,68,Nike,performance,beige,mesh,"Detroit, MI",continental
U02905,51,male,176.9,81.4,26.0,10.0,L,high,running,intermediate,2,outdoor,33,84,Jordan,performance,black,cotton,"Dallas, TX",hot
U02906,36,female,165.0,59.9,22.0,8.5,M,high,basketball,intermediate,4,both,45,271,Adidas,performance,multi,mesh,"San Francisco, CA",temperate
U02907,44,female,166.1,77.5,28.1,9.0,XL,normal,running,advanced,2,outdoor,20,121,Nike,athleisure,black,fleece,"Detroit, MI",continental
U02908,31,female,170.5,77.3,26.6,10.0,L,high,training,beginner,3,indoor,17,48,Nike|Adidas,athleisure,beige,polyester,"Portland, OR",temperate
U02909,39,male,169.0,80.0,28.0,9.0,L,normal,yoga,beginner,3,indoor,32,84,Jordan|Adidas,athleisure,green,rubber,"Las Vegas, NV",hot
U02910,43,male,178.7,84.3,26.4,10.5,L,normal,training,advanced,2,both,32,122,Adidas|Jordan,athleisure,orange,gore-tex,"Minneapolis, MN",cold
U02911,29,female,163.7,80.1,29.9,8.5,XL,high,yoga,beginner,2,both,15,42,Nike|Jordan,performance,purple,gore-tex,"Orlando, FL",tropical
U02912,18,female,167.8,46.5,16.5,9.5,XS,normal,tennis,beginner,4,both,21,51,Jordan,athleisure,black,mesh,"Phoenix, AZ",hot
U02913,32,female,167.4,46.8,16.7,9.5,XS,high,running,intermediate,3,outdoor,25,137,Nike,performance,red,cotton,"Detroit, MI",continental
U02914,39,female,165.0,62.6,23.0,8.5,M,low,training,beginner,5,indoor,56,140,Nike|Jordan,athleisure,grey,polyester,"San Francisco, CA",temperate
U02915,21,male,185.6,72.7,21.1,11.5,S,normal,running,beginner,5,outdoor,41,125,Adidas,athleisure,grey,mesh,"Dallas, TX",hot
U02916,48,female,174.6,49.7,16.3,10.0,XS,normal,outdoor,intermediate,5,outdoor,13,48,Adidas,performance,blue,knit,"Minneapolis, MN",cold
U02917,48,female,171.6,74.2,25.2,10.5,L,low,training,intermediate,2,outdoor,26,159,Jordan,performance,navy,synthetic,"Houston, TX",tropical
U02918,55,male,188.0,76.0,21.5,12.0,S,normal,basketball,intermediate,3,indoor,18,68,Nike|Jordan|Adidas,performance,pink,fleece,"Boston, MA",continental
U02919,38,female,167.0,61.1,21.9,9.5,M,normal,running,advanced,2,both,42,109,Jordan|Adidas,performance,red,fleece,"Houston, TX",tropical
U02920,25,female,167.8,70.4,25.0,9.0,L,normal,lifestyle,beginner,4,outdoor,16,51,Adidas,casual,white,fleece,"Philadelphia, PA",temperate
U02921,20,female,168.2,49.5,17.5,9.5,XS,normal,football,advanced,3,outdoor,21,103,Nike|Adidas,performance,grey,knit,"Houston, TX",tropical
U02922,43,female,162.6,64.5,24.4,8.5,M,low,tennis,advanced,4,outdoor,23,103,Nike,casual,purple,polyester,"Boston, MA",continental
U02923,23,male,172.9,69.4,23.2,9.0,M,normal,lifestyle,intermediate,4,indoor,14,35,Jordan,casual,pink,mesh,"Houston, TX",tropical
U02924,46,male,176.2,98.4,31.7,10.0,XL,low,running,beginner,4,outdoor,33,117,Adidas,performance,blue,gore-tex,"New York, NY",continental
U02925,35,male,178.7,85.6,26.8,10.0,L,high,training,beginner,3,both,17,93,Nike,athleisure,white,synthetic,"Los Angeles, CA",hot
U02926,21,male,177.3,98.1,31.2,10.0,XL,normal,training,beginner,3,indoor,23,52,Adidas|Nike|Jordan,performance,yellow,polyester,"Boston, MA",continental
U02927,43,female,161.4,71.1,27.3,8.0,L,normal,training,beginner,5,indoor,10,42,Adidas,performance,white,rubber,"Chicago, IL",continental
U02928,22,male,169.0,87.4,30.6,8.5,XL,normal,training,beginner,4,indoor,34,88,Adidas|Nike,performance,brown,synthetic,"Denver, CO",cold
U02929,53,female,162.6,54.2,20.5,9.0,S,normal,yoga,intermediate,4,both,15,100,Adidas|Nike|Jordan,performance,grey,leather,"Atlanta, GA",temperate
U02930,49,female,155.4,52.6,21.8,6.5,M,normal,lifestyle,advanced,2,indoor,29,127,Nike,casual,red,leather,"Los Angeles, CA",hot
U02931,44,female,165.0,49.3,18.1,9.0,XS,low,training,beginner,3,indoor,10,35,Nike|Jordan,performance,white,mesh,"Minneapolis, MN",cold
U02932,27,female,166.5,76.0,27.4,9.5,L,normal,training,intermediate,2,indoor,53,129,Nike,athleisure,black,polyester,"San Francisco, CA",temperate
U02933,32,male,180.5,79.2,24.3,10.5,M,normal,running,intermediate,4,outdoor,33,89,Nike,performance,white,rubber,"Boston, MA",continental
U02934,27,female,155.4,52.4,21.7,7.5,M,high,yoga,intermediate,2,indoor,28,115,Adidas,performance,navy,nylon,"Atlanta, GA",temperate
U02935,20,male,178.8,72.6,22.7,10.5,M,normal,training,beginner,5,indoor,22,56,Jordan|Adidas,performance,pink,gore-tex,"Miami, FL",tropical
U02936,53,female,161.8,68.3,26.1,8.5,L,normal,yoga,beginner,3,indoor,33,83,Jordan|Adidas,performance,blue,knit,"Atlanta, GA",temperate
U02937,22,female,178.8,76.7,24.0,11.0,L,normal,training,beginner,3,indoor,17,57,Jordan,athleisure,green,mesh,"Chicago, IL",continental
U02938,35,female,176.0,80.2,25.9,10.5,L,normal,training,intermediate,4,outdoor,27,90,Nike,athleisure,black,knit,"Chicago, IL",continental
U02939,49,male,171.6,73.9,25.1,9.5,M,high,outdoor,beginner,2,outdoor,24,80,Nike|Jordan,performance,beige,cotton,"Philadelphia, PA",temperate
U02940,46,male,186.7,76.7,22.0,12.5,S,normal,football,beginner,3,outdoor,19,95,Jordan|Nike,performance,navy,polyester,"Orlando, FL",tropical
U02941,18,male,174.5,70.9,23.3,9.0,M,low,training,beginner,3,indoor,39,100,Adidas|Nike|Jordan,athleisure,white,polyester,"San Diego, CA",hot
U02942,43,male,182.8,93.9,28.1,10.5,L,normal,football,beginner,3,outdoor,15,40,Nike|Adidas,casual,navy,mesh,"San Diego, CA",hot
U02943,36,male,173.4,90.2,30.0,9.5,XL,low,running,intermediate,4,both,66,164,Adidas,casual,blue,cotton,"San Diego, CA",hot
U02944,22,male,175.6,70.9,23.0,10.0,M,low,training,intermediate,4,indoor,17,43,Nike,performance,orange,knit,"Dallas, TX",hot
U02945,52,male,178.8,64.6,20.2,11.0,S,normal,yoga,intermediate,4,both,61,157,Jordan|Nike,athleisure,white,knit,"Atlanta, GA",temperate
U02946,18,female,167.4,72.6,25.9,9.5,L,low,running,advanced,4,outdoor,40,103,Adidas,performance,red,polyester,"Houston, TX",tropical
U02947,34,male,188.0,61.1,17.3,12.5,XS,normal,training,beginner,5,indoor,39,91,Nike|Adidas,performance,green,nylon,"Detroit, MI",continental
U02948,18,male,177.9,72.5,22.9,10.5,M,normal,training,intermediate,4,outdoor,52,158,Adidas|Nike,retro,multi,cotton,"Portland, OR",temperate
U02949,35,male,183.8,87.2,25.8,11.5,L,normal,running,beginner,3,outdoor,28,70,Jordan,athleisure,black,mesh,"Charlotte, NC",temperate
U02950,41,female,162.6,52.9,20.0,8.5,S,high,yoga,intermediate,3,indoor,40,103,Nike|Adidas|Jordan,athleisure,red,leather,"Portland, OR",temperate
U02951,37,female,163.0,48.6,18.3,8.0,XS,normal,basketball,beginner,4,outdoor,14,62,Adidas|Nike,performance,grey,gore-tex,"Houston, TX",tropical
U02952,48,male,182.8,81.5,24.4,11.0,M,normal,running,advanced,3,outdoor,43,135,Adidas|Nike,retro,grey,cotton,"Houston, TX",tropical
U02953,40,male,182.8,93.9,28.1,11.5,L,normal,training,beginner,3,indoor,38,104,Adidas,performance,grey,fleece,"Charlotte, NC",temperate
U02954,49,female,160.8,81.2,31.4,8.5,XL,normal,yoga,intermediate,2,indoor,18,100,Jordan|Adidas,athleisure,white,synthetic,"Miami, FL",tropical
U02955,26,female,174.7,62.3,20.4,10.5,S,normal,training,beginner,3,indoor,11,35,Adidas|Jordan|Nike,performance,blue,synthetic,"Phoenix, AZ",hot
U02956,33,male,188.0,62.9,17.8,12.5,XS,normal,training,advanced,5,both,36,239,Adidas,performance,white,cotton,"Portland, OR",temperate
U02957,45,male,170.8,79.3,27.2,8.5,L,normal,running,beginner,3,both,20,92,Adidas,athleisure,yellow,fleece,"New York, NY",continental
U02958,18,female,175.2,66.9,21.8,11.0,M,normal,running,intermediate,3,indoor,26,88,Adidas|Nike,performance,yellow,gore-tex,"Minneapolis, MN",cold
U02959,55,female,156.8,77.0,31.3,8.0,XL,low,running,intermediate,4,outdoor,18,75,Nike|Adidas|Jordan,performance,black,cotton,"San Francisco, CA",temperate
U02960,29,female,171.7,59.3,20.1,9.5,S,normal,training,beginner,5,outdoor,15,40,Nike|Jordan,performance,black,gore-tex,"Las Vegas, NV",hot
U02961,33,female,160.3,69.4,27.0,8.0,L,normal,training,advanced,2,indoor,41,119,Jordan,athleisure,grey,polyester,"Charlotte, NC",temperate
U02962,33,male,178.8,82.8,25.9,9.5,L,normal,training,advanced,3,outdoor,41,179,Nike|Jordan,casual,red,polyester,"Houston, TX",tropical
U02963,47,female,153.2,58.9,25.1,7.0,L,normal,yoga,beginner,4,indoor,10,35,Nike|Jordan,athleisure,navy,gore-tex,"Chicago, IL",continental
U02964,34,female,166.1,64.6,23.4,9.0,M,normal,basketball,advanced,3,indoor,45,197,Adidas,casual,black,mesh,"Houston, TX",tropical
U02965,33,male,185.0,73.9,21.6,11.0,S,normal,running,intermediate,3,outdoor,33,108,Nike|Jordan,performance,navy,mesh,"Atlanta, GA",temperate
U02966,38,male,177.4,81.8,26.0,9.5,L,normal,running,advanced,2,outdoor,107,283,Adidas|Jordan,performance,black,mesh,"Seattle, WA",temperate
U02967,42,female,157.4,53.5,21.6,7.5,M,high,yoga,beginner,4,outdoor,29,87,Nike,casual,black,cotton,"Minneapolis, MN",cold
U02968,50,male,175.6,74.9,24.3,9.5,M,normal,training,intermediate,2,indoor,13,77,Adidas,performance,white,fleece,"Chicago, IL",continental
U02969,48,female,170.6,58.5,20.1,9.5,S,normal,tennis,intermediate,3,outdoor,15,52,Nike|Adidas,athleisure,green,mesh,"Philadelphia, PA",temperate
U02970,47,male,173.9,77.7,25.7,9.0,L,normal,running,intermediate,5,outdoor,32,74,Nike,performance,green,synthetic,"Los Angeles, CA",hot
U02971,33,male,173.4,75.2,25.0,9.0,M,high,basketball,intermediate,2,indoor,79,188,Nike,performance,black,cotton,"Atlanta, GA",temperate
U02972,22,male,174.5,68.2,22.4,9.5,S,normal,training,beginner,4,indoor,22,60,Adidas|Nike,athleisure,black,cotton,"Detroit, MI",continental
U02973,26,female,163.0,52.1,19.6,8.5,S,normal,training,intermediate,2,indoor,32,135,Jordan,athleisure,black,leather,"Boston, MA",continental
U02974,27,male,175.6,69.4,22.5,9.0,M,low,tennis,intermediate,3,outdoor,13,81,Adidas,performance,navy,knit,"Denver, CO",cold
U02975,34,male,177.9,83.6,26.4,10.5,L,low,lifestyle,beginner,2,both,23,80,Nike|Adidas|Jordan,athleisure,black,mesh,"New York, NY",continental
U02976,21,female,148.3,67.3,30.6,7.0,XL,normal,running,intermediate,4,outdoor,12,45,Adidas|Nike,performance,green,mesh,"Las Vegas, NV",hot
U02977,44,female,159.7,80.8,31.7,8.5,XXL,normal,football,advanced,3,outdoor,86,244,Jordan,performance,red,mesh,"Boston, MA",continental
U02978,39,male,176.9,87.0,27.8,10.0,L,high,yoga,intermediate,4,indoor,11,65,Nike,performance,pink,synthetic,"Denver, CO",cold
U02979,19,female,171.0,61.1,20.9,9.5,S,normal,running,beginner,2,outdoor,15,35,Adidas,performance,white,polyester,"Dallas, TX",hot
U02980,43,male,189.6,83.4,23.2,12.0,M,normal,football,intermediate,4,outdoor,101,272,Nike|Adidas,performance,navy,cotton,"Miami, FL",tropical
U02981,19,male,165.5,63.8,23.3,7.5,M,high,basketball,beginner,4,outdoor,25,56,Adidas,performance,white,polyester,"New York, NY",continental
U02982,53,male,183.9,92.0,27.2,11.0,L,high,running,intermediate,5,both,45,110,Nike,athleisure,grey,mesh,"Seattle, WA",temperate
U02983,61,male,166.0,94.8,34.4,9.0,XXL,normal,tennis,beginner,3,both,10,35,Jordan|Nike|Adidas,retro,black,cotton,"Denver, CO",cold
U02984,54,male,178.8,64.6,20.2,10.5,S,normal,lifestyle,intermediate,4,outdoor,47,136,Nike|Adidas,retro,black,knit,"Chicago, IL",continental
U02985,39,male,172.1,90.6,30.6,9.5,XL,high,running,advanced,2,outdoor,96,239,Nike|Jordan,performance,black,cotton,"Minneapolis, MN",cold
U02986,34,male,176.2,69.2,22.3,10.0,S,normal,training,advanced,2,both,32,152,Adidas|Nike,athleisure,red,fleece,"San Francisco, CA",temperate
U02987,40,male,167.5,66.2,23.6,8.0,M,normal,yoga,intermediate,3,indoor,23,153,Adidas|Nike|Jordan,athleisure,orange,cotton,"Houston, TX",tropical
U02988,35,female,170.0,77.5,26.8,9.5,L,normal,lifestyle,intermediate,3,both,42,172,Nike,casual,multi,synthetic,"Seattle, WA",temperate
U02989,30,female,172.7,56.1,18.8,10.0,S,normal,running,intermediate,3,outdoor,37,131,Jordan,performance,pink,synthetic,"Denver, CO",cold
U02990,30,female,154.0,68.5,28.9,7.0,XL,low,outdoor,advanced,3,outdoor,22,66,Nike,performance,purple,cotton,"Denver, CO",cold
U02991,33,male,180.6,84.5,25.9,11.5,L,normal,football,intermediate,3,outdoor,15,65,Adidas,performance,grey,nylon,"Orlando, FL",tropical
U02992,59,male,176.2,78.2,25.2,10.0,M,high,football,intermediate,4,outdoor,49,175,Nike|Jordan|Adidas,athleisure,orange,cotton,"Chicago, IL",continental
U02993,42,female,169.0,64.3,22.5,9.5,M,normal,training,beginner,5,both,23,67,Adidas|Nike,performance,white,mesh,"Houston, TX",tropical
U02994,31,male,177.4,94.1,29.9,10.5,XL,high,running,advanced,3,both,68,171,Nike,athleisure,navy,polyester,"Minneapolis, MN",cold
U02995,39,female,162.6,64.5,24.4,9.0,M,high,basketball,advanced,4,indoor,25,116,Jordan,performance,grey,mesh,"Houston, TX",tropical
U02996,30,female,167.4,46.8,16.7,8.5,XS,high,running,advanced,4,outdoor,49,126,Adidas|Jordan,athleisure,pink,leather,"Houston, TX",tropical
U02997,23,male,193.5,84.2,22.5,13.0,L,normal,running,advanced,3,outdoor,96,223,Adidas,athleisure,navy,leather,"Minneapolis, MN",cold
U02998,27,female,160.8,58.4,22.6,8.0,M,high,outdoor,intermediate,3,both,54,197,Adidas|Nike,performance,green,cotton,"Houston, TX",tropical
U02999,27,female,155.4,52.4,21.7,7.5,M,normal,yoga,intermediate,2,indoor,46,147,Adidas|Jordan|Nike,athleisure,white,fleece,"Chicago, IL",continental
U03000,37,male,183.9,84.5,25.0,11.0,M,normal,running,advanced,2,indoor,32,208,Nike|Adidas,casual,brown,knit,"Portland, OR",temperate
U03001,18,male,176.9,91.1,29.1,10.0,XL,high,training,advanced,4,indoor,64,176,Adidas,athleisure,white,cotton,"Seattle, WA",temperate
U03002,21,male,183.4,89.5,26.6,11.0,L,normal,training,beginner,4,indoor,21,52,Nike|Adidas,athleisure,black,cotton,"Detroit, MI",continental
U03003,23,male,189.7,59.0,16.4,12.5,XS,high,running,beginner,2,indoor,10,35,Adidas|Jordan,athleisure,grey,cotton,"San Diego, CA",hot
U03004,50,male,173.9,88.3,29.2,9.0,XL,normal,basketball,intermediate,4,both,23,58,Adidas|Nike,casual,black,mesh,"Phoenix, AZ",hot
U03005,55,female,154.0,59.3,25.0,7.0,L,normal,yoga,intermediate,3,indoor,35,182,Jordan,athleisure,red,synthetic,"Orlando, FL",tropical
U03006,26,female,161.4,62.5,24.0,7.5,M,normal,training,intermediate,4,outdoor,42,104,Nike|Adidas,performance,black,gore-tex,"Las Vegas, NV",hot
U03007,44,female,165.0,48.7,17.9,8.5,XS,normal,outdoor,beginner,4,outdoor,25,79,Adidas|Nike,performance,green,knit,"Denver, CO",cold
U03008,37,female,174.7,55.2,18.1,10.5,XS,normal,training,beginner,4,outdoor,19,71,Nike|Adidas,casual,brown,polyester,"San Diego, CA",hot
U03009,23,male,183.4,81.4,24.2,11.5,M,high,yoga,intermediate,3,outdoor,42,96,Jordan,performance,navy,polyester,"San Francisco, CA",temperate
U03010,19,male,175.6,63.8,20.7,9.5,S,normal,yoga,beginner,2,indoor,21,62,Jordan,performance,red,rubber,"Houston, TX",tropical
U03011,30,male,180.0,78.4,24.2,11.0,M,low,yoga,intermediate,3,both,23,141,Jordan|Nike,performance,grey,leather,"Las Vegas, NV",hot
U03012,30,male,169.0,82.8,29.0,9.0,XL,normal,running,beginner,3,outdoor,18,47,Nike,retro,black,fleece,"Portland, OR",temperate
U03013,49,male,176.9,84.8,27.1,10.0,L,low,training,advanced,2,indoor,55,271,Nike,performance,grey,knit,"Los Angeles, CA",hot
U03014,61,male,193.5,60.3,16.1,13.0,S,normal,training,beginner,2,indoor,17,39,Jordan|Nike,athleisure,grey,synthetic,"Phoenix, AZ",hot
U03015,25,male,168.3,88.7,31.3,8.5,XL,low,football,intermediate,4,indoor,23,116,Adidas,performance,grey,synthetic,"San Francisco, CA",temperate
U03016,25,male,178.8,98.5,30.8,11.0,XL,low,training,intermediate,3,indoor,19,64,Jordan|Adidas,athleisure,red,polyester,"Los Angeles, CA",hot
U03017,18,female,163.7,55.7,20.8,8.0,S,high,running,advanced,4,both,39,126,Nike,casual,blue,knit,"Denver, CO",cold
U03018,18,female,170.0,63.3,21.9,10.0,M,low,training,advanced,5,indoor,33,103,Nike|Adidas,athleisure,brown,leather,"Denver, CO",cold
U03019,25,female,163.0,52.1,19.6,9.0,S,high,training,intermediate,2,outdoor,33,106,Nike,performance,green,rubber,"Houston, TX",tropical
U03020,46,male,180.0,94.9,29.3,10.5,XL,normal,running,intermediate,4,outdoor,40,143,Adidas,performance,pink,cotton,"Philadelphia, PA",temperate
U03021,47,female,153.2,58.2,24.8,6.5,L,normal,training,beginner,3,indoor,24,67,Nike|Jordan,performance,brown,cotton,"Denver, CO",cold
U03022,26,male,186.1,103.2,29.8,12.0,XL,high,training,intermediate,3,indoor,47,239,Jordan|Adidas|Nike,performance,blue,mesh,"Chicago, IL",continental
U03023,30,female,166.5,47.4,17.1,9.0,XS,normal,skateboarding,intermediate,4,outdoor,57,147,Nike,casual,beige,rubber,"Minneapolis, MN",cold
U03024,44,female,160.9,80.0,30.9,9.0,XL,normal,training,beginner,3,indoor,10,59,Nike,performance,grey,polyester,"San Francisco, CA",temperate
U03025,44,male,173.9,83.8,27.7,9.5,L,normal,running,advanced,3,outdoor,64,159,Jordan,performance,white,rubber,"Chicago, IL",continental
U03026,27,female,148.3,75.2,34.2,7.0,XXL,normal,running,intermediate,2,outdoor,46,123,Nike,performance,orange,leather,"Chicago, IL",continental
U03027,24,female,158.6,65.4,26.0,7.5,L,normal,training,beginner,2,indoor,28,72,Nike,performance,orange,mesh,"Atlanta, GA",temperate
U03028,41,male,167.5,66.2,23.6,9.0,M,high,yoga,intermediate,3,indoor,15,63,Adidas|Jordan|Nike,casual,grey,polyester,"Charlotte, NC",temperate
U03029,56,female,155.4,63.8,26.4,7.5,L,high,training,intermediate,4,outdoor,45,112,Adidas,performance,red,polyester,"San Francisco, CA",temperate
U03030,29,male,172.9,88.2,29.5,9.0,XL,normal,training,intermediate,4,indoor,23,63,Jordan,athleisure,purple,nylon,"Seattle, WA",temperate
U03031,30,female,169.0,52.8,18.5,10.0,S,normal,outdoor,advanced,4,outdoor,91,207,Nike|Adidas|Jordan,performance,black,mesh,"San Diego, CA",hot
U03032,52,female,148.9,55.9,25.2,6.5,L,normal,training,beginner,3,both,16,103,Nike|Adidas,performance,green,cotton,"Chicago, IL",continental
U03033,61,female,167.1,64.2,23.0,9.5,M,normal,training,intermediate,2,indoor,38,98,Nike,performance,grey,mesh,"Detroit, MI",continental
U03034,19,male,185.0,91.7,26.8,12.0,L,normal,running,intermediate,3,outdoor,12,35,Adidas|Nike,athleisure,beige,synthetic,"Atlanta, GA",temperate
U03035,53,female,167.1,68.7,24.6,8.5,L,normal,lifestyle,advanced,3,both,35,78,Adidas|Nike,athleisure,black,rubber,"Boston, MA",continental
U03036,20,male,177.4,69.2,22.0,9.5,S,normal,running,intermediate,4,outdoor,31,109,Adidas|Nike|Jordan,performance,red,polyester,"Miami, FL",tropical
U03037,18,male,183.9,92.7,27.4,11.5,L,low,running,intermediate,5,outdoor,10,35,Nike,athleisure,green,knit,"Orlando, FL",tropical
U03038,48,female,162.7,68.0,25.7,9.0,L,low,lifestyle,beginner,2,both,35,84,Nike|Adidas,athleisure,black,cotton,"Detroit, MI",continental
U03039,35,male,175.6,87.3,28.3,10.0,L,normal,running,advanced,3,outdoor,62,250,Nike|Adidas,performance,purple,synthetic,"Los Angeles, CA",hot
U03040,58,female,175.3,49.2,16.0,11.0,XS,low,yoga,intermediate,4,indoor,50,139,Nike|Jordan|Adidas,athleisure,grey,synthetic,"Las Vegas, NV",hot
U03041,51,female,166.6,68.8,24.8,9.5,L,normal,basketball,intermediate,4,outdoor,24,95,Adidas|Nike,performance,black,mesh,"Chicago, IL",continental
U03042,54,female,159.1,56.2,22.2,8.0,M,normal,training,advanced,5,both,86,198,Adidas,casual,red,cotton,"Dallas, TX",hot
U03043,45,female,155.4,71.0,29.4,8.0,XL,low,football,intermediate,5,outdoor,35,115,Adidas|Nike|Jordan,performance,black,cotton,"Atlanta, GA",temperate
U03044,27,male,175.6,76.8,24.9,10.0,M,normal,yoga,beginner,4,indoor,10,35,Nike|Jordan,performance,beige,mesh,"San Francisco, CA",temperate
U03045,53,female,174.8,71.2,23.3,10.5,M,low,yoga,intermediate,4,indoor,57,144,Adidas|Jordan,athleisure,blue,mesh,"Orlando, FL",tropical
U03046,46,female,167.1,61.2,21.9,9.0,M,normal,outdoor,beginner,4,indoor,20,117,Adidas,performance,purple,synthetic,"San Diego, CA",hot
U03047,33,female,167.8,68.1,24.2,9.5,M,normal,training,intermediate,4,indoor,25,140,Adidas|Nike,performance,red,cotton,"New York, NY",continental
U03048,18,female,163.1,68.4,25.7,7.5,L,normal,yoga,beginner,2,indoor,17,43,Nike|Adidas,performance,beige,knit,"Miami, FL",tropical
U03049,60,female,163.7,57.1,21.3,8.5,S,normal,yoga,advanced,3,indoor,46,185,Jordan|Adidas|Nike,athleisure,navy,fleece,"San Francisco, CA",temperate
U03050,46,female,169.4,81.5,28.4,10.0,XL,normal,running,advanced,4,outdoor,58,285,Nike|Adidas,performance,white,polyester,"San Francisco, CA",temperate
U03051,29,male,181.1,82.3,25.1,11.0,M,low,training,advanced,5,indoor,88,269,Adidas,performance,black,knit,"Minneapolis, MN",cold
U03052,51,male,164.3,63.7,23.6,7.5,M,normal,training,intermediate,4,indoor,37,162,Nike|Adidas,athleisure,white,fleece,"San Francisco, CA",temperate
U03053,33,female,158.6,74.2,29.5,8.0,XL,normal,lifestyle,beginner,5,indoor,16,35,Adidas,casual,brown,cotton,"San Francisco, CA",temperate
U03054,28,male,172.5,81.2,27.3,8.5,L,normal,football,intermediate,5,both,49,124,Nike,performance,multi,leather,"Dallas, TX",hot
U03055,26,female,164.2,60.7,22.5,9.0,M,high,training,advanced,4,outdoor,90,216,Adidas|Jordan|Nike,performance,black,fleece,"San Diego, CA",hot
U03056,19,male,164.3,79.4,29.4,7.5,XL,low,training,beginner,2,indoor,33,82,Nike|Adidas|Jordan,performance,white,synthetic,"Atlanta, GA",temperate
U03057,18,male,183.9,92.7,27.4,11.5,L,normal,training,intermediate,5,indoor,44,107,Nike|Adidas,performance,black,synthetic,"Detroit, MI",continental
U03058,32,female,161.8,91.4,34.9,9.0,XXL,normal,training,intermediate,3,indoor,51,201,Adidas,athleisure,blue,mesh,"Atlanta, GA",temperate
U03059,18,male,173.9,68.0,22.5,9.5,M,high,yoga,beginner,4,indoor,12,35,Adidas|Nike,performance,blue,fleece,"Dallas, TX",hot
U03060,50,male,166.9,71.3,25.6,8.0,L,normal,training,beginner,5,outdoor,35,82,Jordan|Adidas,athleisure,multi,knit,"Phoenix, AZ",hot
U03061,55,male,172.1,64.9,21.9,9.5,S,normal,training,intermediate,3,indoor,46,128,Nike,performance,grey,leather,"Las Vegas, NV",hot
U03062,19,male,166.2,72.4,26.2,7.5,L,low,training,intermediate,4,indoor,57,126,Nike,performance,navy,fleece,"Los Angeles, CA",hot
U03063,53,female,160.9,69.1,26.7,8.5,L,normal,outdoor,beginner,3,outdoor,51,124,Nike|Adidas,performance,orange,mesh,"Boston, MA",continental
U03064,20,male,169.6,64.1,22.3,9.0,S,normal,yoga,intermediate,3,indoor,10,59,Adidas,performance,black,gore-tex,"Phoenix, AZ",hot
U03065,32,female,151.7,60.5,26.3,6.5,L,normal,yoga,intermediate,4,indoor,59,198,Jordan|Adidas,athleisure,orange,leather,"Detroit, MI",continental
U03066,40,female,170.6,78.0,26.8,9.5,L,normal,basketball,beginner,4,outdoor,21,92,Jordan,casual,pink,leather,"Boston, MA",continental
U03067,44,male,183.4,84.8,25.2,11.0,M,normal,basketball,intermediate,5,indoor,40,97,Nike|Adidas,casual,brown,polyester,"Seattle, WA",temperate
U03068,54,female,154.0,59.3,25.0,7.0,L,normal,lifestyle,intermediate,3,both,31,72,Adidas|Nike|Jordan,athleisure,multi,leather,"Orlando, FL",tropical
U03069,48,male,172.5,73.2,24.6,9.5,M,low,training,intermediate,2,both,36,114,Adidas,performance,navy,knit,"Boston, MA",continental
U03070,36,female,164.3,58.8,21.8,8.0,M,normal,running,intermediate,2,both,20,118,Jordan|Nike|Adidas,performance,green,mesh,"New York, NY",continental
U03071,33,male,178.8,85.7,26.8,9.5,L,low,football,beginner,3,both,19,75,Adidas|Nike,performance,multi,leather,"Seattle, WA",temperate
U03072,57,male,167.0,73.1,26.2,8.5,L,normal,training,beginner,3,indoor,10,41,Nike|Adidas,performance,yellow,rubber,"Boston, MA",continental
U03073,37,male,173.9,73.2,24.2,9.0,M,normal,yoga,intermediate,3,indoor,42,136,Nike|Adidas|Jordan,athleisure,navy,mesh,"New York, NY",continental
U03074,28,female,166.1,64.0,23.2,9.0,M,high,football,advanced,4,both,62,139,Nike,retro,black,gore-tex,"New York, NY",continental
U03075,58,female,157.8,49.6,19.9,7.0,S,normal,training,beginner,5,indoor,23,89,Adidas|Nike,athleisure,grey,cotton,"Houston, TX",tropical
U03076,29,female,165.7,87.6,31.9,10.0,XXL,normal,lifestyle,beginner,5,both,49,133,Nike,retro,purple,polyester,"Dallas, TX",hot
U03077,51,male,190.3,75.7,20.9,12.5,M,normal,skateboarding,intermediate,2,outdoor,30,75,Nike|Jordan|Adidas,retro,black,polyester,"Minneapolis, MN",cold
U03078,28,female,174.8,84.0,27.5,11.0,XL,normal,training,beginner,3,both,27,67,Adidas|Nike,casual,brown,mesh,"Detroit, MI",continental
U03079,33,male,186.1,62.0,17.9,12.0,XS,normal,yoga,beginner,3,indoor,19,98,Adidas|Nike,performance,red,rubber,"Dallas, TX",hot
U03080,29,male,180.0,82.6,25.5,10.0,L,normal,running,intermediate,3,outdoor,26,118,Nike,casual,orange,polyester,"Portland, OR",temperate
U03081,19,male,170.2,78.5,27.1,8.5,L,low,yoga,beginner,4,both,10,35,Adidas,athleisure,grey,fleece,"Seattle, WA",temperate
U03082,25,female,166.1,57.4,20.8,9.0,S,normal,training,advanced,4,indoor,57,237,Nike,athleisure,white,synthetic,"Minneapolis, MN",cold
U03083,27,female,174.8,62.3,20.4,10.0,S,high,training,beginner,3,indoor,10,50,Nike,athleisure,multi,cotton,"San Francisco, CA",temperate
U03084,43,female,157.4,53.5,21.6,7.5,M,normal,training,beginner,4,indoor,22,71,Jordan,athleisure,navy,cotton,"Atlanta, GA",temperate
U03085,51,female,157.4,68.1,27.5,8.0,XL,normal,yoga,intermediate,2,indoor,26,69,Nike,athleisure,pink,mesh,"Minneapolis, MN",cold
U03086,55,female,160.9,59.0,22.8,8.5,M,high,skateboarding,intermediate,5,outdoor,34,147,Nike|Adidas|Jordan,performance,beige,knit,"Charlotte, NC",temperate
U03087,39,male,183.9,99.8,29.5,11.0,XL,normal,training,intermediate,2,indoor,30,88,Jordan|Nike,performance,blue,polyester,"Minneapolis, MN",cold
U03088,28,male,179.4,84.3,26.2,10.5,L,low,football,beginner,4,outdoor,30,95,Adidas|Nike,performance,black,synthetic,"Portland, OR",temperate
U03089,39,female,171.7,47.2,16.0,10.0,XS,normal,training,intermediate,2,both,17,96,Nike|Adidas|Jordan,performance,white,knit,"Los Angeles, CA",hot
U03090,50,female,173.0,47.9,16.0,10.0,XS,high,tennis,intermediate,4,both,19,86,Jordan|Adidas,performance,red,fleece,"Miami, FL",tropical
U03091,18,male,184.5,65.7,19.3,11.5,XS,normal,lifestyle,advanced,5,indoor,36,161,Nike|Adidas|Jordan,performance,green,mesh,"Dallas, TX",hot
U03092,40,male,176.9,70.1,22.4,10.0,S,normal,swimming,beginner,4,indoor,12,41,Adidas|Nike,performance,blue,gore-tex,"Detroit, MI",continental
U03093,51,male,193.6,60.3,16.1,13.0,S,normal,swimming,intermediate,3,indoor,75,223,Nike|Jordan,performance,red,polyester,"Dallas, TX",hot
U03094,48,male,186.7,91.0,26.1,12.5,L,normal,basketball,advanced,4,both,43,178,Nike,casual,pink,fleece,"Phoenix, AZ",hot
U03095,31,male,171.6,77.1,26.2,9.0,L,low,training,intermediate,4,indoor,16,83,Jordan|Nike,athleisure,black,synthetic,"New York, NY",continental
U03096,43,female,168.3,46.2,16.3,9.0,XS,normal,running,beginner,3,outdoor,13,55,Nike|Adidas,athleisure,blue,synthetic,"Philadelphia, PA",temperate
U03097,19,male,175.0,82.1,26.8,9.5,L,normal,yoga,beginner,2,indoor,10,54,Nike,performance,purple,mesh,"Seattle, WA",temperate
U03098,18,female,164.3,57.8,21.4,9.0,S,normal,tennis,beginner,3,both,30,81,Jordan,retro,black,gore-tex,"Orlando, FL",tropical
U03099,18,male,173.4,73.7,24.5,9.5,M,normal,tennis,beginner,2,outdoor,13,37,Nike|Adidas|Jordan,performance,red,synthetic,"Miami, FL",tropical
U03100,54,female,149.0,55.9,25.2,6.0,L,high,football,beginner,3,indoor,20,56,Adidas|Nike|Jordan,performance,navy,cotton,"Portland, OR",temperate
U03101,46,female,153.3,49.1,20.9,7.0,S,normal,training,advanced,3,indoor,54,162,Adidas|Jordan,athleisure,pink,mesh,"Denver, CO",cold
U03102,43,male,162.3,79.0,30.0,8.0,XL,low,basketball,intermediate,4,both,48,201,Nike,performance,brown,knit,"Dallas, TX",hot
U03103,60,male,162.3,77.4,29.4,7.0,XL,low,training,beginner,3,indoor,15,81,Adidas,athleisure,brown,fleece,"Boston, MA",continental
U03104,37,male,183.9,64.6,19.1,11.0,XS,normal,swimming,beginner,4,indoor,42,127,Adidas,performance,yellow,synthetic,"Phoenix, AZ",hot
U03105,25,male,182.8,64.2,19.2,11.0,XS,normal,training,beginner,3,indoor,24,66,Nike|Jordan,performance,grey,synthetic,"Phoenix, AZ",hot
U03106,54,male,181.6,76.5,23.2,10.0,M,low,football,intermediate,4,outdoor,76,192,Nike,retro,black,knit,"Houston, TX",tropical
U03107,23,female,169.0,57.7,20.2,10.0,S,high,training,intermediate,4,indoor,54,147,Nike,performance,pink,gore-tex,"Charlotte, NC",temperate
U03108,33,male,180.0,78.4,24.2,10.5,M,high,training,intermediate,3,indoor,49,141,Adidas|Nike,athleisure,green,polyester,"Seattle, WA",temperate
U03109,38,male,190.6,88.3,24.3,12.0,L,normal,skateboarding,beginner,5,outdoor,36,90,Nike|Adidas,casual,black,synthetic,"Atlanta, GA",temperate
U03110,42,male,186.8,85.8,24.6,11.5,M,normal,yoga,beginner,3,indoor,19,51,Jordan|Nike|Adidas,performance,green,gore-tex,"Phoenix, AZ",hot
U03111,49,male,171.6,95.7,32.5,9.5,XXL,normal,tennis,intermediate,4,outdoor,98,226,Jordan,performance,green,cotton,"Denver, CO",cold
U03112,39,male,173.4,90.2,30.0,9.5,XL,normal,running,intermediate,4,outdoor,14,95,Adidas,athleisure,navy,gore-tex,"Phoenix, AZ",hot
U03113,31,male,181.9,70.8,21.4,11.5,S,normal,football,intermediate,4,outdoor,26,133,Nike,performance,purple,mesh,"Philadelphia, PA",temperate
U03114,18,male,189.7,59.4,16.5,12.0,XS,normal,running,beginner,2,outdoor,23,71,Jordan|Nike,performance,brown,synthetic,"Chicago, IL",continental
U03115,58,female,170.0,75.7,26.2,9.5,L,low,running,beginner,3,outdoor,10,35,Jordan,performance,black,cotton,"Denver, CO",cold
U03116,23,female,159.1,68.6,27.1,8.5,L,low,swimming,advanced,3,indoor,33,132,Adidas|Jordan,performance,black,mesh,"Chicago, IL",continental
U03117,43,male,176.9,69.5,22.2,10.0,S,high,training,advanced,2,both,67,180,Nike|Adidas,performance,black,cotton,"Miami, FL",tropical
U03118,49,male,176.9,78.9,25.2,10.0,M,normal,football,advanced,4,outdoor,49,157,Nike,performance,beige,polyester,"Dallas, TX",hot
U03119,18,female,163.1,72.6,27.3,9.0,L,normal,training,advanced,3,indoor,41,133,Adidas,performance,black,knit,"Miami, FL",tropical
U03120,32,female,156.2,72.2,29.6,7.5,XL,normal,yoga,beginner,4,indoor,20,122,Adidas|Nike|Jordan,athleisure,blue,synthetic,"Minneapolis, MN",cold
U03121,33,male,187.3,85.9,24.5,12.0,M,high,swimming,intermediate,2,both,21,74,Nike|Jordan,performance,black,gore-tex,"Boston, MA",continental
U03122,33,male,176.2,71.4,23.0,9.5,M,normal,running,advanced,4,outdoor,32,97,Adidas|Nike,casual,navy,cotton,"Phoenix, AZ",hot
U03123,28,male,170.8,80.2,27.5,8.5,L,low,training,advanced,5,indoor,30,129,Jordan,performance,grey,polyester,"Portland, OR",temperate
U03124,20,female,168.3,64.0,22.6,9.0,M,normal,training,intermediate,4,both,26,118,Nike,performance,white,polyester,"Charlotte, NC",temperate
U03125,29,female,160.9,62.7,24.2,7.5,M,normal,running,intermediate,3,outdoor,47,150,Nike,performance,pink,knit,"Minneapolis, MN",cold
U03126,18,male,182.8,64.2,19.2,11.0,XS,normal,training,intermediate,3,indoor,47,111,Nike|Adidas|Jordan,athleisure,blue,polyester,"Detroit, MI",continental
U03127,26,female,165.0,71.3,26.2,8.5,L,normal,training,beginner,4,indoor,18,95,Nike,performance,blue,nylon,"Seattle, WA",temperate
U03128,19,female,172.8,47.8,16.0,10.0,XS,high,football,advanced,2,outdoor,37,151,Jordan,casual,multi,gore-tex,"Orlando, FL",tropical
U03129,22,female,156.2,66.6,27.3,7.5,L,normal,training,beginner,5,both,10,43,Adidas|Nike|Jordan,athleisure,white,mesh,"Charlotte, NC",temperate
U03130,31,male,177.9,86.7,27.4,10.5,L,low,training,intermediate,2,both,18,71,Nike|Jordan,retro,multi,knit,"Los Angeles, CA",hot
U03131,19,male,178.8,76.1,23.8,10.5,M,normal,lifestyle,advanced,4,indoor,29,80,Adidas,athleisure,yellow,mesh,"Minneapolis, MN",cold
U03132,22,female,172.8,70.5,23.6,10.0,M,high,skateboarding,beginner,3,outdoor,12,48,Nike,casual,black,synthetic,"San Diego, CA",hot
U03133,51,female,160.4,49.4,19.2,8.0,S,normal,yoga,advanced,4,indoor,62,230,Nike,athleisure,grey,leather,"New York, NY",continental
U03134,39,male,184.5,80.7,23.7,12.0,M,normal,training,beginner,4,indoor,31,72,Nike|Adidas,performance,white,cotton,"Detroit, MI",continental
U03135,49,male,167.0,83.9,30.1,8.5,XL,normal,swimming,advanced,2,indoor,42,167,Adidas|Nike|Jordan,performance,green,knit,"Portland, OR",temperate
U03136,19,male,176.9,64.2,20.5,10.5,S,high,running,beginner,2,outdoor,11,35,Nike,performance,white,polyester,"Atlanta, GA",temperate
U03137,62,male,181.1,87.6,26.7,11.0,L,normal,training,intermediate,4,indoor,109,254,Adidas,performance,white,gore-tex,"Boston, MA",continental
U03138,19,female,149.1,54.5,24.5,6.0,L,high,training,beginner,3,indoor,11,38,Adidas,performance,green,mesh,"Dallas, TX",hot
U03139,22,female,149.2,68.1,30.6,6.5,XL,normal,yoga,intermediate,4,indoor,18,91,Adidas,performance,green,knit,"Detroit, MI",continental
U03140,54,female,157.8,53.3,21.4,7.5,S,normal,training,intermediate,4,indoor,31,160,Adidas|Jordan,performance,green,knit,"Dallas, TX",hot
U03141,18,female,167.4,71.2,25.4,9.0,L,normal,training,intermediate,3,indoor,37,88,Adidas,performance,blue,rubber,"Portland, OR",temperate
U03142,24,male,185.6,73.0,21.2,11.5,S,normal,training,beginner,5,indoor,16,38,Adidas|Nike|Jordan,performance,green,cotton,"Orlando, FL",tropical
U03143,43,female,172.3,47.5,16.0,10.5,XS,normal,training,intermediate,4,both,33,147,Nike,performance,navy,leather,"Philadelphia, PA",temperate
U03144,24,female,161.4,63.6,24.4,8.5,M,low,training,intermediate,2,indoor,17,49,Adidas|Nike,athleisure,purple,synthetic,"Philadelphia, PA",temperate
U03145,42,female,178.9,77.1,24.1,11.5,L,normal,training,intermediate,5,both,44,218,Nike|Adidas,performance,pink,fleece,"Phoenix, AZ",hot
U03146,46,male,187.4,72.3,20.6,11.5,S,normal,training,advanced,3,indoor,41,186,Adidas|Nike,performance,red,polyester,"Philadelphia, PA",temperate
U03147,38,female,176.0,64.4,20.8,10.0,S,high,running,beginner,3,outdoor,25,58,Nike|Adidas,athleisure,red,synthetic,"Atlanta, GA",temperate
U03148,31,male,181.1,82.3,25.1,11.0,M,high,training,advanced,5,indoor,25,91,Jordan|Nike,casual,white,leather,"Boston, MA",continental
U03149,52,male,193.6,70.8,18.9,13.5,S,high,yoga,beginner,5,both,10,40,Nike|Jordan,athleisure,navy,gore-tex,"Denver, CO",cold
U03150,42,female,163.1,67.6,25.4,8.5,L,normal,training,advanced,4,indoor,49,161,Jordan|Adidas,casual,multi,fleece,"Orlando, FL",tropical
U03151,44,male,172.9,77.4,25.9,9.0,L,normal,swimming,beginner,4,indoor,58,144,Adidas|Nike,casual,multi,mesh,"San Francisco, CA",temperate
U03152,30,female,167.8,59.7,21.2,9.5,S,normal,training,advanced,4,indoor,73,182,Adidas,performance,black,synthetic,"Atlanta, GA",temperate
U03153,35,male,188.0,75.6,21.4,12.5,S,normal,training,advanced,4,indoor,67,191,Adidas|Jordan,athleisure,grey,mesh,"Dallas, TX",hot
U03154,27,male,177.9,78.2,24.7,10.5,M,normal,running,intermediate,2,outdoor,48,123,Jordan|Nike|Adidas,performance,white,cotton,"Portland, OR",temperate
U03155,32,female,170.0,77.2,26.7,9.5,L,normal,running,beginner,3,both,67,175,Nike|Adidas,performance,green,gore-tex,"Orlando, FL",tropical
U03156,52,male,193.7,99.8,26.6,13.0,XL,low,swimming,intermediate,2,outdoor,38,87,Nike|Jordan,performance,navy,mesh,"Las Vegas, NV",hot
U03157,40,female,162.7,64.6,24.4,8.5,M,low,training,advanced,4,indoor,110,318,Nike|Jordan|Adidas,casual,brown,leather,"Las Vegas, NV",hot
U03158,33,male,188.0,62.9,17.8,12.0,XS,normal,running,advanced,5,outdoor,46,140,Nike,performance,black,synthetic,"Miami, FL",tropical
U03159,57,female,164.3,60.2,22.3,8.5,M,normal,training,beginner,3,both,17,40,Adidas|Jordan,performance,red,knit,"Philadelphia, PA",temperate
U03160,31,female,169.0,68.8,24.1,9.0,M,low,training,intermediate,4,outdoor,26,102,Nike|Jordan|Adidas,performance,blue,mesh,"Seattle, WA",temperate
U03161,27,female,155.4,65.2,27.0,7.5,L,normal,running,beginner,3,both,19,63,Nike,performance,navy,knit,"Portland, OR",temperate
U03162,18,male,182.8,64.5,19.3,11.5,XS,normal,lifestyle,intermediate,3,both,44,109,Nike,casual,orange,synthetic,"Detroit, MI",continental
U03163,21,female,161.4,62.5,24.0,7.5,M,low,yoga,beginner,4,both,16,35,Adidas,athleisure,yellow,leather,"Denver, CO",cold
U03164,19,female,164.3,57.8,21.4,9.0,S,normal,running,beginner,3,outdoor,16,57,Nike|Adidas|Jordan,athleisure,black,rubber,"Charlotte, NC",temperate
U03165,39,female,156.2,49.3,20.2,7.0,S,high,training,intermediate,4,indoor,27,82,Adidas|Jordan|Nike,performance,purple,gore-tex,"New York, NY",continental
U03166,57,female,163.7,65.9,24.6,8.5,L,normal,yoga,beginner,2,both,16,39,Nike|Adidas|Jordan,performance,multi,cotton,"Chicago, IL",continental
U03167,34,male,176.2,64.0,20.6,9.5,S,normal,yoga,intermediate,4,indoor,19,61,Jordan|Nike,athleisure,green,mesh,"Los Angeles, CA",hot
U03168,24,male,184.5,84.1,24.7,11.5,M,normal,training,intermediate,3,indoor,20,74,Nike|Jordan,performance,black,mesh,"Los Angeles, CA",hot
U03169,51,male,178.8,64.6,20.2,10.0,S,high,lifestyle,intermediate,4,indoor,14,85,Nike,casual,white,polyester,"Orlando, FL",tropical
U03170,24,male,179.4,95.3,29.6,10.5,XL,normal,running,beginner,3,outdoor,10,45,Adidas|Jordan|Nike,retro,black,polyester,"San Diego, CA",hot
U03171,24,male,183.4,81.4,24.2,11.0,M,normal,yoga,intermediate,3,indoor,11,43,Nike|Jordan|Adidas,casual,multi,mesh,"Charlotte, NC",temperate
U03172,24,male,175.6,87.3,28.3,10.5,L,normal,yoga,beginner,4,indoor,15,56,Adidas|Nike,athleisure,grey,nylon,"Seattle, WA",temperate
U03173,26,female,155.4,68.3,28.3,7.5,XL,high,yoga,beginner,3,indoor,18,47,Jordan,performance,brown,polyester,"Charlotte, NC",temperate
U03174,36,female,168.3,54.1,19.1,9.5,S,low,lifestyle,intermediate,3,both,11,53,Adidas|Nike|Jordan,casual,green,knit,"San Francisco, CA",temperate
U03175,39,male,173.4,86.6,28.8,9.5,XL,low,skateboarding,intermediate,2,outdoor,14,83,Nike|Jordan|Adidas,casual,grey,nylon,"Philadelphia, PA",temperate
U03176,30,male,185.6,62.0,18.0,11.5,XS,normal,running,beginner,5,both,15,47,Nike|Adidas|Jordan,performance,white,polyester,"Miami, FL",tropical
U03177,35,female,179.0,70.5,22.0,11.0,L,normal,football,intermediate,4,both,16,107,Nike|Adidas,athleisure,blue,nylon,"Minneapolis, MN",cold
U03178,51,male,181.1,64.3,19.6,11.0,S,normal,yoga,advanced,5,indoor,56,130,Nike,performance,white,nylon,"Dallas, TX",hot
U03179,18,female,170.0,63.3,21.9,9.5,M,high,training,advanced,5,both,17,74,Nike,performance,navy,mesh,"Orlando, FL",tropical
U03180,37,female,159.1,61.5,24.3,7.0,M,normal,training,advanced,3,indoor,46,114,Nike|Adidas,performance,black,cotton,"Houston, TX",tropical
U03181,49,female,166.1,70.1,25.4,9.0,L,high,swimming,beginner,3,indoor,10,35,Nike|Jordan|Adidas,performance,red,mesh,"Detroit, MI",continental
U03182,29,male,162.4,62.0,23.5,7.0,M,high,basketball,beginner,3,indoor,47,105,Adidas,performance,brown,leather,"Detroit, MI",continental
U03183,19,female,160.4,74.1,28.8,8.0,XL,normal,running,intermediate,3,outdoor,45,149,Adidas|Jordan,performance,white,leather,"Philadelphia, PA",temperate
U03184,37,male,166.2,74.9,27.1,8.5,L,high,swimming,intermediate,4,both,84,191,Jordan|Adidas|Nike,performance,grey,synthetic,"Detroit, MI",continental
U03185,20,male,183.4,81.4,24.2,10.0,M,normal,yoga,intermediate,3,indoor,19,67,Adidas,performance,beige,fleece,"San Diego, CA",hot
U03186,41,male,185.0,62.3,18.2,12.0,XS,normal,tennis,intermediate,2,indoor,66,181,Jordan|Nike,performance,pink,mesh,"Detroit, MI",continental
U03187,20,female,167.1,61.2,21.9,9.5,M,normal,lifestyle,beginner,3,both,11,63,Nike|Adidas,athleisure,black,synthetic,"Miami, FL",tropical
U03188,33,female,165.1,76.0,27.9,9.0,XL,high,yoga,advanced,4,indoor,33,117,Nike|Adidas,performance,grey,fleece,"Los Angeles, CA",hot
U03189,49,male,183.9,68.3,20.2,11.0,S,high,outdoor,intermediate,4,outdoor,19,81,Adidas|Nike,performance,black,synthetic,"San Diego, CA",hot
U03190,46,female,171.7,78.4,26.6,10.5,L,normal,running,intermediate,2,both,38,98,Jordan|Adidas,performance,white,knit,"Chicago, IL",continental
U03191,39,female,155.5,56.3,23.3,7.5,M,normal,basketball,intermediate,2,indoor,34,110,Nike,retro,green,cotton,"Orlando, FL",tropical
U03192,20,female,169.0,69.1,24.2,9.0,M,high,outdoor,intermediate,2,outdoor,34,100,Adidas|Nike,performance,black,mesh,"Charlotte, NC",temperate
U03193,39,female,173.8,72.2,23.9,9.5,M,normal,yoga,advanced,4,indoor,37,165,Adidas|Jordan|Nike,athleisure,white,synthetic,"Phoenix, AZ",hot
U03194,19,male,176.9,64.2,20.5,10.5,S,normal,swimming,beginner,4,both,10,46,Nike,performance,black,cotton,"Miami, FL",tropical
U03195,40,male,183.9,86.2,25.5,11.5,L,normal,training,advanced,3,indoor,103,291,Adidas,performance,green,knit,"Las Vegas, NV",hot
U03196,46,male,164.5,63.9,23.6,7.5,M,normal,training,intermediate,4,both,28,100,Nike,performance,grey,knit,"Charlotte, NC",temperate
U03197,40,female,165.1,62.7,23.0,9.0,M,normal,training,beginner,5,indoor,17,60,Adidas|Nike,performance,blue,mesh,"Portland, OR",temperate
U03198,21,male,175.6,63.8,20.7,10.0,S,normal,yoga,beginner,2,indoor,22,49,Adidas,casual,black,nylon,"Minneapolis, MN",cold
U03199,49,male,169.1,79.2,27.7,9.0,L,normal,training,advanced,2,outdoor,29,157,Nike|Adidas,athleisure,brown,mesh,"Los Angeles, CA",hot
U03200,40,male,186.2,81.8,23.6,11.0,M,normal,training,beginner,4,indoor,13,37,Nike|Adidas,athleisure,purple,nylon,"Phoenix, AZ",hot
U03201,18,female,159.7,61.0,23.9,8.0,M,low,running,advanced,5,outdoor,15,89,Adidas|Jordan,performance,green,gore-tex,"Miami, FL",tropical
U03202,29,female,162.7,69.1,26.1,8.5,L,normal,training,beginner,2,outdoor,65,182,Nike|Jordan,athleisure,yellow,cotton,"Atlanta, GA",temperate
U03203,18,female,165.7,67.0,24.4,9.0,M,low,yoga,intermediate,4,indoor,14,43,Nike|Jordan|Adidas,performance,multi,nylon,"Boston, MA",continental
U03204,18,male,171.6,79.5,27.0,9.5,L,normal,running,beginner,5,both,22,60,Adidas|Nike,athleisure,blue,cotton,"Portland, OR",temperate
U03205,35,female,163.1,67.3,25.3,8.0,L,high,running,intermediate,2,outdoor,45,121,Jordan|Nike|Adidas,performance,purple,mesh,"Las Vegas, NV",hot
U03206,41,male,176.9,80.7,25.8,9.5,L,normal,tennis,intermediate,4,both,31,161,Nike|Adidas,performance,purple,knit,"San Francisco, CA",temperate
U03207,37,male,176.2,71.4,23.0,9.5,M,high,running,advanced,4,outdoor,45,192,Nike,performance,blue,rubber,"Boston, MA",continental
U03208,37,male,181.9,91.0,27.5,11.0,L,normal,running,beginner,2,outdoor,33,144,Nike,performance,black,fleece,"New York, NY",continental
U03209,24,female,169.4,61.7,21.5,10.0,M,normal,outdoor,intermediate,4,outdoor,32,95,Nike|Jordan,performance,navy,rubber,"Dallas, TX",hot
U03210,46,male,175.0,74.4,24.3,10.0,M,normal,yoga,advanced,3,both,66,291,Nike|Adidas,casual,green,synthetic,"Charlotte, NC",temperate
U03211,25,female,157.8,59.0,23.7,7.5,M,normal,training,beginner,4,indoor,31,101,Adidas|Nike,performance,red,knit,"Phoenix, AZ",hot
U03212,26,male,174.5,64.3,21.1,9.5,S,high,yoga,intermediate,4,indoor,57,201,Adidas|Nike,athleisure,pink,knit,"Dallas, TX",hot
U03213,34,female,162.7,59.8,22.6,8.5,M,normal,football,intermediate,3,outdoor,35,106,Adidas|Nike|Jordan,casual,black,fleece,"Los Angeles, CA",hot
U03214,44,male,180.0,76.5,23.6,10.5,M,high,football,advanced,2,outdoor,50,195,Nike,performance,black,knit,"Charlotte, NC",temperate
U03215,24,male,174.5,78.0,25.6,9.5,L,normal,training,beginner,2,indoor,20,46,Nike|Adidas,performance,white,cotton,"Denver, CO",cold
U03216,44,male,186.2,81.8,23.6,11.5,M,high,basketball,beginner,4,both,31,70,Adidas,performance,navy,nylon,"Minneapolis, MN",cold
U03217,18,female,152.8,70.0,30.0,6.5,XL,low,football,beginner,3,outdoor,15,58,Nike,casual,black,fleece,"Dallas, TX",hot
U03218,56,female,153.3,65.3,27.8,6.5,XL,normal,running,intermediate,3,outdoor,15,36,Adidas|Jordan,performance,black,synthetic,"Houston, TX",tropical
U03219,20,female,164.3,58.3,21.6,9.0,M,low,running,beginner,3,outdoor,19,50,Adidas,performance,multi,synthetic,"Orlando, FL",tropical
U03220,26,female,159.1,57.5,22.7,8.0,M,high,yoga,beginner,2,indoor,20,94,Nike,performance,green,cotton,"Minneapolis, MN",cold
U03221,44,male,175.6,84.8,27.5,10.0,L,normal,training,beginner,5,both,12,37,Nike,performance,grey,synthetic,"Philadelphia, PA",temperate
U03222,32,female,159.8,65.6,25.7,8.0,L,normal,outdoor,beginner,4,outdoor,11,43,Adidas|Jordan|Nike,performance,black,knit,"Chicago, IL",continental
U03223,18,female,166.6,52.5,18.9,9.0,S,normal,basketball,beginner,3,indoor,34,87,Nike|Adidas|Jordan,retro,black,mesh,"Atlanta, GA",temperate
U03224,19,female,166.6,52.5,18.9,8.5,S,normal,training,beginner,3,indoor,39,94,Nike|Adidas|Jordan,performance,grey,leather,"Atlanta, GA",temperate
U03225,49,female,163.7,61.4,22.9,8.5,M,high,lifestyle,intermediate,4,both,27,81,Nike,casual,black,mesh,"Phoenix, AZ",hot
U03226,58,female,179.0,51.3,16.0,11.5,S,normal,lifestyle,advanced,2,outdoor,49,146,Nike,athleisure,black,mesh,"Philadelphia, PA",temperate
U03227,50,female,173.1,54.5,18.2,10.0,XS,normal,swimming,beginner,2,indoor,23,63,Nike,performance,orange,nylon,"Dallas, TX",hot
U03228,20,female,167.9,70.5,25.0,9.5,L,normal,training,beginner,4,indoor,26,87,Jordan|Nike,performance,white,cotton,"Las Vegas, NV",hot
U03229,28,male,182.9,86.0,25.7,11.0,L,normal,training,intermediate,2,outdoor,24,84,Nike|Adidas|Jordan,performance,purple,gore-tex,"Houston, TX",tropical
U03230,51,male,169.6,83.7,29.1,8.5,XL,normal,running,intermediate,4,indoor,29,90,Nike,performance,multi,polyester,"Portland, OR",temperate
U03231,19,female,173.1,59.9,20.0,10.0,S,normal,training,beginner,2,indoor,37,94,Adidas|Nike,performance,blue,polyester,"New York, NY",continental
U03232,32,female,156.8,57.8,23.5,7.0,M,normal,running,beginner,4,indoor,15,43,Nike,athleisure,white,synthetic,"Atlanta, GA",temperate
U03233,43,female,176.0,64.7,20.9,10.5,S,high,training,intermediate,3,indoor,16,85,Nike|Jordan,performance,red,cotton,"Portland, OR",temperate
U03234,52,female,158.6,73.7,29.3,7.5,XL,high,basketball,intermediate,4,indoor,21,111,Nike|Adidas|Jordan,performance,multi,mesh,"Los Angeles, CA",hot
U03235,27,male,190.6,85.0,23.4,13.0,L,high,skateboarding,intermediate,4,outdoor,55,199,Jordan|Nike,casual,green,polyester,"Miami, FL",tropical
U03236,31,female,164.3,62.4,23.1,8.5,M,normal,training,beginner,4,indoor,14,39,Adidas|Nike,performance,black,cotton,"Phoenix, AZ",hot
U03237,23,male,176.2,69.2,22.3,9.5,S,low,training,beginner,2,both,11,40,Nike|Adidas,performance,yellow,synthetic,"Denver, CO",cold
U03238,32,male,173.4,86.6,28.8,10.0,XL,normal,training,intermediate,2,indoor,36,135,Nike,performance,navy,cotton,"Houston, TX",tropical
U03239,29,female,168.3,55.2,19.5,9.0,S,normal,running,beginner,3,indoor,37,89,Adidas,athleisure,blue,fleece,"Los Angeles, CA",hot
U03240,44,male,176.9,85.4,27.3,10.0,L,normal,running,advanced,2,both,74,180,Adidas|Jordan,performance,black,synthetic,"Seattle, WA",temperate
U03241,25,male,183.4,81.1,24.1,10.5,M,low,running,advanced,2,outdoor,46,157,Nike|Adidas,performance,blue,leather,"San Francisco, CA",temperate
U03242,30,male,178.8,94.9,29.7,11.0,XL,high,football,beginner,3,outdoor,25,69,Adidas,performance,green,leather,"Atlanta, GA",temperate
U03243,49,female,167.4,64.2,22.9,10.0,M,normal,training,advanced,5,both,25,88,Nike|Adidas,athleisure,grey,nylon,"Atlanta, GA",temperate
U03244,43,female,168.6,65.9,23.2,9.0,M,low,running,intermediate,4,outdoor,36,110,Adidas,performance,multi,gore-tex,"Boston, MA",continental
U03245,38,male,167.0,77.5,27.8,8.0,L,high,running,beginner,3,indoor,28,121,Nike,performance,black,fleece,"New York, NY",continental
U03246,52,female,161.8,53.9,20.6,8.5,S,normal,outdoor,intermediate,4,outdoor,18,60,Adidas,performance,black,polyester,"Philadelphia, PA",temperate
U03247,22,female,179.1,77.0,24.0,11.0,L,low,running,beginner,3,outdoor,13,38,Adidas|Nike|Jordan,performance,blue,fleece,"Chicago, IL",continental
U03248,21,male,184.5,63.7,18.7,11.5,XS,normal,tennis,intermediate,4,outdoor,21,73,Nike,athleisure,black,polyester,"Las Vegas, NV",hot
U03249,19,male,171.7,79.6,27.0,9.0,L,high,swimming,beginner,5,indoor,17,46,Jordan|Adidas|Nike,performance,red,leather,"Las Vegas, NV",hot
U03250,51,female,166.6,68.8,24.8,9.0,L,normal,running,intermediate,4,outdoor,52,228,Nike,performance,grey,knit,"Portland, OR",temperate
U03251,57,female,170.6,60.8,20.9,9.5,S,normal,training,intermediate,4,indoor,10,58,Adidas,retro,grey,nylon,"Las Vegas, NV",hot
U03252,18,female,160.4,74.1,28.8,8.5,XL,normal,training,intermediate,3,indoor,23,54,Nike|Adidas,performance,blue,fleece,"Denver, CO",cold
U03253,18,female,166.6,47.5,17.1,8.5,XS,normal,running,beginner,4,outdoor,19,74,Jordan,athleisure,black,leather,"Detroit, MI",continental
U03254,22,male,168.3,80.7,28.5,8.5,XL,normal,training,advanced,2,outdoor,23,103,Nike|Adidas|Jordan,performance,white,knit,"Houston, TX",tropical
U03255,28,male,181.9,76.8,23.2,10.5,M,normal,training,beginner,3,indoor,26,90,Nike|Adidas,performance,blue,gore-tex,"San Diego, CA",hot
U03256,53,female,173.1,67.4,22.5,10.0,M,normal,training,intermediate,3,both,22,97,Nike,performance,green,cotton,"Houston, TX",tropical
U03257,40,female,156.2,64.2,26.3,7.5,L,high,basketball,intermediate,5,both,47,127,Nike|Adidas|Jordan,casual,brown,polyester,"Seattle, WA",temperate
U03258,18,male,177.9,87.3,27.6,10.5,L,normal,basketball,advanced,2,indoor,17,70,Adidas,performance,white,mesh,"Orlando, FL",tropical
U03259,46,male,173.9,64.4,21.3,9.5,S,normal,training,advanced,3,indoor,90,200,Nike,performance,black,synthetic,"Las Vegas, NV",hot
U03260,18,female,175.3,49.2,16.0,10.5,XS,normal,running,advanced,2,outdoor,34,148,Nike|Jordan|Adidas,performance,grey,synthetic,"Chicago, IL",continental
U03261,44,female,172.3,61.7,20.8,10.0,S,normal,training,beginner,5,indoor,15,58,Adidas,casual,grey,knit,"Dallas, TX",hot
U03262,46,male,173.9,100.7,33.3,9.0,XXL,normal,swimming,beginner,4,indoor,12,39,Adidas|Nike,performance,blue,leather,"Miami, FL",tropical
U03263,52,male,185.6,78.5,22.8,11.0,M,normal,lifestyle,intermediate,2,indoor,17,115,Adidas,casual,red,fleece,"Orlando, FL",tropical
U03264,33,male,193.8,60.8,16.2,13.0,S,normal,football,advanced,2,indoor,34,224,Nike|Jordan|Adidas,performance,grey,mesh,"Las Vegas, NV",hot
U03265,20,female,156.8,64.9,26.4,8.0,L,low,yoga,beginner,3,both,10,43,Nike,performance,white,polyester,"Chicago, IL",continental
U03266,30,female,176.0,64.4,20.8,10.5,S,normal,football,beginner,3,both,10,52,Nike,performance,black,synthetic,"Orlando, FL",tropical
U03267,30,female,172.3,56.1,18.9,9.5,S,normal,training,intermediate,3,indoor,56,147,Nike|Adidas|Jordan,performance,orange,leather,"Las Vegas, NV",hot
U03268,23,female,165.7,48.9,17.8,9.0,XS,normal,training,intermediate,3,indoor,73,177,Nike|Adidas,performance,green,nylon,"San Diego, CA",hot
U03269,18,male,180.6,89.4,27.4,10.5,L,normal,tennis,advanced,3,outdoor,55,201,Nike|Adidas,performance,purple,polyester,"Charlotte, NC",temperate
U03270,45,female,172.8,59.7,20.0,10.5,S,high,training,beginner,5,indoor,22,72,Adidas|Jordan,performance,black,cotton,"Orlando, FL",tropical
U03271,19,male,180.6,73.7,22.6,11.0,M,normal,running,intermediate,3,indoor,26,78,Nike|Adidas,performance,purple,synthetic,"Philadelphia, PA",temperate
U03272,24,male,175.0,64.9,21.2,9.5,S,high,training,beginner,4,both,10,53,Adidas,performance,brown,nylon,"Houston, TX",tropical
U03273,31,female,159.1,49.9,19.7,8.0,S,low,running,intermediate,3,outdoor,17,60,Adidas|Jordan,performance,yellow,gore-tex,"Miami, FL",tropical
U03274,32,female,165.1,76.0,27.9,9.0,XL,high,yoga,advanced,4,indoor,68,155,Nike,casual,black,polyester,"Atlanta, GA",temperate
U03275,27,male,182.9,65.2,19.5,11.0,S,normal,tennis,beginner,4,outdoor,22,104,Jordan,performance,grey,synthetic,"Dallas, TX",hot
U03276,20,female,159.1,52.4,20.7,8.5,S,normal,lifestyle,intermediate,5,both,15,88,Adidas,athleisure,multi,rubber,"Phoenix, AZ",hot
U03277,42,female,174.8,71.5,23.4,10.5,M,normal,training,intermediate,5,both,19,81,Adidas|Nike,performance,blue,mesh,"Minneapolis, MN",cold
U03278,24,male,183.9,84.9,25.1,11.5,M,normal,lifestyle,advanced,2,both,31,100,Nike,athleisure,green,fleece,"Portland, OR",temperate
U03279,23,female,172.3,47.5,16.0,9.5,XS,normal,training,intermediate,3,both,35,85,Jordan|Adidas,performance,white,leather,"Minneapolis, MN",cold
U03280,35,male,188.1,68.3,19.3,12.0,XS,normal,outdoor,intermediate,4,outdoor,16,63,Adidas|Nike,performance,blue,synthetic,"Seattle, WA",temperate
U03281,18,male,193.8,78.5,20.9,12.5,M,high,training,intermediate,5,indoor,15,59,Nike,casual,grey,mesh,"Phoenix, AZ",hot
U03282,18,male,182.9,66.6,19.9,11.0,S,high,football,advanced,2,outdoor,65,258,Nike,performance,orange,synthetic,"Portland, OR",temperate
U03283,31,female,163.7,48.8,18.2,9.0,XS,normal,training,beginner,2,indoor,17,42,Nike,performance,black,knit,"Philadelphia, PA",temperate
U03284,25,female,165.1,67.1,24.6,8.0,L,high,training,intermediate,4,outdoor,22,75,Jordan,athleisure,blue,leather,"Las Vegas, NV",hot
U03285,23,male,174.5,74.3,24.4,9.5,M,low,training,intermediate,4,indoor,24,97,Nike|Adidas,performance,brown,cotton,"Denver, CO",cold
U03286,30,female,157.8,49.6,19.9,8.0,S,normal,yoga,advanced,5,both,28,137,Adidas|Nike,athleisure,purple,rubber,"Denver, CO",cold
U03287,26,male,186.2,103.3,29.8,12.0,XL,normal,training,intermediate,3,indoor,20,109,Nike|Adidas,performance,orange,knit,"San Francisco, CA",temperate
U03288,27,male,176.9,75.1,24.0,9.5,M,normal,running,intermediate,4,outdoor,67,151,Adidas,performance,black,leather,"New York, NY",continental
U03289,21,male,175.0,67.4,22.0,10.0,S,high,training,intermediate,2,indoor,13,45,Jordan|Adidas,casual,navy,knit,"Dallas, TX",hot
U03290,49,female,162.7,54.3,20.5,8.5,S,high,yoga,intermediate,4,outdoor,25,144,Adidas,performance,white,synthetic,"Boston, MA",continental
U03291,48,male,175.0,84.8,27.7,10.0,L,high,outdoor,beginner,4,outdoor,22,51,Jordan,performance,multi,knit,"Houston, TX",tropical
U03292,49,female,155.5,73.5,30.4,7.5,XL,normal,yoga,intermediate,2,both,41,93,Nike|Adidas,athleisure,navy,knit,"Houston, TX",tropical
U03293,39,male,171.7,66.6,22.6,9.0,M,normal,football,advanced,2,outdoor,82,370,Jordan|Nike,performance,brown,cotton,"Minneapolis, MN",cold
U03294,25,male,175.1,76.0,24.8,10.0,M,normal,yoga,beginner,2,indoor,10,36,Adidas,performance,black,mesh,"Atlanta, GA",temperate
U03295,20,male,176.9,64.2,20.5,10.0,S,low,training,beginner,4,both,30,68,Nike,performance,yellow,cotton,"San Diego, CA",hot
U03296,32,male,172.2,64.9,21.9,9.0,S,high,tennis,beginner,3,indoor,16,104,Adidas|Nike,performance,grey,mesh,"Boston, MA",continental
U03297,19,male,186.2,87.0,25.1,12.0,M,low,running,beginner,5,indoor,10,40,Nike,performance,blue,polyester,"Chicago, IL",continental
U03298,19,female,160.9,71.7,27.7,8.5,XL,normal,running,beginner,2,both,11,40,Nike,performance,yellow,mesh,"Denver, CO",cold
U03299,48,female,173.1,51.8,17.3,9.5,XS,high,training,intermediate,3,outdoor,34,90,Nike|Adidas|Jordan,athleisure,black,polyester,"New York, NY",continental
U03300,20,male,183.9,92.7,27.4,11.5,L,low,training,intermediate,5,indoor,17,64,Nike,casual,black,mesh,"Los Angeles, CA",hot
U03301,53,female,171.7,89.6,30.4,11.0,XL,low,training,beginner,3,both,17,67,Nike|Adidas,performance,black,polyester,"Chicago, IL",continental
U03302,29,male,162.4,82.5,31.3,8.0,XL,normal,running,advanced,3,outdoor,89,240,Adidas|Jordan,performance,blue,mesh,"Houston, TX",tropical
U03303,36,female,157.4,52.5,21.2,8.0,S,normal,training,advanced,4,both,57,142,Nike,performance,pink,leather,"San Diego, CA",hot
U03304,52,female,168.6,64.0,22.5,8.5,M,high,football,beginner,3,outdoor,17,96,Adidas|Nike,performance,beige,polyester,"Las Vegas, NV",hot
U03305,28,female,155.5,65.3,27.0,7.0,L,low,outdoor,beginner,3,outdoor,23,117,Jordan|Nike,performance,green,cotton,"Chicago, IL",continental
U03306,53,female,163.1,49.5,18.6,8.5,S,normal,yoga,beginner,3,indoor,27,78,Nike,performance,red,leather,"Charlotte, NC",temperate
U03307,33,male,193.8,60.8,16.2,13.0,S,normal,running,intermediate,3,both,32,131,Nike,performance,blue,synthetic,"Las Vegas, NV",hot
U03308,31,male,185.0,62.3,18.2,12.0,XS,normal,yoga,beginner,3,indoor,18,51,Adidas|Nike|Jordan,casual,blue,leather,"San Diego, CA",hot
U03309,18,female,163.1,72.6,27.3,8.5,L,normal,training,advanced,3,indoor,10,45,Nike,performance,grey,mesh,"Atlanta, GA",temperate
U03310,18,female,166.1,90.2,32.7,10.5,XXL,normal,running,intermediate,3,outdoor,43,110,Jordan|Nike,retro,orange,cotton,"Portland, OR",temperate
U03311,23,female,179.1,82.8,25.8,11.0,XL,normal,training,beginner,3,indoor,18,74,Adidas|Nike,performance,grey,rubber,"Portland, OR",temperate
U03312,46,female,175.3,49.2,16.0,10.0,XS,high,football,intermediate,2,outdoor,29,116,Adidas|Nike,performance,white,synthetic,"Atlanta, GA",temperate
U03313,21,male,189.7,59.4,16.5,12.5,XS,normal,running,beginner,2,outdoor,16,78,Jordan|Adidas,athleisure,brown,leather,"Orlando, FL",tropical
U03314,48,female,155.5,63.8,26.4,8.0,L,normal,basketball,intermediate,4,both,18,83,Nike|Adidas,casual,purple,synthetic,"Detroit, MI",continental
U03315,36,female,165.1,76.0,27.9,9.5,XL,low,training,advanced,4,indoor,68,205,Nike|Adidas,performance,green,polyester,"Las Vegas, NV",hot
U03316,43,female,154.0,77.3,32.6,7.0,XXL,normal,running,beginner,4,outdoor,39,121,Nike|Adidas,performance,red,mesh,"Minneapolis, MN",cold
U03317,46,male,167.6,90.2,32.1,9.0,XL,low,running,intermediate,4,outdoor,55,139,Adidas|Jordan,athleisure,grey,synthetic,"Boston, MA",continental
U03318,30,male,182.0,91.4,27.6,11.0,L,low,training,beginner,4,indoor,39,114,Nike|Adidas|Jordan,athleisure,green,mesh,"Detroit, MI",continental
U03319,18,male,170.2,66.0,22.8,8.5,M,normal,training,intermediate,2,indoor,42,152,Jordan,casual,green,cotton,"Philadelphia, PA",temperate
U03320,44,female,161.4,49.0,18.8,8.0,S,normal,tennis,advanced,3,outdoor,39,99,Jordan,performance,blue,gore-tex,"Denver, CO",cold
U03321,22,female,170.1,61.1,21.1,9.5,S,normal,training,beginner,4,indoor,11,72,Nike|Adidas,athleisure,grey,knit,"Detroit, MI",continental
U03322,29,female,170.6,71.9,24.7,10.0,L,normal,training,intermediate,3,indoor,29,81,Jordan,performance,black,synthetic,"San Francisco, CA",temperate
U03323,31,male,175.6,78.0,25.3,9.5,M,normal,football,beginner,2,outdoor,13,41,Adidas|Nike|Jordan,performance,navy,knit,"Charlotte, NC",temperate
U03324,55,female,168.6,76.8,27.0,9.5,L,normal,running,beginner,4,outdoor,13,58,Nike,performance,blue,synthetic,"Detroit, MI",continental
U03325,20,male,171.7,86.7,29.4,9.0,XL,normal,running,beginner,4,outdoor,38,111,Adidas,athleisure,red,synthetic,"Seattle, WA",temperate
U03326,60,male,176.9,64.2,20.5,10.5,S,normal,training,advanced,4,indoor,48,108,Adidas,performance,black,polyester,"Orlando, FL",tropical
U03327,21,female,161.4,62.5,24.0,8.0,M,low,running,beginner,4,outdoor,10,35,Nike,performance,red,cotton,"Denver, CO",cold
U03328,47,female,172.4,72.2,24.3,10.5,M,normal,training,beginner,4,indoor,12,35,Nike|Jordan,performance,yellow,synthetic,"Charlotte, NC",temperate
U03329,54,female,168.3,69.1,24.4,9.5,M,low,yoga,intermediate,3,indoor,36,128,Nike,athleisure,navy,mesh,"Las Vegas, NV",hot
U03330,41,male,173.4,91.1,30.3,9.5,XL,normal,football,intermediate,2,outdoor,20,76,Adidas|Jordan|Nike,casual,blue,mesh,"Charlotte, NC",temperate
U03331,23,female,179.4,55.4,17.2,11.0,S,high,training,intermediate,4,both,10,37,Nike,athleisure,multi,fleece,"Miami, FL",tropical
U03332,46,female,164.3,67.5,25.0,8.5,L,normal,tennis,intermediate,2,outdoor,13,58,Adidas|Nike,retro,red,fleece,"Las Vegas, NV",hot
U03333,59,male,172.2,65.2,22.0,9.0,S,normal,running,intermediate,3,both,20,92,Nike|Jordan,performance,orange,mesh,"Dallas, TX",hot
U03334,28,male,186.2,86.7,25.0,11.5,M,low,running,advanced,3,outdoor,88,229,Adidas,performance,white,nylon,"Dallas, TX",hot
U03335,49,female,165.7,48.9,17.8,9.0,XS,normal,yoga,advanced,4,indoor,34,137,Nike|Jordan|Adidas,athleisure,black,rubber,"Miami, FL",tropical
U03336,23,female,164.3,59.7,22.1,8.5,M,high,training,beginner,3,indoor,22,70,Nike,performance,beige,polyester,"Boston, MA",continental
U03337,42,male,182.0,70.2,21.2,10.5,S,normal,running,advanced,4,outdoor,52,242,Adidas|Nike,performance,beige,synthetic,"Philadelphia, PA",temperate
U03338,30,female,165.7,79.6,29.0,9.0,XL,normal,tennis,intermediate,4,outdoor,16,76,Nike,performance,black,knit,"San Francisco, CA",temperate
U03339,22,female,174.4,74.8,24.6,10.5,L,low,training,beginner,3,outdoor,17,51,Jordan,performance,multi,nylon,"Seattle, WA",temperate
U03340,34,female,174.4,59.3,19.5,10.5,S,high,running,intermediate,4,outdoor,27,82,Adidas,performance,pink,leather,"Phoenix, AZ",hot
U03341,19,female,169.0,79.1,27.7,10.0,XL,normal,yoga,beginner,5,indoor,20,67,Nike,casual,white,knit,"Detroit, MI",continental
U03342,19,female,159.1,55.2,21.8,7.5,M,low,training,beginner,3,both,15,41,Nike|Jordan|Adidas,retro,black,cotton,"Atlanta, GA",temperate
U03343,47,male,170.8,79.3,27.2,9.0,L,normal,running,beginner,3,both,13,39,Adidas|Jordan,casual,red,nylon,"Chicago, IL",continental
U03344,21,male,181.6,64.3,19.5,10.5,S,normal,running,advanced,3,both,29,138,Adidas|Nike|Jordan,performance,black,nylon,"Boston, MA",continental
U03345,20,male,174.5,97.1,31.9,10.0,XL,normal,training,intermediate,5,outdoor,23,137,Jordan|Nike,retro,pink,fleece,"Houston, TX",tropical
U03346,53,female,160.4,49.4,19.2,8.5,S,high,yoga,advanced,4,both,47,204,Nike|Adidas,athleisure,yellow,leather,"Los Angeles, CA",hot
U03347,52,male,176.2,73.9,23.8,10.0,M,high,yoga,intermediate,3,indoor,45,160,Nike|Adidas|Jordan,athleisure,blue,polyester,"Miami, FL",tropical
U03348,39,female,156.3,49.3,20.2,7.0,S,normal,running,intermediate,4,both,33,154,Adidas|Jordan,casual,yellow,nylon,"Portland, OR",temperate
U03349,18,female,156.9,70.4,28.6,7.5,XL,high,training,intermediate,2,indoor,26,88,Nike|Adidas|Jordan,performance,red,fleece,"Charlotte, NC",temperate
U03350,27,male,175.1,79.4,25.9,9.0,L,high,football,intermediate,2,outdoor,13,82,Nike,retro,navy,cotton,"Chicago, IL",continental
U03351,34,female,160.9,72.2,27.9,8.0,XL,normal,training,intermediate,5,outdoor,21,73,Adidas|Nike,casual,grey,cotton,"San Francisco, CA",temperate
U03352,24,male,175.6,87.3,28.3,10.0,L,normal,yoga,beginner,4,indoor,10,35,Nike|Adidas,athleisure,red,fleece,"Charlotte, NC",temperate
U03353,28,male,173.9,64.4,21.3,9.0,S,normal,running,beginner,3,both,47,107,Adidas,athleisure,multi,cotton,"Philadelphia, PA",temperate
U03354,29,male,167.0,76.4,27.4,8.0,L,normal,training,beginner,4,both,24,57,Nike,performance,black,knit,"Atlanta, GA",temperate
U03355,18,female,160.4,64.8,25.2,7.5,L,normal,football,beginner,4,outdoor,15,35,Jordan|Adidas|Nike,performance,black,synthetic,"Orlando, FL",tropical
U03356,40,female,164.3,70.7,26.2,9.0,L,normal,football,intermediate,4,outdoor,61,176,Nike|Adidas,retro,red,fleece,"Philadelphia, PA",temperate
U03357,31,female,179.5,80.2,24.9,11.0,XL,high,training,intermediate,5,outdoor,48,109,Adidas,athleisure,multi,mesh,"San Diego, CA",hot
U03358,56,male,175.7,82.4,26.7,9.5,L,normal,running,intermediate,4,outdoor,27,129,Adidas|Nike|Jordan,performance,blue,synthetic,"Minneapolis, MN",cold
U03359,42,female,159.8,54.9,21.5,8.0,M,normal,running,intermediate,3,outdoor,29,94,Nike|Adidas|Jordan,athleisure,grey,fleece,"Chicago, IL",continental
U03360,46,female,163.1,66.2,24.9,9.0,L,normal,tennis,beginner,4,indoor,18,47,Nike|Adidas,retro,multi,cotton,"San Diego, CA",hot
U03361,35,female,160.4,49.4,19.2,8.5,S,high,running,intermediate,3,outdoor,37,127,Jordan,performance,white,synthetic,"Denver, CO",cold
U03362,45,male,180.0,94.9,29.3,11.5,XL,normal,football,intermediate,4,outdoor,28,131,Nike,performance,white,polyester,"Detroit, MI",continental
U03363,28,female,160.4,66.9,26.0,7.5,L,normal,basketball,advanced,4,indoor,51,147,Nike|Jordan|Adidas,performance,grey,cotton,"Orlando, FL",tropical
U03364,23,female,166.1,57.4,20.8,9.0,S,normal,basketball,advanced,4,indoor,104,235,Jordan,retro,blue,cotton,"Las Vegas, NV",hot
U03365,45,male,188.1,91.6,25.9,12.0,L,low,running,intermediate,2,both,48,156,Nike,performance,black,knit,"Detroit, MI",continental
U03366,36,male,176.2,64.0,20.6,10.0,S,low,yoga,intermediate,4,indoor,30,133,Nike,performance,grey,gore-tex,"Miami, FL",tropical
U03367,45,female,171.7,74.3,25.2,10.5,L,normal,basketball,intermediate,2,indoor,11,66,Adidas|Nike,performance,navy,mesh,"Orlando, FL",tropical
U03368,44,male,177.4,76.2,24.2,10.0,M,low,training,beginner,4,indoor,10,38,Adidas,performance,black,polyester,"Portland, OR",temperate
U03369,20,female,161.4,57.6,22.1,8.0,M,high,running,intermediate,5,outdoor,54,142,Nike|Adidas|Jordan,performance,blue,polyester,"Phoenix, AZ",hot
U03370,26,male,179.4,64.7,20.1,10.0,S,normal,training,intermediate,4,indoor,12,42,Nike|Adidas,performance,white,mesh,"Charlotte, NC",temperate
U03371,53,male,173.9,74.1,24.5,9.5,M,normal,football,intermediate,4,outdoor,21,101,Nike|Adidas|Jordan,performance,black,mesh,"Seattle, WA",temperate
U03372,42,male,171.7,66.6,22.6,9.0,M,normal,lifestyle,advanced,2,both,71,175,Jordan,retro,beige,leather,"Chicago, IL",continental
U03373,52,female,164.3,54.3,20.1,8.5,S,normal,running,advanced,2,outdoor,38,134,Adidas|Nike,performance,grey,mesh,"Boston, MA",continental
U03374,30,male,181.1,89.2,27.2,11.0,L,normal,training,beginner,2,indoor,25,64,Nike|Adidas,athleisure,blue,gore-tex,"Minneapolis, MN",cold
U03375,20,male,183.4,89.5,26.6,11.5,L,high,running,beginner,4,outdoor,25,64,Nike|Adidas|Jordan,performance,blue,fleece,"New York, NY",continental
U03376,30,male,170.8,84.6,29.0,9.0,XL,normal,training,intermediate,5,indoor,30,82,Adidas,performance,black,gore-tex,"Dallas, TX",hot
U03377,33,male,170.8,84.6,29.0,9.5,XL,normal,lifestyle,intermediate,5,indoor,67,152,Nike,casual,navy,rubber,"Atlanta, GA",temperate
U03378,18,male,189.2,71.6,20.0,12.5,S,normal,training,beginner,3,outdoor,28,68,Nike|Adidas,retro,white,knit,"Los Angeles, CA",hot
U03379,18,male,185.1,83.9,24.5,11.5,M,normal,outdoor,beginner,5,outdoor,10,49,Nike|Adidas,performance,navy,polyester,"Atlanta, GA",temperate
U03380,48,female,166.6,68.8,24.8,9.0,L,normal,tennis,intermediate,4,outdoor,19,74,Adidas,performance,black,synthetic,"Phoenix, AZ",hot
U03381,31,female,165.1,71.7,26.3,9.0,L,normal,training,beginner,4,indoor,27,63,Adidas|Jordan,performance,orange,mesh,"Charlotte, NC",temperate
U03382,36,male,175.7,78.1,25.3,9.5,M,normal,training,beginner,2,outdoor,55,158,Jordan,performance,purple,synthetic,"Los Angeles, CA",hot
U03383,49,male,173.9,88.3,29.2,9.5,XL,normal,basketball,intermediate,4,indoor,22,76,Adidas,performance,multi,mesh,"Seattle, WA",temperate
U03384,30,female,162.7,69.1,26.1,9.0,L,low,training,beginner,2,indoor,51,124,Adidas,performance,brown,rubber,"Orlando, FL",tropical
U03385,26,male,180.0,77.4,23.9,10.5,M,normal,training,advanced,2,indoor,27,79,Nike|Adidas,athleisure,red,fleece,"Houston, TX",tropical
U03386,22,male,181.1,91.5,27.9,11.0,L,normal,training,beginner,3,indoor,10,37,Adidas,performance,black,fleece,"Seattle, WA",temperate
U03387,27,male,170.9,66.3,22.7,9.0,M,low,training,beginner,2,indoor,12,52,Adidas,performance,black,mesh,"Portland, OR",temperate
U03388,57,male,193.9,60.9,16.2,13.5,S,high,training,beginner,2,indoor,32,79,Nike|Adidas,performance,black,mesh,"Boston, MA",continental
U03389,23,male,175.1,76.0,24.8,10.0,M,high,training,beginner,2,both,22,55,Adidas,performance,yellow,knit,"Seattle, WA",temperate
U03390,51,female,162.7,54.0,20.4,8.5,S,high,running,beginner,3,both,48,113,Nike|Adidas,performance,green,fleece,"Las Vegas, NV",hot
U03391,34,female,159.8,65.6,25.7,8.0,L,normal,running,beginner,4,outdoor,22,57,Nike|Adidas,athleisure,white,cotton,"Detroit, MI",continental
U03392,42,male,182.0,70.2,21.2,11.0,S,normal,running,advanced,4,both,33,161,Adidas|Nike,athleisure,white,cotton,"Los Angeles, CA",hot
U03393,25,female,162.7,61.9,23.4,8.5,M,normal,outdoor,intermediate,3,outdoor,24,91,Nike,performance,black,mesh,"Miami, FL",tropical
U03394,48,female,173.1,67.4,22.5,9.5,M,normal,running,intermediate,3,both,61,246,Adidas,performance,multi,synthetic,"Phoenix, AZ",hot
U03395,32,female,163.1,62.5,23.5,9.0,M,high,training,beginner,3,indoor,10,41,Jordan|Nike,performance,white,synthetic,"Denver, CO",cold
U03396,22,male,185.6,62.3,18.1,12.5,XS,normal,training,advanced,4,indoor,42,109,Adidas,performance,yellow,rubber,"Minneapolis, MN",cold
U03397,49,male,178.8,90.5,28.3,11.0,L,normal,training,beginner,3,indoor,10,43,Nike,performance,green,polyester,"San Diego, CA",hot
U03398,51,male,173.9,88.3,29.2,10.0,XL,normal,training,intermediate,4,indoor,39,134,Nike|Jordan,performance,orange,mesh,"Houston, TX",tropical
U03399,59,female,164.3,81.5,30.2,9.5,XL,high,training,advanced,2,indoor,34,84,Nike,performance,red,synthetic,"Miami, FL",tropical
U03400,35,female,176.0,80.2,25.9,10.5,L,normal,running,intermediate,4,outdoor,87,226,Adidas|Nike,performance,black,polyester,"Boston, MA",continental
U03401,38,male,182.0,91.1,27.5,11.0,L,high,training,beginner,2,both,15,67,Nike,performance,white,polyester,"Denver, CO",cold
U03402,36,male,185.1,86.3,25.2,12.0,M,normal,running,beginner,4,indoor,12,77,Jordan,casual,beige,synthetic,"Chicago, IL",continental
U03403,47,female,163.1,49.5,18.6,8.0,S,high,outdoor,beginner,2,outdoor,22,79,Nike|Adidas|Jordan,casual,navy,fleece,"Phoenix, AZ",hot
U03404,22,male,173.4,72.8,24.2,9.0,M,normal,lifestyle,intermediate,2,indoor,28,85,Nike|Adidas,retro,red,synthetic,"New York, NY",continental
U03405,41,female,165.1,67.3,24.7,8.5,L,high,running,intermediate,3,outdoor,45,111,Nike,performance,blue,mesh,"Chicago, IL",continental
U03406,35,female,161.8,69.1,26.4,8.5,L,high,training,intermediate,4,indoor,34,109,Adidas,performance,grey,fleece,"Las Vegas, NV",hot
U03407,22,male,171.7,91.4,31.0,9.0,XL,normal,training,beginner,2,indoor,15,66,Nike|Jordan,athleisure,pink,rubber,"Dallas, TX",hot
U03408,56,male,176.2,78.2,25.2,9.5,M,high,swimming,intermediate,4,indoor,22,61,Nike|Jordan,performance,purple,knit,"Houston, TX",tropical
U03409,28,female,160.4,59.2,23.0,8.0,M,normal,yoga,intermediate,4,indoor,19,69,Jordan|Nike,casual,white,polyester,"Boston, MA",continental
U03410,25,female,179.5,59.6,18.5,11.0,M,high,training,intermediate,3,outdoor,59,148,Adidas,athleisure,black,synthetic,"Los Angeles, CA",hot
U03411,28,female,156.9,60.8,24.7,6.5,L,normal,running,advanced,3,outdoor,26,165,Adidas|Jordan|Nike,casual,black,synthetic,"Las Vegas, NV",hot
U03412,52,male,173.9,74.1,24.5,9.0,M,normal,training,intermediate,4,indoor,12,45,Jordan|Nike,performance,brown,nylon,"Chicago, IL",continental
U03413,29,male,179.4,76.3,23.7,10.5,M,normal,running,beginner,4,outdoor,15,53,Nike|Adidas,performance,pink,gore-tex,"Dallas, TX",hot
U03414,23,female,171.0,69.3,23.7,10.0,M,normal,basketball,advanced,4,both,84,257,Nike|Adidas|Jordan,performance,pink,mesh,"New York, NY",continental
U03415,30,female,164.3,66.4,24.6,9.0,L,normal,yoga,beginner,3,indoor,16,61,Nike,athleisure,black,polyester,"Orlando, FL",tropical
U03416,27,male,175.1,65.0,21.2,10.0,S,high,tennis,beginner,4,outdoor,14,52,Adidas,performance,grey,mesh,"Detroit, MI",continental
U03417,32,male,182.0,87.1,26.3,11.0,L,high,training,advanced,2,indoor,33,88,Jordan,performance,black,cotton,"Orlando, FL",tropical
U03418,31,female,172.4,60.9,20.5,9.5,S,normal,running,beginner,3,outdoor,10,51,Nike,performance,pink,fleece,"Seattle, WA",temperate
U03419,30,female,168.3,67.1,23.7,9.5,M,normal,basketball,intermediate,2,outdoor,14,64,Nike,retro,grey,knit,"Miami, FL",tropical
U03420,42,male,175.1,91.1,29.7,9.5,XL,high,yoga,intermediate,2,indoor,23,126,Jordan|Adidas|Nike,athleisure,multi,leather,"San Francisco, CA",temperate
U03421,27,male,180.0,93.6,28.9,11.0,XL,normal,running,intermediate,2,outdoor,24,107,Nike|Jordan|Adidas,performance,pink,gore-tex,"Chicago, IL",continental
U03422,30,female,164.3,60.7,22.5,9.0,M,normal,training,advanced,4,both,43,142,Jordan|Adidas,performance,black,synthetic,"Houston, TX",tropical
U03423,19,male,173.9,79.2,26.2,10.0,L,normal,football,advanced,4,outdoor,20,98,Nike|Jordan,casual,black,mesh,"Las Vegas, NV",hot
U03424,50,female,168.6,54.9,19.3,9.0,S,normal,training,intermediate,5,indoor,34,199,Nike,performance,black,synthetic,"Atlanta, GA",temperate
U03425,59,female,154.8,76.2,31.8,8.0,XXL,normal,yoga,beginner,4,indoor,18,40,Adidas,athleisure,white,synthetic,"Detroit, MI",continental
U03426,23,male,172.5,64.9,21.8,10.0,S,normal,running,beginner,3,indoor,11,40,Nike,performance,multi,polyester,"Miami, FL",tropical
U03427,36,female,174.4,80.3,26.4,10.5,L,normal,running,intermediate,4,indoor,38,95,Jordan|Adidas,athleisure,multi,leather,"Seattle, WA",temperate
U03428,28,female,157.8,68.5,27.5,8.0,XL,high,training,intermediate,5,indoor,38,101,Nike|Adidas,athleisure,white,mesh,"Seattle, WA",temperate
U03429,28,male,183.4,82.7,24.6,11.0,M,high,training,intermediate,5,both,26,129,Jordan|Nike,performance,white,polyester,"Minneapolis, MN",cold
U03430,24,male,193.9,84.6,22.5,13.5,L,normal,tennis,advanced,3,indoor,61,200,Nike|Jordan|Adidas,retro,white,leather,"New York, NY",continental
U03431,46,male,178.0,72.6,22.9,10.5,M,high,running,intermediate,5,outdoor,48,150,Adidas,performance,blue,mesh,"Los Angeles, CA",hot
U03432,18,male,179.4,74.3,23.1,10.0,M,normal,yoga,intermediate,3,indoor,47,239,Nike,athleisure,blue,fleece,"Charlotte, NC",temperate
U03433,30,male,178.8,94.9,29.7,10.5,XL,low,running,beginner,3,outdoor,10,35,Nike,casual,blue,gore-tex,"Phoenix, AZ",hot
U03434,35,female,163.1,62.5,23.5,8.5,M,normal,training,beginner,3,indoor,16,72,Jordan|Nike|Adidas,athleisure,black,gore-tex,"Las Vegas, NV",hot
U03435,48,male,175.1,74.5,24.3,9.5,M,low,yoga,advanced,3,indoor,30,133,Nike|Adidas,athleisure,white,cotton,"Las Vegas, NV",hot
U03436,24,male,179.4,95.3,29.6,11.0,XL,low,running,beginner,3,outdoor,29,124,Nike,performance,blue,knit,"Denver, CO",cold
U03437,41,male,179.4,91.1,28.3,11.0,L,high,football,beginner,4,both,16,70,Adidas|Jordan|Nike,performance,black,fleece,"Atlanta, GA",temperate
U03438,37,female,169.4,77.2,26.9,9.5,L,normal,training,intermediate,3,indoor,14,45,Jordan,performance,red,mesh,"Atlanta, GA",temperate
U03439,22,female,171.1,67.6,23.1,10.0,M,normal,basketball,advanced,3,both,39,162,Nike,retro,black,polyester,"Houston, TX",tropical
U03440,50,male,183.4,84.8,25.2,11.5,M,normal,training,intermediate,5,indoor,45,117,Adidas,performance,grey,nylon,"Boston, MA",continental
U03441,30,female,158.6,63.6,25.3,7.5,L,normal,running,beginner,5,outdoor,15,89,Adidas,athleisure,green,gore-tex,"New York, NY",continental
U03442,32,male,175.7,80.9,26.2,10.0,L,normal,training,intermediate,3,indoor,26,77,Nike|Adidas,casual,navy,cotton,"Denver, CO",cold
U03443,37,male,181.1,64.6,19.7,10.0,S,normal,training,beginner,5,indoor,29,75,Nike|Jordan|Adidas,athleisure,beige,gore-tex,"Charlotte, NC",temperate
U03444,44,female,179.6,75.2,23.3,11.5,L,normal,outdoor,beginner,2,outdoor,16,58,Adidas,performance,white,mesh,"San Francisco, CA",temperate
U03445,35,male,185.1,86.3,25.2,12.0,M,normal,swimming,beginner,4,both,12,49,Nike|Adidas,athleisure,black,mesh,"Orlando, FL",tropical
U03446,41,female,159.8,54.1,21.2,8.0,S,normal,outdoor,beginner,2,outdoor,18,75,Jordan,performance,blue,polyester,"Detroit, MI",continental
U03447,57,female,163.7,64.3,24.0,8.5,M,high,running,beginner,3,both,14,57,Jordan|Nike,athleisure,white,rubber,"Dallas, TX",hot
U03448,61,female,167.1,64.2,23.0,9.0,M,normal,training,intermediate,2,both,25,134,Nike,performance,black,mesh,"Philadelphia, PA",temperate
U03449,25,female,164.3,66.4,24.6,8.5,L,high,training,advanced,3,both,54,167,Adidas,athleisure,black,leather,"Portland, OR",temperate
U03450,45,female,149.2,70.6,31.7,6.5,XXL,high,tennis,beginner,3,outdoor,28,84,Adidas,retro,navy,rubber,"Philadelphia, PA",temperate
U03451,19,male,177.4,72.7,23.1,9.5,M,normal,football,intermediate,2,outdoor,14,52,Nike|Adidas|Jordan,casual,grey,nylon,"New York, NY",continental
U03452,40,female,159.8,65.4,25.6,8.0,L,low,training,advanced,3,outdoor,129,296,Nike,casual,white,synthetic,"Las Vegas, NV",hot
U03453,19,female,163.1,55.9,21.0,8.0,S,normal,lifestyle,beginner,5,both,16,38,Jordan,athleisure,grey,nylon,"Minneapolis, MN",cold
U03454,42,male,178.8,84.4,26.4,10.5,L,high,training,advanced,2,both,58,241,Jordan,performance,green,synthetic,"Charlotte, NC",temperate
U03455,33,female,166.1,61.8,22.4,9.0,M,low,training,intermediate,4,indoor,43,117,Nike|Adidas|Jordan,casual,white,leather,"Charlotte, NC",temperate
U03456,49,female,168.6,69.6,24.5,9.0,L,normal,outdoor,beginner,2,outdoor,13,69,Jordan,performance,blue,cotton,"Charlotte, NC",temperate
U03457,18,female,168.6,59.7,21.0,9.5,S,normal,training,advanced,3,indoor,70,186,Adidas|Jordan|Nike,performance,multi,knit,"Dallas, TX",hot
U03458,49,female,165.7,60.1,21.9,9.0,M,high,yoga,intermediate,2,indoor,16,43,Adidas,performance,black,cotton,"San Francisco, CA",temperate
U03459,25,female,173.1,59.9,20.0,10.5,S,low,running,beginner,2,outdoor,13,51,Adidas,performance,red,leather,"Minneapolis, MN",cold
U03460,38,male,164.5,90.4,33.4,8.0,XXL,normal,training,beginner,4,indoor,24,89,Nike|Adidas,casual,pink,synthetic,"Houston, TX",tropical
U03461,24,male,178.0,79.5,25.1,10.5,M,normal,tennis,advanced,2,outdoor,99,303,Adidas,casual,grey,polyester,"Dallas, TX",hot
U03462,45,male,172.9,71.7,24.0,9.0,M,high,running,intermediate,5,indoor,24,104,Nike|Adidas,athleisure,orange,fleece,"Minneapolis, MN",cold
U03463,32,female,156.3,72.3,29.6,8.0,XL,normal,running,beginner,4,both,11,35,Jordan,athleisure,red,mesh,"Minneapolis, MN",cold
U03464,23,male,174.5,68.2,22.4,10.0,S,normal,lifestyle,beginner,4,outdoor,20,47,Nike,athleisure,pink,polyester,"Las Vegas, NV",hot
U03465,40,male,179.4,78.2,24.3,11.0,M,high,lifestyle,intermediate,4,both,29,102,Nike,athleisure,black,nylon,"Dallas, TX",hot
U03466,56,female,167.4,63.3,22.6,9.5,M,normal,swimming,beginner,4,indoor,18,85,Jordan|Nike,performance,navy,polyester,"San Francisco, CA",temperate
U03467,48,female,173.1,51.8,17.3,10.0,XS,high,running,intermediate,3,outdoor,34,107,Nike|Adidas,casual,black,knit,"Philadelphia, PA",temperate
U03468,53,male,174.5,80.4,26.4,10.0,L,normal,training,beginner,3,indoor,13,38,Jordan,athleisure,black,polyester,"Phoenix, AZ",hot
U03469,19,female,162.7,69.1,26.1,9.0,L,low,running,beginner,2,outdoor,25,80,Nike|Adidas|Jordan,performance,grey,fleece,"Philadelphia, PA",temperate
U03470,33,female,169.0,52.6,18.4,9.0,XS,normal,yoga,beginner,3,indoor,13,83,Jordan|Adidas,athleisure,black,mesh,"New York, NY",continental
U03471,42,female,165.7,66.4,24.2,8.5,M,normal,football,beginner,4,both,17,48,Nike|Adidas,casual,black,nylon,"Atlanta, GA",temperate
U03472,34,female,154.8,77.6,32.4,7.0,XXL,normal,football,beginner,5,outdoor,14,88,Adidas,performance,multi,knit,"Houston, TX",tropical
U03473,24,female,167.9,46.5,16.5,9.5,XS,normal,football,intermediate,3,outdoor,19,68,Nike|Adidas,casual,purple,gore-tex,"Dallas, TX",hot
U03474,33,male,181.6,88.1,26.7,10.5,L,normal,running,beginner,3,both,16,57,Nike,athleisure,black,synthetic,"San Diego, CA",hot
U03475,49,female,160.9,76.9,29.7,7.5,XL,normal,outdoor,intermediate,3,outdoor,34,84,Adidas,performance,black,mesh,"Dallas, TX",hot
U03476,51,female,163.1,61.7,23.2,8.0,M,normal,running,beginner,4,outdoor,23,57,Adidas,performance,grey,polyester,"Los Angeles, CA",hot
U03477,34,female,166.6,63.8,23.0,8.5,M,normal,running,beginner,2,outdoor,36,95,Nike|Adidas|Jordan,performance,black,cotton,"Charlotte, NC",temperate
U03478,32,male,183.9,87.3,25.8,11.5,L,low,running,beginner,3,indoor,14,35,Nike,casual,white,polyester,"Minneapolis, MN",cold
U03479,39,female,159.1,50.4,19.9,7.5,S,high,yoga,intermediate,5,both,36,167,Jordan,athleisure,pink,leather,"Portland, OR",temperate
U03480,18,male,178.8,86.6,27.1,10.0,L,normal,outdoor,advanced,2,outdoor,53,146,Nike,performance,white,mesh,"Seattle, WA",temperate
U03481,27,male,187.4,75.2,21.4,12.0,S,high,running,intermediate,3,both,33,89,Adidas,performance,green,mesh,"Portland, OR",temperate
U03482,20,male,184.0,85.0,25.1,11.5,M,normal,basketball,advanced,2,indoor,52,136,Nike,performance,beige,synthetic,"Boston, MA",continental
U03483,24,male,185.6,62.3,18.1,11.0,XS,normal,training,advanced,4,indoor,36,92,Nike,performance,black,mesh,"Atlanta, GA",temperate
U03484,30,male,194.1,79.1,21.0,13.0,M,low,running,beginner,2,indoor,10,35,Nike|Jordan,athleisure,navy,cotton,"Denver, CO",cold
U03485,23,male,185.6,73.0,21.2,11.5,S,normal,training,beginner,5,indoor,10,37,Nike,performance,black,synthetic,"San Diego, CA",hot
U03486,41,female,175.0,77.8,25.4,10.5,L,low,training,beginner,4,both,13,35,Adidas|Nike,athleisure,navy,knit,"Detroit, MI",continental
U03487,34,female,165.7,68.4,24.9,9.0,L,high,swimming,intermediate,3,both,11,59,Nike,casual,black,polyester,"Philadelphia, PA",temperate
U03488,35,female,167.4,63.6,22.7,9.5,M,normal,training,intermediate,5,indoor,10,53,Nike,performance,blue,cotton,"Houston, TX",tropical
U03489,18,male,170.2,71.6,24.7,9.5,M,normal,running,intermediate,4,indoor,64,144,Adidas|Nike,performance,grey,cotton,"Portland, OR",temperate
U03490,28,female,152.1,60.6,26.2,7.0,L,normal,lifestyle,intermediate,2,both,27,61,Nike,casual,multi,polyester,"Philadelphia, PA",temperate
U03491,43,female,174.5,48.7,16.0,10.0,XS,normal,lifestyle,beginner,4,both,16,64,Adidas,casual,black,cotton,"Las Vegas, NV",hot
U03492,51,female,158.6,80.2,31.9,8.0,XXL,normal,running,intermediate,4,indoor,26,168,Adidas,performance,black,mesh,"Chicago, IL",continental
U03493,26,male,168.4,80.8,28.5,8.5,XL,normal,training,advanced,2,outdoor,64,236,Nike,performance,black,cotton,"Orlando, FL",tropical
U03494,19,male,178.0,76.7,24.2,10.0,M,normal,training,advanced,4,indoor,19,120,Nike|Jordan,performance,black,knit,"Miami, FL",tropical
U03495,21,male,169.6,76.8,26.7,9.0,L,high,football,beginner,4,outdoor,10,47,Adidas|Jordan|Nike,casual,navy,polyester,"Dallas, TX",hot
U03496,49,male,188.8,77.0,21.6,13.0,S,normal,outdoor,intermediate,2,both,25,113,Nike,casual,multi,polyester,"San Diego, CA",hot
U03497,32,male,180.0,64.8,20.0,10.0,S,normal,training,beginner,4,indoor,63,158,Nike,performance,navy,cotton,"Charlotte, NC",temperate
U03498,44,male,172.9,90.9,30.4,9.5,XL,high,running,intermediate,5,outdoor,33,125,Adidas,performance,red,cotton,"Phoenix, AZ",hot
U03499,20,male,170.9,78.0,26.7,9.5,L,normal,football,intermediate,3,outdoor,17,114,Nike|Jordan,performance,red,knit,"New York, NY",continental
U03500,18,male,179.5,85.4,26.5,10.5,L,normal,outdoor,advanced,4,outdoor,120,351,Nike,performance,black,cotton,"Philadelphia, PA",temperate
U03501,20,female,168.6,65.7,23.1,9.5,M,low,training,intermediate,5,indoor,17,97,Adidas,performance,multi,polyester,"Las Vegas, NV",hot
U03502,27,female,170.1,66.5,23.0,10.0,M,normal,yoga,advanced,2,outdoor,112,267,Adidas|Nike,casual,multi,synthetic,"Las Vegas, NV",hot
U03503,26,male,188.8,74.1,20.8,12.5,S,normal,yoga,beginner,2,indoor,18,79,Adidas|Nike,casual,black,leather,"Seattle, WA",temperate
U03504,32,female,165.7,63.1,23.0,9.5,M,normal,training,intermediate,4,indoor,28,128,Nike|Jordan,performance,white,gore-tex,"Phoenix, AZ",hot
U03505,27,male,178.0,83.6,26.4,10.5,L,low,yoga,beginner,2,both,12,43,Jordan|Nike,athleisure,navy,fleece,"Seattle, WA",temperate
U03506,24,female,171.7,62.5,21.2,9.5,S,low,training,beginner,4,indoor,10,35,Nike,performance,beige,mesh,"San Francisco, CA",temperate
U03507,32,male,173.4,81.8,27.2,9.5,L,normal,basketball,beginner,4,both,10,52,Nike,performance,navy,knit,"Chicago, IL",continental
U03508,19,male,175.7,63.9,20.7,10.5,S,normal,running,beginner,2,outdoor,33,77,Nike|Adidas,performance,grey,fleece,"Charlotte, NC",temperate
U03509,48,female,161.8,56.0,21.4,8.0,S,high,training,advanced,3,indoor,96,234,Adidas|Jordan,performance,grey,polyester,"Phoenix, AZ",hot
U03510,54,male,189.3,78.8,22.0,12.5,S,high,training,beginner,3,indoor,48,114,Nike,athleisure,grey,knit,"Detroit, MI",continental
U03511,39,female,160.4,72.6,28.2,7.5,XL,normal,training,beginner,4,indoor,23,65,Nike,performance,beige,synthetic,"Las Vegas, NV",hot
U03512,52,female,173.2,54.6,18.2,9.5,XS,high,training,beginner,2,indoor,12,81,Nike,athleisure,green,knit,"San Diego, CA",hot
U03513,34,female,156.3,49.3,20.2,7.5,S,high,running,intermediate,4,both,58,132,Adidas|Jordan|Nike,performance,orange,cotton,"Detroit, MI",continental
U03514,39,female,162.7,76.8,29.0,8.5,XL,normal,training,beginner,4,indoor,22,62,Jordan,retro,black,mesh,"Philadelphia, PA",temperate
U03515,28,male,173.4,73.4,24.4,9.0,M,normal,training,beginner,4,indoor,16,57,Adidas|Nike|Jordan,casual,white,knit,"Las Vegas, NV",hot
U03516,26,male,178.0,78.6,24.8,10.0,M,high,yoga,intermediate,2,indoor,21,56,Adidas|Nike|Jordan,athleisure,green,mesh,"Seattle, WA",temperate
U03517,61,female,163.7,57.1,21.3,8.0,S,normal,outdoor,advanced,3,outdoor,41,127,Adidas|Nike,performance,black,gore-tex,"Detroit, MI",continental
U03518,46,male,171.7,74.0,25.1,9.0,M,normal,training,beginner,2,both,22,62,Jordan|Nike|Adidas,performance,white,mesh,"Detroit, MI",continental
U03519,59,female,162.7,54.0,20.4,8.5,S,low,running,beginner,3,outdoor,34,86,Nike,performance,yellow,cotton,"Chicago, IL",continental
U03520,38,female,160.4,69.7,27.1,7.5,L,normal,training,advanced,2,indoor,119,277,Nike,athleisure,navy,mesh,"Las Vegas, NV",hot
U03521,29,female,162.7,65.4,24.7,8.5,L,high,training,beginner,5,indoor,27,69,Jordan,athleisure,navy,mesh,"Atlanta, GA",temperate
U03522,43,male,174.5,74.9,24.6,9.5,M,normal,basketball,beginner,3,outdoor,65,155,Nike|Adidas,athleisure,white,mesh,"Houston, TX",tropical
U03523,19,male,180.0,87.5,27.0,10.5,L,normal,training,intermediate,3,indoor,30,93,Nike|Adidas|Jordan,performance,black,mesh,"Minneapolis, MN",cold
U03524,47,male,186.8,76.8,22.0,12.0,S,normal,training,beginner,3,both,25,100,Adidas|Nike,retro,purple,cotton,"Orlando, FL",tropical
U03525,43,female,163.7,54.9,20.5,8.5,S,high,yoga,beginner,3,indoor,22,62,Nike,athleisure,black,cotton,"San Francisco, CA",temperate
U03526,18,male,186.2,87.0,25.1,11.5,M,normal,outdoor,beginner,5,outdoor,11,35,Nike,performance,blue,knit,"Minneapolis, MN",cold
U03527,22,female,163.8,80.0,29.8,9.0,XL,normal,training,intermediate,2,indoor,12,72,Adidas,performance,navy,gore-tex,"Portland, OR",temperate
U03528,28,female,176.6,82.6,26.5,11.0,L,normal,running,beginner,2,both,39,121,Adidas|Nike,performance,blue,synthetic,"Phoenix, AZ",hot
U03529,46,female,159.8,54.9,21.5,8.5,M,normal,football,intermediate,3,outdoor,26,94,Nike|Adidas,performance,orange,fleece,"Las Vegas, NV",hot
U03530,19,female,167.4,69.5,24.8,9.5,L,high,training,intermediate,3,indoor,19,71,Adidas|Nike|Jordan,performance,black,synthetic,"Los Angeles, CA",hot
U03531,18,male,189.0,91.4,25.6,12.0,L,low,lifestyle,intermediate,3,both,32,86,Nike,athleisure,grey,knit,"San Francisco, CA",temperate
U03532,41,female,174.8,71.5,23.4,10.5,M,high,yoga,intermediate,5,both,37,89,Nike|Adidas,casual,pink,mesh,"Los Angeles, CA",hot
U03533,18,female,168.6,65.7,23.1,9.5,M,normal,training,intermediate,5,indoor,30,142,Jordan,performance,black,mesh,"Dallas, TX",hot
U03534,48,male,194.1,71.2,18.9,13.0,S,high,yoga,beginner,5,indoor,56,143,Nike|Jordan,casual,beige,polyester,"Minneapolis, MN",cold
U03535,43,female,170.6,46.9,16.1,9.5,XS,normal,training,beginner,5,indoor,13,65,Jordan|Nike,performance,grey,polyester,"Detroit, MI",continental
U03536,21,male,182.9,81.6,24.4,11.5,M,normal,training,intermediate,3,indoor,35,108,Adidas|Nike,athleisure,navy,mesh,"Dallas, TX",hot
U03537,52,male,169.1,74.9,26.2,9.0,L,normal,tennis,intermediate,3,outdoor,64,158,Adidas,retro,black,rubber,"Dallas, TX",hot
U03538,51,female,163.8,59.8,22.3,8.0,M,high,training,advanced,2,both,73,173,Adidas,performance,blue,nylon,"Phoenix, AZ",hot
U03539,23,male,182.0,72.9,22.0,11.5,S,high,lifestyle,beginner,3,outdoor,10,37,Adidas|Nike|Jordan,retro,black,knit,"Houston, TX",tropical
U03540,30,female,169.0,62.0,21.7,10.0,M,low,lifestyle,intermediate,5,both,35,88,Nike|Jordan,retro,white,leather,"Atlanta, GA",temperate
U03541,23,female,167.9,46.8,16.6,9.5,XS,normal,football,intermediate,3,outdoor,42,102,Nike|Jordan,performance,beige,rubber,"Seattle, WA",temperate
U03542,39,female,171.7,62.8,21.3,10.0,S,normal,training,advanced,2,indoor,39,195,Nike,athleisure,pink,rubber,"Phoenix, AZ",hot
U03543,23,female,170.1,61.1,21.1,10.0,S,normal,football,beginner,4,outdoor,10,35,Nike,performance,red,synthetic,"Orlando, FL",tropical
U03544,26,male,170.9,66.3,22.7,8.5,M,normal,running,beginner,2,outdoor,21,54,Nike|Jordan,performance,multi,fleece,"Las Vegas, NV",hot
U03545,23,male,178.8,74.2,23.2,10.0,M,normal,training,intermediate,4,indoor,10,63,Jordan|Nike,performance,black,gore-tex,"Chicago, IL",continental
U03546,35,female,167.4,47.1,16.8,8.5,XS,high,running,advanced,4,outdoor,81,239,Nike,performance,black,nylon,"Denver, CO",cold
U03547,54,male,178.9,83.2,26.0,9.5,L,normal,training,beginner,2,indoor,13,48,Adidas,casual,green,polyester,"Phoenix, AZ",hot
U03548,24,female,163.8,61.4,22.9,9.5,M,normal,training,beginner,4,indoor,13,44,Adidas|Nike,performance,black,synthetic,"Chicago, IL",continental
U03549,46,female,173.8,62.2,20.6,10.5,S,normal,basketball,intermediate,2,indoor,23,85,Nike,performance,green,synthetic,"Houston, TX",tropical
U03550,23,male,174.5,82.5,27.1,10.0,L,normal,football,advanced,2,indoor,39,189,Nike,performance,blue,polyester,"Atlanta, GA",temperate
U03551,50,female,179.7,77.8,24.1,11.0,L,low,running,beginner,4,both,25,98,Nike|Adidas,performance,white,knit,"San Diego, CA",hot
U03552,44,female,160.4,67.2,26.1,8.0,L,high,running,beginner,4,both,33,80,Nike|Adidas,performance,red,polyester,"Phoenix, AZ",hot
U03553,24,male,175.7,87.4,28.3,10.0,L,normal,running,beginner,4,outdoor,28,85,Nike,performance,blue,cotton,"Las Vegas, NV",hot
U03554,41,male,173.0,77.5,25.9,9.0,L,normal,training,beginner,4,indoor,32,109,Nike|Adidas|Jordan,performance,black,cotton,"San Francisco, CA",temperate
U03555,23,female,157.9,60.6,24.3,7.5,M,normal,running,beginner,5,outdoor,13,35,Adidas|Jordan|Nike,performance,orange,fleece,"Dallas, TX",hot
U03556,42,female,161.8,56.3,21.5,8.0,M,high,training,intermediate,3,indoor,28,135,Jordan|Nike,performance,white,gore-tex,"Charlotte, NC",temperate
U03557,48,female,149.3,55.3,24.8,6.5,L,high,training,advanced,4,indoor,25,141,Nike|Jordan,performance,white,leather,"Denver, CO",cold
U03558,50,female,156.9,58.8,23.9,7.5,M,normal,running,beginner,5,outdoor,12,38,Adidas|Nike,performance,pink,polyester,"Detroit, MI",continental
U03559,38,female,160.4,64.6,25.1,8.0,L,normal,basketball,beginner,5,indoor,10,57,Adidas,performance,grey,cotton,"San Francisco, CA",temperate
U03560,53,female,173.2,48.0,16.0,10.5,XS,normal,running,intermediate,4,outdoor,28,143,Jordan,performance,grey,leather,"Dallas, TX",hot
U03561,27,female,170.1,77.3,26.7,10.0,L,normal,training,beginner,3,indoor,44,120,Adidas,athleisure,navy,cotton,"Houston, TX",tropical
U03562,55,female,163.8,57.1,21.3,8.5,S,normal,lifestyle,advanced,3,outdoor,40,94,Nike,casual,red,cotton,"Minneapolis, MN",cold
U03563,25,female,169.4,61.7,21.5,10.0,M,normal,outdoor,intermediate,4,outdoor,32,136,Nike|Adidas|Jordan,casual,black,fleece,"Atlanta, GA",temperate
U03564,26,female,162.7,61.9,23.4,8.0,M,normal,yoga,intermediate,3,indoor,64,240,Adidas|Nike|Jordan,athleisure,brown,synthetic,"Portland, OR",temperate
U03565,30,female,170.1,77.5,26.8,9.0,L,high,training,intermediate,3,indoor,80,227,Jordan|Nike,performance,grey,fleece,"San Francisco, CA",temperate
U03566,59,female,162.7,49.0,18.5,8.5,S,normal,yoga,beginner,5,outdoor,14,35,Nike|Jordan,retro,black,knit,"Seattle, WA",temperate
U03567,35,male,178.9,82.9,25.9,10.0,L,normal,training,advanced,3,indoor,94,412,Jordan|Adidas|Nike,performance,black,synthetic,"New York, NY",continental
U03568,45,male,178.9,105.0,32.8,10.5,XXL,high,outdoor,beginner,5,outdoor,39,97,Adidas|Nike,performance,brown,cotton,"Houston, TX",tropical
U03569,18,male,194.2,80.7,21.4,13.5,M,normal,swimming,advanced,3,both,23,51,Nike,athleisure,black,cotton,"San Francisco, CA",temperate
U03570,20,male,181.1,91.5,27.9,11.0,L,low,basketball,beginner,3,indoor,10,39,Nike|Adidas|Jordan,performance,pink,mesh,"San Francisco, CA",temperate
U03571,25,female,173.8,56.2,18.6,10.0,S,normal,training,beginner,2,indoor,24,110,Jordan|Nike,performance,black,leather,"Los Angeles, CA",hot
U03572,18,male,188.8,78.4,22.0,13.0,S,normal,training,intermediate,4,outdoor,37,100,Nike,performance,purple,leather,"Denver, CO",cold
U03573,45,male,180.6,77.3,23.7,10.0,M,high,yoga,beginner,2,indoor,10,51,Nike,athleisure,beige,gore-tex,"Philadelphia, PA",temperate
U03574,33,female,154.0,88.7,37.4,7.5,XXL,normal,training,intermediate,3,indoor,25,108,Adidas|Nike,performance,white,gore-tex,"Detroit, MI",continental
U03575,33,female,158.6,49.8,19.8,7.0,S,normal,lifestyle,advanced,2,both,84,208,Jordan,casual,black,leather,"Los Angeles, CA",hot
U03576,44,male,174.0,81.7,27.0,9.5,L,high,football,intermediate,3,outdoor,29,82,Nike|Adidas|Jordan,performance,black,polyester,"Miami, FL",tropical
U03577,55,male,167.6,93.3,33.2,8.5,XXL,low,lifestyle,beginner,3,both,21,62,Adidas|Nike,athleisure,multi,cotton,"Portland, OR",temperate
U03578,31,male,177.4,94.1,29.9,10.5,XL,normal,training,advanced,3,indoor,80,240,Nike,retro,red,synthetic,"Minneapolis, MN",cold
U03579,42,male,180.0,86.5,26.7,10.5,L,normal,football,beginner,2,indoor,14,48,Adidas,performance,multi,polyester,"Detroit, MI",continental
U03580,24,male,180.0,84.2,26.0,11.0,L,normal,training,advanced,3,indoor,29,77,Nike|Adidas,casual,blue,gore-tex,"San Francisco, CA",temperate
U03581,45,male,180.0,86.5,26.7,10.5,L,normal,running,beginner,2,outdoor,20,50,Adidas,performance,orange,leather,"Atlanta, GA",temperate
U03582,41,female,156.9,77.5,31.5,7.5,XXL,low,training,beginner,2,both,17,45,Jordan|Adidas,casual,multi,mesh,"Portland, OR",temperate
U03583,61,male,167.6,64.0,22.8,8.0,M,high,training,advanced,4,indoor,31,105,Nike|Adidas|Jordan,performance,white,gore-tex,"Detroit, MI",continental
U03584,44,female,173.8,62.2,20.6,10.0,S,normal,running,intermediate,2,both,20,51,Adidas|Nike,performance,black,polyester,"San Francisco, CA",temperate
U03585,19,male,169.1,64.1,22.4,8.0,S,normal,training,beginner,4,indoor,22,59,Adidas|Nike,retro,white,knit,"Atlanta, GA",temperate
U03586,28,male,186.8,67.7,19.4,11.5,XS,normal,yoga,intermediate,4,indoor,43,151,Nike|Jordan|Adidas,performance,navy,mesh,"Las Vegas, NV",hot
U03587,21,female,163.1,55.9,21.0,8.0,S,normal,training,beginner,5,outdoor,10,38,Nike|Jordan|Adidas,performance,pink,polyester,"Dallas, TX",hot
U03588,44,male,180.6,77.3,23.7,11.0,M,low,yoga,beginner,2,indoor,13,49,Nike|Adidas|Jordan,casual,multi,cotton,"Orlando, FL",tropical
U03589,44,female,166.1,62.1,22.5,9.0,M,normal,football,beginner,2,outdoor,18,60,Nike,performance,green,knit,"New York, NY",continental
U03590,30,male,171.7,77.2,26.2,9.0,L,normal,lifestyle,intermediate,4,both,14,72,Adidas,athleisure,black,cotton,"Chicago, IL",continental
U03591,32,male,182.9,66.9,20.0,11.0,S,high,yoga,beginner,4,indoor,21,98,Nike|Jordan,athleisure,beige,mesh,"Minneapolis, MN",cold
U03592,49,female,158.6,69.4,27.6,7.5,XL,normal,training,beginner,4,both,10,45,Nike,performance,yellow,synthetic,"Dallas, TX",hot
U03593,35,female,160.4,49.4,19.2,8.0,S,high,running,intermediate,3,both,14,84,Nike|Adidas,performance,black,leather,"Minneapolis, MN",cold
U03594,20,female,165.7,53.8,19.6,9.0,S,high,running,advanced,2,outdoor,31,98,Adidas|Nike,athleisure,brown,fleece,"Philadelphia, PA",temperate
U03595,45,male,179.5,64.8,20.1,10.5,S,high,training,beginner,4,both,36,99,Nike|Adidas|Jordan,casual,white,leather,"Portland, OR",temperate
U03596,23,male,175.1,76.0,24.8,9.5,M,high,yoga,beginner,2,indoor,16,48,Nike,athleisure,blue,leather,"New York, NY",continental
U03597,34,male,189.8,100.1,27.8,12.5,L,normal,running,beginner,2,indoor,55,150,Adidas|Jordan,performance,green,polyester,"Orlando, FL",tropical
U03598,27,male,177.0,89.9,28.7,10.5,XL,low,football,advanced,4,both,52,191,Nike|Adidas,casual,black,mesh,"New York, NY",continental
U03599,23,female,155.6,49.4,20.4,7.0,S,low,running,beginner,3,outdoor,34,87,Adidas|Nike,performance,pink,polyester,"Chicago, IL",continental
U03600,33,female,156.9,58.1,23.6,7.5,M,normal,training,advanced,4,indoor,54,144,Jordan,athleisure,blue,mesh,"Orlando, FL",tropical
U03601,20,male,171.8,80.6,27.3,9.5,L,high,football,beginner,5,outdoor,13,36,Adidas,performance,blue,mesh,"Charlotte, NC",temperate
U03602,20,male,194.2,69.8,18.5,13.5,S,normal,tennis,beginner,2,outdoor,20,53,Nike|Adidas,performance,red,synthetic,"Miami, FL",tropical
U03603,57,female,154.1,64.6,27.2,8.0,L,low,lifestyle,intermediate,4,both,14,65,Nike|Jordan,casual,black,gore-tex,"San Francisco, CA",temperate
U03604,30,male,187.4,86.0,24.5,12.0,M,low,training,intermediate,2,both,14,45,Adidas|Nike,performance,black,mesh,"Denver, CO",cold
U03605,42,female,159.8,76.1,29.8,9.0,XL,high,training,beginner,3,indoor,38,99,Jordan,performance,black,leather,"Atlanta, GA",temperate
U03606,28,male,185.1,62.4,18.2,11.0,XS,normal,yoga,beginner,3,indoor,12,66,Nike,athleisure,black,polyester,"Phoenix, AZ",hot
U03607,35,female,161.8,72.3,27.6,8.0,XL,low,running,intermediate,4,outdoor,17,78,Nike,athleisure,blue,nylon,"New York, NY",continental
U03608,22,male,180.0,82.6,25.5,10.5,L,high,running,intermediate,3,indoor,30,101,Nike|Jordan,casual,navy,synthetic,"Philadelphia, PA",temperate
U03609,18,male,180.6,64.3,19.7,10.5,S,normal,yoga,advanced,4,indoor,38,138,Nike|Adidas,athleisure,black,synthetic,"Orlando, FL",tropical
U03610,44,male,177.0,90.5,28.9,10.5,XL,normal,training,beginner,4,both,50,118,Adidas,performance,green,leather,"Houston, TX",tropical
U03611,51,male,176.2,76.4,24.6,9.5,M,normal,training,intermediate,3,indoor,47,126,Nike,performance,yellow,leather,"Boston, MA",continental
U03612,32,female,166.2,52.2,18.9,9.0,S,normal,lifestyle,advanced,4,both,25,154,Jordan,athleisure,black,mesh,"Charlotte, NC",temperate
U03613,18,female,154.1,51.1,21.5,7.0,M,normal,swimming,beginner,4,indoor,21,71,Nike,performance,black,mesh,"San Diego, CA",hot
U03614,20,male,182.9,81.6,24.4,11.0,M,high,football,intermediate,3,both,32,85,Nike,performance,grey,polyester,"Atlanta, GA",temperate
U03615,31,female,158.7,74.3,29.5,8.0,XL,normal,training,beginner,5,both,25,70,Jordan|Nike|Adidas,athleisure,red,synthetic,"Charlotte, NC",temperate
U03616,57,male,168.4,78.3,27.6,8.5,L,normal,lifestyle,intermediate,2,both,45,144,Adidas,athleisure,black,polyester,"Phoenix, AZ",hot
U03617,26,male,170.9,69.2,23.7,9.0,M,normal,yoga,advanced,3,indoor,18,101,Nike,retro,grey,cotton,"Boston, MA",continental
U03618,55,male,178.9,83.2,26.0,11.0,L,high,training,beginner,2,both,19,45,Nike|Adidas,performance,multi,mesh,"Portland, OR",temperate
U03619,45,female,172.4,61.8,20.8,10.0,S,low,football,beginner,5,outdoor,15,55,Adidas|Nike|Jordan,retro,blue,synthetic,"Orlando, FL",tropical
U03620,19,male,194.3,78.9,20.9,13.0,M,low,training,intermediate,5,outdoor,15,77,Nike|Jordan,performance,black,cotton,"Seattle, WA",temperate
U03621,21,male,182.0,64.3,19.4,11.5,XS,high,swimming,intermediate,4,indoor,25,140,Nike,athleisure,red,mesh,"Denver, CO",cold
U03622,33,male,194.3,81.2,21.5,13.0,M,normal,football,intermediate,4,outdoor,22,58,Nike|Adidas,performance,grey,gore-tex,"Detroit, MI",continental
U03623,48,male,162.5,70.2,26.6,8.0,L,normal,yoga,intermediate,4,indoor,35,104,Adidas,athleisure,brown,polyester,"Las Vegas, NV",hot
U03624,25,female,160.9,62.7,24.2,8.5,M,normal,running,intermediate,3,both,19,83,Jordan,performance,multi,nylon,"Boston, MA",continental
U03625,27,female,165.1,71.7,26.3,9.5,L,normal,training,beginner,4,indoor,41,133,Adidas|Nike,performance,white,cotton,"Portland, OR",temperate
U03626,46,female,179.8,73.1,22.6,11.5,L,normal,yoga,intermediate,3,indoor,66,152,Nike|Jordan,performance,beige,fleece,"Minneapolis, MN",cold
U03627,41,female,162.7,64.6,24.4,7.5,M,normal,football,advanced,4,outdoor,54,182,Adidas,performance,green,knit,"Orlando, FL",tropical
U03628,19,male,166.2,67.7,24.5,7.5,M,normal,running,beginner,5,indoor,21,80,Jordan|Nike,performance,black,fleece,"San Diego, CA",hot
U03629,51,male,184.5,82.4,24.2,11.5,M,low,swimming,intermediate,2,indoor,15,60,Jordan|Nike,performance,yellow,gore-tex,"Detroit, MI",continental
U03630,32,male,173.0,99.1,33.1,9.5,XXL,normal,yoga,beginner,4,indoor,31,152,Nike|Adidas,athleisure,black,mesh,"Detroit, MI",continental
U03631,50,male,186.2,84.2,24.3,11.5,M,low,training,beginner,5,indoor,19,46,Nike,athleisure,black,cotton,"Dallas, TX",hot
U03632,18,female,166.2,61.3,22.2,9.0,M,normal,lifestyle,beginner,3,outdoor,18,90,Nike|Jordan|Adidas,retro,green,mesh,"Dallas, TX",hot
U03633,31,male,178.9,74.3,23.2,10.0,M,high,training,intermediate,4,indoor,22,132,Nike,performance,grey,cotton,"Orlando, FL",tropical
U03634,18,female,163.1,68.4,25.7,8.0,L,normal,yoga,beginner,2,indoor,12,60,Adidas,retro,beige,nylon,"Houston, TX",tropical
U03635,48,male,174.0,88.4,29.2,10.0,XL,normal,basketball,intermediate,4,indoor,36,175,Nike,performance,blue,knit,"Chicago, IL",continental
U03636,44,male,194.4,96.0,25.4,13.5,L,normal,yoga,advanced,5,indoor,70,251,Nike|Adidas,performance,red,synthetic,"San Francisco, CA",temperate
U03637,43,male,176.2,98.4,31.7,10.0,XL,high,training,beginner,4,indoor,29,68,Nike|Adidas|Jordan,performance,green,mesh,"New York, NY",continental
U03638,18,male,175.7,90.5,29.3,10.0,XL,high,running,intermediate,2,outdoor,14,72,Jordan,retro,yellow,cotton,"Atlanta, GA",temperate
U03639,18,female,160.4,74.9,29.1,8.5,XL,normal,yoga,intermediate,4,both,18,91,Nike,athleisure,black,mesh,"Houston, TX",tropical
U03640,41,female,164.3,70.7,26.2,9.5,L,normal,yoga,intermediate,4,indoor,28,101,Adidas|Nike|Jordan,athleisure,black,rubber,"Miami, FL",tropical
U03641,49,female,153.3,53.6,22.8,7.0,M,low,running,beginner,2,outdoor,32,75,Adidas|Nike,performance,brown,leather,"Dallas, TX",hot
U03642,26,male,169.7,76.9,26.7,9.5,L,low,training,beginner,4,outdoor,43,100,Adidas|Nike|Jordan,performance,white,knit,"Boston, MA",continental
U03643,24,male,189.9,59.9,16.6,11.5,XS,normal,running,beginner,2,outdoor,28,65,Nike|Jordan,performance,red,gore-tex,"Las Vegas, NV",hot
U03644,25,male,172.5,84.8,28.5,9.5,XL,low,yoga,intermediate,4,indoor,21,113,Jordan|Nike,athleisure,black,cotton,"Miami, FL",tropical
U03645,18,male,164.6,81.3,30.0,7.5,XL,high,lifestyle,intermediate,3,indoor,24,65,Adidas|Nike,casual,red,synthetic,"Phoenix, AZ",hot
U03646,18,female,157.9,63.8,25.6,7.5,L,normal,training,beginner,2,indoor,21,61,Nike,performance,black,polyester,"Miami, FL",tropical
U03647,35,female,176.0,64.4,20.8,11.0,S,normal,training,beginner,3,indoor,10,35,Adidas|Nike,performance,orange,fleece,"San Diego, CA",hot
U03648,18,male,179.5,86.7,26.9,11.0,L,high,tennis,beginner,3,outdoor,13,38,Jordan,casual,green,fleece,"Denver, CO",cold
U03649,48,male,184.0,84.3,24.9,10.5,M,high,training,intermediate,3,indoor,48,135,Nike|Jordan,performance,navy,leather,"Portland, OR",temperate
U03650,44,female,158.7,57.9,23.0,8.0,M,normal,running,beginner,3,both,33,94,Nike|Adidas,performance,black,synthetic,"San Francisco, CA",temperate
U03651,21,female,167.4,69.5,24.8,9.5,L,normal,training,intermediate,3,both,18,85,Nike,performance,white,cotton,"Detroit, MI",continental
U03652,29,female,162.7,89.5,33.8,8.5,XXL,normal,training,advanced,3,indoor,45,180,Nike|Adidas,performance,black,cotton,"Boston, MA",continental
U03653,44,female,159.1,50.4,19.9,7.5,S,high,yoga,intermediate,5,both,39,123,Nike,athleisure,white,leather,"San Francisco, CA",temperate
U03654,43,male,173.4,83.6,27.8,9.0,L,normal,basketball,beginner,3,both,17,87,Nike|Adidas,athleisure,grey,mesh,"Detroit, MI",continental
U03655,44,male,189.2,80.9,22.6,12.0,M,normal,training,beginner,4,indoor,12,60,Adidas,casual,blue,synthetic,"Los Angeles, CA",hot
U03656,44,male,176.2,87.6,28.2,10.0,L,normal,training,advanced,3,indoor,39,109,Nike|Jordan,athleisure,multi,fleece,"Charlotte, NC",temperate
U03657,52,female,160.4,54.8,21.3,8.5,S,high,outdoor,beginner,3,outdoor,15,76,Nike,performance,pink,knit,"Las Vegas, NV",hot
U03658,24,female,159.8,61.0,23.9,8.0,M,low,outdoor,advanced,5,outdoor,48,308,Jordan,performance,grey,leather,"Atlanta, GA",temperate
U03659,39,male,177.0,76.8,24.5,9.5,M,normal,training,beginner,3,indoor,10,44,Nike,performance,yellow,knit,"Miami, FL",tropical
U03660,35,male,168.4,81.1,28.6,8.5,XL,high,football,advanced,4,outdoor,27,156,Adidas,casual,grey,cotton,"Las Vegas, NV",hot
U03661,21,male,171.8,108.3,36.7,9.5,XXL,normal,training,intermediate,4,indoor,17,73,Adidas|Nike,performance,grey,gore-tex,"Philadelphia, PA",temperate
U03662,35,female,157.9,49.6,19.9,7.5,S,normal,training,advanced,5,indoor,170,450,Nike,performance,black,knit,"New York, NY",continental
U03663,37,female,159.1,78.7,31.1,8.0,XL,normal,training,beginner,4,outdoor,17,43,Adidas|Nike,performance,green,polyester,"Chicago, IL",continental
U03664,27,female,167.1,51.1,18.3,9.5,XS,normal,training,beginner,3,indoor,10,61,Nike,performance,black,polyester,"New York, NY",continental
U03665,24,female,180.1,83.7,25.8,11.5,XL,normal,swimming,beginner,3,indoor,15,46,Adidas|Nike,performance,white,rubber,"San Francisco, CA",temperate
U03666,54,male,171.8,69.4,23.5,9.0,M,normal,running,intermediate,4,outdoor,11,62,Adidas|Nike,performance,grey,mesh,"San Diego, CA",hot
U03667,37,male,188.1,61.2,17.3,12.0,XS,normal,running,beginner,5,outdoor,10,38,Adidas,casual,yellow,nylon,"San Diego, CA",hot
U03668,33,male,178.0,90.6,28.6,10.5,XL,high,running,intermediate,4,outdoor,51,133,Nike,performance,purple,fleece,"Minneapolis, MN",cold
U03669,29,female,161.4,64.1,24.6,7.5,L,normal,running,intermediate,5,outdoor,62,141,Nike,athleisure,navy,nylon,"Portland, OR",temperate
U03670,28,male,186.8,67.7,19.4,11.5,XS,high,yoga,intermediate,4,indoor,19,83,Adidas,performance,beige,polyester,"Las Vegas, NV",hot
U03671,24,female,160.9,74.0,28.6,8.5,XL,normal,running,intermediate,4,outdoor,60,156,Adidas,performance,grey,leather,"Detroit, MI",continental
U03672,18,male,194.5,100.6,26.6,13.5,XL,high,training,beginner,2,both,10,35,Nike|Adidas|Jordan,performance,navy,synthetic,"Boston, MA",continental
U03673,21,male,181.6,95.3,28.9,10.5,XL,high,training,intermediate,4,indoor,20,51,Nike,performance,beige,mesh,"Chicago, IL",continental
U03674,33,female,170.6,73.9,25.4,9.5,L,high,training,intermediate,5,indoor,24,74,Adidas|Jordan|Nike,athleisure,blue,mesh,"Charlotte, NC",temperate
U03675,38,female,152.1,76.6,33.1,7.0,XXL,normal,training,beginner,3,both,20,65,Nike|Jordan|Adidas,performance,blue,gore-tex,"Minneapolis, MN",cold
U03676,28,female,155.6,68.5,28.3,8.0,XL,normal,yoga,beginner,3,indoor,21,54,Adidas,performance,black,fleece,"Philadelphia, PA",temperate
U03677,29,female,164.4,77.3,28.6,8.5,XL,normal,football,intermediate,3,outdoor,34,96,Jordan|Nike,performance,brown,mesh,"Miami, FL",tropical
U03678,37,female,180.2,69.2,21.3,11.5,M,normal,training,advanced,3,both,89,202,Adidas|Nike|Jordan,casual,black,synthetic,"Denver, CO",cold
U03679,46,female,173.2,52.2,17.4,10.0,XS,normal,running,intermediate,3,indoor,50,194,Adidas,performance,blue,leather,"Charlotte, NC",temperate
U03680,28,male,185.1,74.0,21.6,11.5,S,normal,running,intermediate,3,outdoor,64,147,Nike|Jordan,casual,orange,leather,"Boston, MA",continental
U03681,50,female,168.6,65.9,23.2,9.5,M,normal,lifestyle,beginner,3,both,27,67,Adidas|Jordan,retro,blue,nylon,"Boston, MA",continental
U03682,24,female,164.4,65.7,24.3,8.0,M,low,yoga,beginner,3,indoor,15,52,Nike|Jordan,athleisure,green,rubber,"Seattle, WA",temperate
U03683,21,female,170.1,63.4,21.9,9.5,M,high,basketball,advanced,5,both,65,215,Adidas|Nike,casual,yellow,synthetic,"Atlanta, GA",temperate
U03684,41,female,161.8,49.0,18.7,9.0,S,normal,yoga,beginner,4,indoor,60,143,Nike,performance,purple,fleece,"Denver, CO",cold
U03685,41,female,160.9,80.0,30.9,9.0,XL,normal,training,advanced,3,indoor,70,216,Nike,performance,black,mesh,"Dallas, TX",hot
U03686,45,female,162.7,68.0,25.7,8.5,L,normal,training,beginner,2,indoor,13,53,Jordan|Nike,performance,black,polyester,"Phoenix, AZ",hot
U03687,52,male,189.4,77.8,21.7,12.5,S,normal,running,intermediate,3,outdoor,19,117,Nike,performance,brown,mesh,"Boston, MA",continental
U03688,18,female,180.2,73.7,22.7,10.5,L,high,yoga,intermediate,2,indoor,26,110,Nike|Adidas,casual,white,leather,"Orlando, FL",tropical
U03689,50,female,160.4,65.1,25.3,7.5,L,normal,outdoor,beginner,2,outdoor,11,51,Jordan|Nike,casual,pink,cotton,"Philadelphia, PA",temperate
U03690,44,female,160.4,64.6,25.1,8.0,L,normal,training,beginner,5,indoor,18,94,Jordan|Adidas,performance,blue,mesh,"Miami, FL",tropical
U03691,44,female,175.3,49.2,16.0,11.5,XS,normal,basketball,intermediate,2,indoor,41,117,Adidas|Nike|Jordan,performance,beige,mesh,"Philadelphia, PA",temperate
U03692,24,female,149.3,76.7,34.4,6.5,XXL,low,training,intermediate,2,indoor,38,140,Adidas|Nike,performance,white,leather,"Dallas, TX",hot
U03693,38,male,162.5,62.1,23.5,7.5,M,normal,training,beginner,3,indoor,10,43,Nike|Adidas,performance,orange,synthetic,"Orlando, FL",tropical
U03694,32,male,185.1,80.5,23.5,11.5,M,low,running,advanced,4,both,20,79,Nike|Adidas|Jordan,athleisure,grey,knit,"Charlotte, NC",temperate
U03695,50,female,166.6,68.8,24.8,9.0,L,high,basketball,intermediate,4,indoor,17,89,Adidas,retro,white,leather,"Las Vegas, NV",hot
U03696,19,female,157.4,59.5,24.0,7.5,M,high,running,advanced,2,outdoor,45,137,Adidas|Nike,performance,blue,mesh,"New York, NY",continental
U03697,25,male,166.2,72.6,26.3,7.5,L,normal,lifestyle,intermediate,4,outdoor,14,49,Adidas,retro,navy,mesh,"New York, NY",continental
U03698,25,male,175.1,65.0,21.2,8.5,S,high,running,beginner,4,outdoor,22,50,Adidas|Nike,performance,black,synthetic,"Houston, TX",tropical
U03699,25,male,175.1,76.0,24.8,10.0,M,normal,yoga,beginner,2,indoor,37,111,Jordan|Nike,athleisure,black,knit,"San Francisco, CA",temperate
U03700,18,female,180.2,63.3,19.5,11.0,M,normal,running,intermediate,4,outdoor,41,108,Adidas|Jordan|Nike,performance,brown,cotton,"Philadelphia, PA",temperate
U03701,44,male,178.9,105.0,32.8,10.0,XXL,normal,training,beginner,5,indoor,17,69,Nike,performance,red,knit,"Detroit, MI",continental
U03702,22,male,181.6,94.6,28.7,11.0,XL,normal,yoga,beginner,3,indoor,13,35,Jordan|Nike,performance,pink,knit,"Phoenix, AZ",hot
U03703,38,male,184.0,66.0,19.5,11.5,S,high,swimming,intermediate,4,indoor,66,178,Nike,casual,grey,leather,"Boston, MA",continental
U03704,27,male,186.5,79.3,22.8,12.0,M,normal,running,intermediate,2,outdoor,39,88,Nike|Adidas,performance,blue,mesh,"Miami, FL",tropical
U03705,46,male,182.0,68.6,20.7,11.5,S,normal,training,beginner,4,indoor,24,68,Adidas|Nike|Jordan,performance,black,mesh,"Houston, TX",tropical
U03706,26,female,172.8,65.7,22.0,10.0,M,normal,yoga,beginner,3,indoor,33,77,Adidas|Nike,athleisure,black,polyester,"Las Vegas, NV",hot
U03707,18,female,166.6,47.5,17.1,8.5,XS,normal,running,beginner,4,both,23,57,Adidas|Nike,casual,multi,mesh,"San Diego, CA",hot
U03708,18,female,167.9,46.8,16.6,9.0,XS,normal,training,intermediate,2,indoor,69,161,Adidas|Nike,athleisure,black,cotton,"Philadelphia, PA",temperate
U03709,22,female,167.4,71.2,25.4,9.5,L,normal,running,intermediate,3,outdoor,35,110,Adidas,performance,blue,leather,"Portland, OR",temperate
U03710,41,female,167.1,61.2,21.9,8.5,M,normal,running,advanced,2,both,41,190,Nike|Jordan,performance,beige,leather,"Chicago, IL",continental
U03711,34,male,179.5,78.3,24.3,10.5,M,high,training,intermediate,4,both,33,101,Nike|Jordan,performance,red,mesh,"San Diego, CA",hot
U03712,34,male,176.3,71.5,23.0,10.0,M,low,football,advanced,4,outdoor,84,198,Adidas|Nike,casual,black,knit,"Orlando, FL",tropical
U03713,39,female,167.1,46.9,16.8,9.5,XS,normal,running,advanced,2,outdoor,67,151,Nike|Adidas|Jordan,athleisure,blue,cotton,"Orlando, FL",tropical
U03714,50,female,166.2,70.2,25.4,9.0,L,normal,running,beginner,3,outdoor,30,70,Adidas,performance,blue,cotton,"Atlanta, GA",temperate
U03715,52,male,178.0,102.3,32.3,11.0,XL,normal,running,beginner,2,outdoor,16,56,Jordan,performance,blue,leather,"Denver, CO",cold
U03716,32,female,171.7,69.6,23.6,9.0,M,low,swimming,intermediate,4,indoor,33,85,Jordan|Adidas,performance,yellow,knit,"Dallas, TX",hot
U03717,45,female,153.3,58.3,24.8,7.5,L,normal,training,beginner,3,indoor,13,44,Adidas,performance,navy,leather,"Portland, OR",temperate
U03718,41,male,184.0,66.0,19.5,11.5,S,high,swimming,intermediate,4,indoor,34,94,Nike|Adidas,performance,green,mesh,"Detroit, MI",continental
U03719,37,female,166.2,52.2,18.9,9.5,S,normal,running,advanced,4,outdoor,40,143,Jordan|Adidas|Nike,performance,grey,cotton,"Houston, TX",tropical
U03720,43,female,161.8,57.9,22.1,8.0,M,normal,tennis,advanced,3,outdoor,86,356,Nike|Adidas,performance,pink,fleece,"Detroit, MI",continental
U03721,27,male,174.5,82.5,27.1,9.0,L,high,training,advanced,2,both,71,250,Nike|Adidas,athleisure,grey,cotton,"Phoenix, AZ",hot
U03722,18,male,189.2,71.6,20.0,13.0,S,normal,running,beginner,3,outdoor,12,50,Adidas|Nike|Jordan,performance,green,mesh,"Boston, MA",continental
U03723,32,female,158.7,74.3,29.5,7.5,XL,normal,skateboarding,beginner,5,outdoor,15,54,Nike|Adidas,casual,green,knit,"San Diego, CA",hot
U03724,26,male,170.2,86.0,29.7,9.0,XL,high,tennis,beginner,5,outdoor,30,84,Adidas,performance,grey,synthetic,"San Francisco, CA",temperate
U03725,22,female,173.2,67.2,22.4,10.5,M,normal,running,intermediate,4,outdoor,41,195,Adidas|Jordan,performance,grey,nylon,"Boston, MA",continental
U03726,42,female,149.3,53.1,23.8,6.5,M,normal,yoga,beginner,3,indoor,32,91,Jordan|Adidas,athleisure,yellow,mesh,"Seattle, WA",temperate
U03727,52,male,190.3,75.7,20.9,13.0,M,high,basketball,intermediate,2,indoor,10,51,Nike|Adidas|Jordan,retro,navy,mesh,"Atlanta, GA",temperate
U03728,43,female,165.1,61.9,22.7,9.0,M,normal,yoga,beginner,3,indoor,14,93,Jordan,athleisure,red,cotton,"Minneapolis, MN",cold
U03729,60,male,180.6,82.2,25.2,10.0,M,normal,running,intermediate,3,outdoor,29,133,Adidas,performance,multi,cotton,"Seattle, WA",temperate
U03730,55,female,168.6,76.8,27.0,10.0,L,normal,basketball,beginner,4,both,35,164,Adidas,performance,white,rubber,"Las Vegas, NV",hot
U03731,32,female,176.1,80.3,25.9,11.0,L,normal,yoga,intermediate,4,outdoor,38,95,Nike,casual,blue,cotton,"Philadelphia, PA",temperate
U03732,56,female,180.6,68.8,21.1,10.5,M,high,yoga,intermediate,5,both,34,91,Nike|Adidas,performance,black,mesh,"Minneapolis, MN",cold
U03733,41,female,175.4,49.2,16.0,11.0,XS,low,training,intermediate,2,indoor,44,127,Adidas|Nike,performance,white,polyester,"Denver, CO",cold
U03734,34,female,152.8,71.2,30.5,6.5,XL,high,training,beginner,3,both,17,47,Adidas,athleisure,navy,knit,"Boston, MA",continental
U03735,43,female,154.8,59.2,24.7,7.5,L,high,lifestyle,beginner,4,both,16,45,Adidas,casual,black,fleece,"San Francisco, CA",temperate
U03736,22,female,161.8,51.6,19.7,8.0,S,high,basketball,beginner,2,outdoor,25,63,Jordan,performance,black,synthetic,"Portland, OR",temperate
U03737,54,male,172.5,88.1,29.6,9.5,XL,low,training,advanced,3,outdoor,27,86,Jordan|Adidas,athleisure,white,fleece,"Chicago, IL",continental
U03738,18,female,157.9,64.1,25.7,8.0,L,normal,running,beginner,2,outdoor,10,35,Adidas|Nike,casual,blue,mesh,"Dallas, TX",hot
U03739,59,female,164.4,60.3,22.3,8.5,M,normal,training,beginner,3,indoor,31,75,Adidas|Jordan|Nike,athleisure,multi,cotton,"San Diego, CA",hot
U03740,43,male,186.2,84.6,24.4,12.0,M,normal,lifestyle,intermediate,4,outdoor,38,129,Nike|Adidas,retro,pink,polyester,"Chicago, IL",continental
U03741,31,female,167.9,59.8,21.2,9.0,S,normal,training,advanced,4,indoor,120,279,Adidas,performance,red,mesh,"Detroit, MI",continental
U03742,49,female,169.1,81.2,28.4,10.0,XL,normal,running,beginner,3,outdoor,33,79,Adidas,performance,grey,synthetic,"San Diego, CA",hot
U03743,27,male,175.7,87.4,28.3,10.5,L,normal,yoga,beginner,4,indoor,18,65,Nike|Adidas,casual,black,polyester,"Detroit, MI",continental
U03744,18,male,170.2,78.5,27.1,8.5,L,high,training,beginner,4,indoor,40,92,Jordan|Nike,casual,orange,cotton,"Boston, MA",continental
U03745,53,female,156.9,70.7,28.7,6.5,XL,normal,running,intermediate,3,outdoor,15,88,Adidas,performance,black,mesh,"Houston, TX",tropical
U03746,30,female,163.1,75.8,28.5,8.5,XL,normal,training,intermediate,3,outdoor,32,91,Nike,performance,green,mesh,"Detroit, MI",continental
U03747,18,female,167.4,53.0,18.9,9.0,S,normal,outdoor,intermediate,3,outdoor,30,84,Nike|Adidas,performance,grey,knit,"Phoenix, AZ",hot
U03748,37,female,160.4,49.7,19.3,8.0,S,normal,basketball,intermediate,3,outdoor,51,127,Nike|Adidas,performance,blue,knit,"Miami, FL",tropical
U03749,39,male,188.1,67.2,19.0,11.5,XS,normal,yoga,beginner,3,indoor,18,63,Jordan|Adidas,athleisure,blue,cotton,"Boston, MA",continental
U03750,24,male,186.5,79.3,22.8,12.0,M,normal,training,intermediate,2,indoor,10,46,Nike|Adidas,performance,white,mesh,"Philadelphia, PA",temperate
U03751,20,male,175.1,71.7,23.4,9.0,M,normal,training,intermediate,4,outdoor,13,77,Nike|Adidas,athleisure,red,knit,"Detroit, MI",continental
U03752,29,male,180.0,77.4,23.9,10.5,M,normal,outdoor,advanced,2,outdoor,47,163,Adidas,performance,white,knit,"Las Vegas, NV",hot
U03753,49,male,174.0,88.4,29.2,10.0,XL,normal,training,intermediate,4,both,31,110,Nike|Adidas|Jordan,athleisure,black,fleece,"New York, NY",continental
U03754,58,female,154.1,67.2,28.3,7.5,XL,high,football,advanced,3,indoor,29,112,Adidas,performance,grey,leather,"New York, NY",continental
U03755,36,female,175.0,69.2,22.6,10.5,M,low,running,beginner,5,outdoor,27,80,Nike,performance,yellow,polyester,"Miami, FL",tropical
U03756,21,male,169.1,87.5,30.6,9.5,XL,normal,training,beginner,4,indoor,11,35,Adidas|Jordan,performance,grey,fleece,"Los Angeles, CA",hot
U03757,27,female,156.3,60.8,24.9,7.5,L,high,yoga,intermediate,3,indoor,23,125,Nike|Adidas,athleisure,multi,polyester,"Philadelphia, PA",temperate
U03758,59,female,159.8,67.2,26.3,8.0,L,low,running,beginner,3,indoor,19,113,Nike|Jordan,performance,black,mesh,"Minneapolis, MN",cold
U03759,27,female,154.9,49.4,20.6,7.5,S,normal,training,intermediate,3,indoor,34,81,Jordan|Adidas|Nike,athleisure,black,polyester,"Los Angeles, CA",hot
U03760,23,female,166.6,63.3,22.8,9.5,M,normal,football,beginner,3,both,20,55,Nike,retro,brown,fleece,"Minneapolis, MN",cold
U03761,47,female,165.1,49.3,18.1,9.0,XS,normal,training,beginner,3,both,17,59,Jordan,casual,black,leather,"Philadelphia, PA",temperate
U03762,31,male,170.9,84.7,29.0,8.5,XL,normal,running,intermediate,5,both,28,95,Nike,performance,black,nylon,"Los Angeles, CA",hot
U03763,31,female,162.7,59.3,22.4,8.5,M,high,yoga,advanced,4,outdoor,20,107,Adidas,athleisure,green,polyester,"Boston, MA",continental
U03764,26,female,156.3,61.1,25.0,7.0,L,low,yoga,intermediate,3,both,55,242,Adidas|Jordan,athleisure,black,polyester,"Charlotte, NC",temperate
U03765,58,male,164.6,82.6,30.5,8.5,XL,low,football,advanced,4,outdoor,63,159,Adidas|Nike,casual,red,cotton,"Dallas, TX",hot
U03766,45,male,181.7,86.5,26.2,11.5,L,high,yoga,intermediate,3,indoor,15,79,Jordan,retro,black,synthetic,"Minneapolis, MN",cold
U03767,38,male,172.2,89.6,30.2,9.5,XL,normal,running,intermediate,3,outdoor,14,76,Nike|Adidas,casual,purple,leather,"Charlotte, NC",temperate
U03768,35,male,176.3,64.0,20.6,9.5,S,normal,yoga,intermediate,4,indoor,34,108,Nike|Adidas,athleisure,navy,polyester,"San Diego, CA",hot
U03769,20,male,178.9,72.7,22.7,10.5,M,normal,basketball,beginner,5,outdoor,14,35,Nike|Jordan|Adidas,performance,blue,fleece,"Detroit, MI",continental
U03770,23,male,167.6,83.7,29.8,8.5,XL,low,yoga,advanced,4,indoor,56,211,Adidas,casual,grey,leather,"Seattle, WA",temperate
U03771,25,female,163.8,72.4,27.0,9.5,L,normal,training,beginner,4,outdoor,18,52,Nike|Adidas,performance,white,cotton,"Houston, TX",tropical
U03772,49,male,162.5,70.2,26.6,8.0,L,normal,lifestyle,intermediate,4,outdoor,52,124,Nike,athleisure,white,polyester,"Las Vegas, NV",hot
U03773,49,female,163.1,66.2,24.9,9.0,L,high,running,beginner,4,both,33,78,Adidas|Nike|Jordan,retro,multi,knit,"Seattle, WA",temperate
U03774,18,male,169.7,64.2,22.3,8.5,S,high,yoga,intermediate,3,both,37,129,Adidas|Nike|Jordan,athleisure,white,cotton,"Atlanta, GA",temperate
U03775,58,female,153.5,65.5,27.8,8.0,XL,low,swimming,intermediate,3,indoor,25,106,Nike|Adidas,performance,white,leather,"Boston, MA",continental
U03776,50,female,173.3,67.6,22.5,10.5,M,normal,training,intermediate,3,indoor,46,143,Nike|Adidas,performance,blue,knit,"Portland, OR",temperate
U03777,18,female,163.8,55.8,20.8,8.5,S,high,running,advanced,4,outdoor,89,208,Adidas|Nike,performance,white,leather,"Detroit, MI",continental
U03778,39,female,165.1,66.8,24.5,8.5,L,high,training,intermediate,2,indoor,32,91,Adidas|Nike,athleisure,white,leather,"Atlanta, GA",temperate
U03779,28,female,163.1,75.8,28.5,8.5,XL,normal,training,intermediate,3,indoor,113,259,Adidas,performance,white,synthetic,"Chicago, IL",continental
U03780,44,male,164.6,66.6,24.6,7.5,M,normal,running,beginner,3,both,24,75,Adidas|Nike,performance,black,leather,"Atlanta, GA",temperate
U03781,30,female,180.6,81.2,24.9,11.5,XL,normal,training,intermediate,5,indoor,16,104,Adidas|Nike|Jordan,performance,brown,polyester,"Dallas, TX",hot
U03782,50,male,175.7,75.0,24.3,9.0,M,normal,training,intermediate,2,indoor,21,74,Nike|Adidas,athleisure,black,nylon,"Orlando, FL",tropical
U03783,42,male,181.1,96.8,29.5,11.0,XL,normal,training,intermediate,4,both,40,96,Jordan,performance,black,polyester,"Seattle, WA",temperate
U03784,18,female,180.9,63.8,19.5,11.5,M,normal,running,intermediate,4,outdoor,16,102,Nike|Adidas,performance,green,cotton,"Minneapolis, MN",cold
U03785,37,female,160.5,49.7,19.3,8.5,S,high,running,intermediate,3,outdoor,37,109,Adidas|Nike,performance,blue,polyester,"Chicago, IL",continental
U03786,35,female,161.9,67.4,25.7,8.5,L,normal,running,intermediate,2,both,60,226,Nike,performance,grey,nylon,"Dallas, TX",hot
U03787,28,male,179.5,84.4,26.2,10.5,L,normal,tennis,beginner,4,indoor,15,55,Nike|Adidas,casual,blue,cotton,"Boston, MA",continental
U03788,39,male,170.9,82.9,28.4,8.5,L,normal,training,intermediate,3,indoor,45,140,Nike,casual,navy,mesh,"Denver, CO",cold
U03789,51,male,172.2,75.9,25.6,8.5,L,normal,running,beginner,2,outdoor,11,41,Nike|Adidas,athleisure,grey,leather,"Portland, OR",temperate
U03790,52,male,181.2,71.9,21.9,10.5,S,normal,running,advanced,5,both,176,413,Nike,performance,purple,leather,"Chicago, IL",continental
U03791,33,female,163.8,80.2,29.9,9.0,XL,low,running,beginner,2,both,10,39,Nike,performance,yellow,rubber,"San Francisco, CA",temperate
U03792,38,female,160.9,85.2,32.9,8.5,XXL,normal,yoga,beginner,2,indoor,59,155,Jordan|Nike|Adidas,athleisure,grey,polyester,"San Francisco, CA",temperate
U03793,18,male,170.2,66.0,22.8,8.5,M,normal,tennis,intermediate,2,both,14,81,Nike,retro,white,synthetic,"Chicago, IL",continental
U03794,53,male,187.4,106.4,30.3,12.5,XL,normal,football,intermediate,4,outdoor,10,41,Adidas,casual,blue,leather,"San Francisco, CA",temperate
U03795,34,male,170.9,64.5,22.1,9.5,S,low,lifestyle,beginner,4,both,23,115,Nike,athleisure,black,gore-tex,"San Diego, CA",hot
U03796,45,male,178.9,64.7,20.2,10.5,S,normal,training,advanced,3,indoor,37,171,Adidas|Nike,performance,white,polyester,"Phoenix, AZ",hot
U03797,50,male,183.5,74.1,22.0,11.0,S,normal,yoga,beginner,3,indoor,17,54,Adidas|Nike|Jordan,athleisure,grey,knit,"Detroit, MI",continental
U03798,49,male,186.8,92.5,26.5,11.5,L,normal,training,intermediate,5,indoor,35,137,Adidas|Jordan,athleisure,grey,synthetic,"Denver, CO",cold
U03799,26,male,179.5,76.4,23.7,10.0,M,normal,basketball,beginner,4,both,14,86,Nike|Adidas|Jordan,performance,black,knit,"Atlanta, GA",temperate
U03800,35,male,194.6,79.5,21.0,13.5,M,normal,training,advanced,4,both,80,196,Nike,performance,blue,rubber,"Boston, MA",continental
U03801,18,female,159.2,52.5,20.7,8.0,S,normal,yoga,intermediate,5,indoor,49,139,Adidas,athleisure,red,cotton,"Detroit, MI",continental
U03802,18,male,175.2,71.8,23.4,10.0,M,low,yoga,intermediate,4,indoor,42,96,Adidas|Nike|Jordan,performance,red,mesh,"Detroit, MI",continental
U03803,22,male,171.8,73.2,24.8,9.0,M,normal,training,beginner,3,indoor,27,70,Adidas,retro,orange,leather,"Minneapolis, MN",cold
U03804,21,male,178.9,86.1,26.9,10.5,L,low,training,beginner,3,indoor,14,43,Nike|Adidas,retro,black,cotton,"Miami, FL",tropical
U03805,47,female,161.9,83.4,31.8,8.5,XXL,normal,running,intermediate,4,outdoor,42,145,Adidas|Nike,athleisure,black,synthetic,"Orlando, FL",tropical
U03806,45,male,177.4,88.7,28.2,11.0,L,normal,training,advanced,3,indoor,58,133,Nike|Jordan|Adidas,athleisure,grey,knit,"Orlando, FL",tropical
U03807,45,male,171.8,81.2,27.5,9.0,L,normal,running,beginner,3,outdoor,11,41,Adidas,performance,blue,polyester,"Chicago, IL",continental
U03808,54,female,154.2,64.7,27.2,7.0,L,normal,yoga,intermediate,4,both,30,96,Nike|Adidas|Jordan,casual,black,knit,"Boston, MA",continental
U03809,45,female,168.6,66.2,23.3,9.0,M,normal,training,intermediate,4,indoor,24,94,Jordan|Nike,performance,white,rubber,"Orlando, FL",tropical
U03810,27,male,179.5,95.4,29.6,10.5,XL,normal,tennis,beginner,3,outdoor,22,96,Nike,athleisure,black,fleece,"Minneapolis, MN",cold
U03811,52,female,161.9,68.4,26.1,9.0,L,high,lifestyle,beginner,3,outdoor,14,35,Adidas,athleisure,navy,synthetic,"Houston, TX",tropical
U03812,50,female,157.9,78.8,31.6,8.0,XXL,low,training,intermediate,5,indoor,37,166,Nike|Adidas,performance,blue,leather,"Boston, MA",continental
U03813,44,male,175.7,88.3,28.6,10.5,XL,low,football,intermediate,2,outdoor,16,81,Nike,performance,pink,mesh,"Phoenix, AZ",hot
U03814,18,male,170.2,71.6,24.7,8.5,M,low,running,intermediate,4,outdoor,13,35,Adidas,retro,red,mesh,"San Francisco, CA",temperate
U03815,45,female,168.6,54.9,19.3,10.0,S,high,basketball,intermediate,5,indoor,25,63,Nike|Jordan,performance,white,polyester,"Orlando, FL",tropical
U03816,32,female,162.7,89.7,33.9,8.5,XXL,high,training,advanced,3,indoor,62,145,Adidas|Jordan,performance,green,nylon,"Chicago, IL",continental
U03817,42,female,172.4,47.6,16.0,10.0,XS,normal,running,intermediate,4,outdoor,44,127,Nike,athleisure,black,synthetic,"Boston, MA",continental
U03818,31,male,167.0,83.9,30.1,8.5,XL,low,training,beginner,3,indoor,16,61,Adidas|Nike|Jordan,performance,red,nylon,"Houston, TX",tropical
U03819,28,female,149.4,77.5,34.7,7.0,XXL,normal,training,intermediate,2,indoor,19,63,Nike,performance,red,gore-tex,"Seattle, WA",temperate
U03820,44,male,182.9,75.9,22.7,11.0,M,normal,training,intermediate,2,indoor,16,76,Adidas|Nike|Jordan,performance,white,cotton,"Miami, FL",tropical
U03821,27,female,171.1,73.5,25.1,10.0,L,low,football,intermediate,4,outdoor,14,64,Nike|Adidas,performance,black,knit,"Detroit, MI",continental
U03822,56,female,154.2,53.3,22.4,7.0,M,normal,yoga,beginner,3,indoor,25,59,Nike|Adidas,retro,black,fleece,"San Francisco, CA",temperate
U03823,18,female,170.1,68.6,23.7,9.0,M,normal,training,beginner,3,outdoor,21,51,Nike|Adidas,casual,red,knit,"Los Angeles, CA",hot
U03824,31,male,176.3,78.3,25.2,9.5,M,normal,running,advanced,3,outdoor,50,214,Adidas,performance,grey,gore-tex,"San Francisco, CA",temperate
U03825,33,female,164.4,83.8,31.0,9.0,XL,normal,training,beginner,4,indoor,10,35,Adidas|Nike,athleisure,multi,knit,"Phoenix, AZ",hot
U03826,39,male,189.2,59.8,16.7,12.0,XS,high,outdoor,intermediate,4,outdoor,37,84,Nike|Adidas,performance,red,leather,"Los Angeles, CA",hot
U03827,46,male,182.9,74.9,22.4,11.0,S,normal,yoga,beginner,3,indoor,41,152,Jordan|Nike,athleisure,black,mesh,"Portland, OR",temperate
U03828,33,female,172.8,64.2,21.5,10.0,M,low,basketball,intermediate,4,indoor,34,137,Adidas|Nike|Jordan,performance,grey,leather,"Minneapolis, MN",cold
U03829,31,female,161.9,61.3,23.4,7.5,M,low,running,advanced,2,outdoor,31,146,Nike,performance,black,synthetic,"Chicago, IL",continental
U03830,52,male,170.2,64.3,22.2,8.5,S,high,yoga,intermediate,4,indoor,19,69,Nike|Jordan|Adidas,athleisure,red,synthetic,"Las Vegas, NV",hot
U03831,49,female,167.4,64.2,22.9,9.0,M,normal,lifestyle,advanced,5,both,68,263,Nike|Adidas|Jordan,athleisure,beige,cotton,"Atlanta, GA",temperate
U03832,34,female,181.0,52.4,16.0,11.5,S,normal,training,intermediate,2,both,74,200,Adidas|Nike|Jordan,athleisure,green,leather,"Las Vegas, NV",hot
U03833,48,female,161.4,65.6,25.2,8.5,L,low,basketball,intermediate,3,outdoor,17,65,Nike|Adidas,retro,white,cotton,"Philadelphia, PA",temperate
U03834,24,male,175.2,64.5,21.0,9.0,S,normal,running,advanced,3,outdoor,25,87,Adidas|Nike,performance,black,cotton,"Philadelphia, PA",temperate
U03835,38,female,162.8,76.9,29.0,8.5,XL,normal,basketball,beginner,4,both,18,73,Nike|Jordan,performance,purple,gore-tex,"Portland, OR",temperate
U03836,30,female,159.2,59.8,23.6,8.0,M,normal,training,advanced,4,indoor,47,193,Nike|Adidas,athleisure,black,nylon,"Denver, CO",cold
U03837,55,male,175.7,82.4,26.7,9.5,L,normal,basketball,intermediate,4,outdoor,29,129,Nike|Adidas|Jordan,casual,pink,knit,"Minneapolis, MN",cold
U03838,38,female,165.1,48.8,17.9,9.0,XS,normal,basketball,beginner,4,both,42,141,Adidas,casual,white,synthetic,"San Francisco, CA",temperate
U03839,47,male,181.7,73.0,22.1,11.0,S,high,training,advanced,3,indoor,31,110,Adidas|Nike|Jordan,performance,white,mesh,"San Francisco, CA",temperate
U03840,30,female,158.7,49.9,19.8,7.5,S,normal,yoga,advanced,2,indoor,28,168,Adidas,athleisure,black,knit,"Atlanta, GA",temperate
U03841,38,male,171.0,74.3,25.4,8.5,M,normal,outdoor,advanced,3,outdoor,96,223,Nike,casual,black,leather,"Houston, TX",tropical
U03842,52,female,158.0,53.4,21.4,7.0,S,high,running,intermediate,4,both,36,142,Adidas|Jordan,performance,black,gore-tex,"Chicago, IL",continental
U03843,52,male,176.3,76.5,24.6,10.0,M,high,training,intermediate,3,indoor,30,80,Nike|Adidas,retro,blue,polyester,"San Diego, CA",hot
U03844,47,male,179.5,64.8,20.1,11.0,S,normal,training,intermediate,4,indoor,34,81,Nike,performance,blue,nylon,"Boston, MA",continental
U03845,25,male,190.6,83.2,22.9,13.0,L,normal,training,intermediate,4,indoor,13,87,Nike|Jordan,performance,blue,leather,"Charlotte, NC",temperate
U03846,24,female,149.6,54.8,24.5,6.0,L,normal,yoga,beginner,3,indoor,20,109,Nike,athleisure,black,fleece,"Philadelphia, PA",temperate
U03847,22,male,176.3,86.1,27.7,9.5,L,normal,running,intermediate,4,outdoor,12,57,Nike|Adidas,athleisure,orange,polyester,"Atlanta, GA",temperate
U03848,23,female,165.1,64.3,23.6,9.0,M,low,running,intermediate,4,outdoor,31,75,Adidas,athleisure,black,mesh,"Minneapolis, MN",cold
U03849,19,female,161.9,76.5,29.2,8.5,XL,low,training,intermediate,5,indoor,37,119,Nike,athleisure,yellow,leather,"Charlotte, NC",temperate
U03850,51,female,155.6,63.9,26.4,7.5,L,normal,training,intermediate,4,both,16,66,Adidas,performance,white,polyester,"Phoenix, AZ",hot
U03851,28,male,185.1,74.0,21.6,11.5,S,low,training,intermediate,3,indoor,19,117,Adidas,performance,blue,leather,"San Diego, CA",hot
U03852,48,male,177.0,84.9,27.1,10.0,L,normal,running,advanced,2,outdoor,12,74,Adidas|Nike,casual,red,knit,"New York, NY",continental
U03853,45,male,181.2,96.9,29.5,11.5,XL,high,football,intermediate,4,outdoor,37,114,Nike|Adidas,performance,navy,rubber,"Dallas, TX",hot
U03854,27,female,161.9,68.2,26.0,8.5,L,normal,running,intermediate,4,outdoor,39,107,Nike|Adidas,performance,navy,synthetic,"New York, NY",continental
U03855,54,male,188.1,73.9,20.9,12.0,S,normal,training,beginner,2,indoor,19,70,Adidas|Jordan,performance,grey,leather,"Los Angeles, CA",hot
U03856,29,female,169.4,78.6,27.4,9.5,L,normal,running,intermediate,3,outdoor,17,73,Adidas,performance,blue,leather,"Orlando, FL",tropical
U03857,18,male,178.9,76.2,23.8,9.5,M,normal,training,advanced,4,indoor,58,149,Jordan|Nike|Adidas,performance,black,cotton,"Houston, TX",tropical
U03858,25,female,159.9,69.8,27.3,8.0,L,normal,yoga,beginner,3,indoor,26,64,Adidas|Jordan,athleisure,black,cotton,"Philadelphia, PA",temperate
U03859,23,female,168.3,49.6,17.5,9.0,XS,high,tennis,advanced,3,indoor,62,233,Adidas,performance,green,fleece,"Chicago, IL",continental
U03860,43,male,184.0,64.7,19.1,11.5,XS,normal,skateboarding,beginner,4,outdoor,32,85,Nike|Jordan,casual,red,cotton,"Denver, CO",cold
U03861,20,male,176.3,88.6,28.5,10.0,XL,normal,training,beginner,3,indoor,14,35,Nike,performance,white,gore-tex,"Dallas, TX",hot
U03862,18,female,160.5,49.7,19.3,8.0,S,normal,running,advanced,5,outdoor,25,95,Jordan|Nike,performance,orange,cotton,"Seattle, WA",temperate
U03863,43,male,174.5,64.6,21.2,9.5,S,high,football,advanced,4,outdoor,25,127,Jordan,performance,orange,synthetic,"Phoenix, AZ",hot
U03864,18,male,194.8,70.2,18.5,13.5,S,normal,running,beginner,2,outdoor,15,57,Nike|Jordan,performance,blue,polyester,"Houston, TX",tropical
U03865,53,female,165.1,71.7,26.3,9.0,L,normal,running,beginner,5,outdoor,10,61,Adidas,performance,multi,knit,"Dallas, TX",hot
U03866,38,female,163.1,65.4,24.6,9.0,L,normal,basketball,beginner,4,both,10,60,Adidas|Nike,retro,white,cotton,"Atlanta, GA",temperate
U03867,41,female,160.5,67.2,26.1,8.5,L,low,running,beginner,4,outdoor,84,212,Nike|Jordan,performance,white,synthetic,"Orlando, FL",tropical
U03868,54,female,161.9,54.0,20.6,8.0,S,normal,training,intermediate,4,indoor,34,85,Nike|Adidas,athleisure,black,mesh,"Houston, TX",tropical
U03869,24,male,187.4,92.7,26.4,12.0,L,high,yoga,advanced,3,indoor,84,243,Nike,athleisure,black,leather,"Minneapolis, MN",cold
U03870,34,female,169.5,78.7,27.4,10.0,L,low,training,intermediate,3,both,40,99,Adidas,performance,orange,cotton,"Los Angeles, CA",hot
U03871,48,male,177.0,84.9,27.1,10.5,L,normal,running,advanced,2,both,28,66,Nike|Jordan,performance,red,gore-tex,"Houston, TX",tropical
U03872,42,male,171.8,81.2,27.5,9.0,L,normal,football,beginner,3,outdoor,25,70,Nike|Jordan,performance,black,cotton,"Los Angeles, CA",hot
U03873,18,male,173.4,78.2,26.0,9.5,L,normal,basketball,intermediate,3,indoor,58,138,Adidas|Nike,performance,red,synthetic,"Miami, FL",tropical
U03874,57,female,152.1,59.7,25.8,7.0,L,high,training,beginner,4,both,30,70,Jordan|Nike,athleisure,black,nylon,"Portland, OR",temperate
U03875,41,female,171.7,74.3,25.2,10.5,L,normal,training,intermediate,2,both,27,117,Adidas,performance,grey,knit,"Atlanta, GA",temperate
U03876,43,male,171.8,78.5,26.6,9.5,L,high,training,intermediate,5,indoor,46,106,Adidas|Nike,retro,multi,mesh,"Charlotte, NC",temperate
U03877,47,male,180.1,81.1,25.0,11.0,M,high,training,intermediate,2,indoor,38,85,Nike|Jordan,performance,white,leather,"Denver, CO",cold
U03878,30,female,164.4,54.9,20.3,9.5,S,normal,running,advanced,4,outdoor,56,240,Nike|Adidas,performance,red,mesh,"Charlotte, NC",temperate
U03879,32,male,176.3,78.3,25.2,10.0,M,normal,training,advanced,3,indoor,46,137,Jordan|Nike,performance,black,synthetic,"Portland, OR",temperate
U03880,46,female,174.9,55.7,18.2,10.5,XS,normal,swimming,intermediate,3,indoor,17,80,Nike|Jordan,performance,white,knit,"Houston, TX",tropical
U03881,18,male,173.5,78.3,26.0,8.5,L,normal,training,intermediate,3,indoor,27,102,Jordan|Nike,athleisure,white,knit,"Phoenix, AZ",hot
U03882,47,female,166.2,70.2,25.4,9.0,L,normal,running,beginner,3,outdoor,19,57,Nike|Jordan,performance,yellow,knit,"Orlando, FL",tropical
U03883,27,male,182.9,66.6,19.9,11.0,S,normal,lifestyle,intermediate,4,both,29,180,Jordan|Nike,casual,black,knit,"Orlando, FL",tropical
U03884,35,male,181.2,64.7,19.7,10.5,S,normal,running,beginner,5,outdoor,27,79,Nike|Adidas|Jordan,performance,white,cotton,"San Diego, CA",hot
U03885,36,male,180.6,79.3,24.3,10.0,M,normal,running,intermediate,4,outdoor,22,76,Nike|Adidas|Jordan,performance,black,mesh,"Philadelphia, PA",temperate
U03886,27,male,174.5,74.3,24.4,9.5,M,low,training,intermediate,4,indoor,12,65,Adidas,performance,blue,cotton,"San Diego, CA",hot
U03887,24,female,167.5,51.6,18.4,9.5,XS,normal,football,intermediate,4,outdoor,24,68,Jordan|Adidas|Nike,casual,white,polyester,"Phoenix, AZ",hot
U03888,24,male,179.5,84.4,26.2,10.5,L,normal,basketball,beginner,4,outdoor,61,142,Nike,performance,black,polyester,"Dallas, TX",hot
U03889,18,male,170.2,76.8,26.5,9.0,L,normal,football,advanced,2,outdoor,18,122,Nike|Adidas|Jordan,performance,grey,synthetic,"Las Vegas, NV",hot
U03890,37,male,188.9,83.9,23.5,12.5,M,normal,yoga,intermediate,2,indoor,41,144,Adidas|Nike|Jordan,athleisure,blue,synthetic,"Seattle, WA",temperate
U03891,24,male,167.6,79.8,28.4,9.0,L,normal,lifestyle,beginner,4,indoor,10,35,Nike,casual,white,cotton,"Miami, FL",tropical
U03892,18,female,153.5,67.4,28.6,7.5,XL,normal,training,intermediate,3,indoor,12,55,Nike,athleisure,multi,leather,"Las Vegas, NV",hot
U03893,46,female,164.4,74.6,27.6,9.0,XL,normal,training,beginner,3,indoor,18,60,Nike|Jordan,retro,black,mesh,"Dallas, TX",hot
U03894,41,female,166.6,47.5,17.1,9.0,XS,normal,training,beginner,5,both,32,133,Adidas,performance,pink,synthetic,"Portland, OR",temperate
U03895,23,male,169.1,73.8,25.8,8.5,L,low,running,beginner,4,outdoor,12,35,Adidas|Nike,performance,blue,fleece,"Denver, CO",cold
U03896,18,male,189.9,59.9,16.6,12.5,XS,normal,swimming,beginner,2,indoor,10,41,Jordan,performance,grey,synthetic,"Atlanta, GA",temperate
U03897,31,male,169.7,68.5,23.8,8.5,M,normal,training,intermediate,2,both,59,153,Jordan|Nike,athleisure,red,knit,"Las Vegas, NV",hot
U03898,26,male,167.6,76.1,27.1,9.0,L,normal,running,beginner,3,outdoor,26,127,Nike,performance,black,knit,"Seattle, WA",temperate
U03899,47,female,169.1,81.2,28.4,9.0,XL,normal,training,beginner,3,both,33,78,Adidas|Jordan,performance,beige,mesh,"Seattle, WA",temperate
U03900,45,female,159.9,76.2,29.8,8.5,XL,normal,skateboarding,beginner,3,outdoor,23,86,Nike|Jordan,retro,yellow,gore-tex,"Phoenix, AZ",hot
U03901,41,male,164.7,81.9,30.2,8.5,XL,high,yoga,advanced,5,indoor,19,113,Adidas|Nike,casual,green,leather,"San Francisco, CA",temperate
U03902,40,male,184.5,86.1,25.3,11.5,M,normal,outdoor,beginner,4,outdoor,10,37,Adidas|Nike,performance,multi,nylon,"New York, NY",continental
U03903,22,female,171.1,50.9,17.4,9.0,XS,high,yoga,intermediate,5,both,16,53,Nike|Adidas,performance,multi,gore-tex,"Boston, MA",continental
U03904,22,female,149.7,79.1,35.3,6.5,XXL,normal,training,advanced,4,indoor,40,94,Adidas|Nike,athleisure,black,synthetic,"San Diego, CA",hot
U03905,35,female,169.1,68.9,24.1,9.0,M,normal,running,intermediate,4,outdoor,35,115,Nike,performance,brown,synthetic,"Chicago, IL",continental
U03906,36,male,173.5,90.3,30.0,10.0,XL,normal,training,intermediate,4,both,18,63,Adidas,performance,orange,leather,"Houston, TX",tropical
U03907,22,male,174.6,71.3,23.4,9.5,M,low,yoga,beginner,3,indoor,23,59,Nike|Jordan,performance,grey,cotton,"Denver, CO",cold
U03908,37,male,170.2,91.0,31.4,9.0,XL,normal,training,intermediate,2,indoor,20,92,Adidas,performance,blue,knit,"Miami, FL",tropical
U03909,57,male,175.7,82.4,26.7,9.0,L,normal,basketball,intermediate,4,both,24,68,Jordan|Adidas,performance,navy,leather,"Houston, TX",tropical
U03910,24,male,186.5,79.3,22.8,12.0,M,high,running,intermediate,2,outdoor,27,125,Adidas,athleisure,blue,leather,"Orlando, FL",tropical
U03911,50,female,167.9,71.9,25.5,9.5,L,normal,running,intermediate,4,outdoor,28,70,Nike,performance,grey,leather,"Phoenix, AZ",hot
U03912,39,male,170.3,91.1,31.4,9.0,XL,normal,training,intermediate,2,indoor,80,192,Nike|Adidas,casual,red,mesh,"Los Angeles, CA",hot
U03913,31,female,172.8,80.6,27.0,10.5,L,low,yoga,beginner,2,indoor,19,92,Nike|Adidas,athleisure,yellow,cotton,"Las Vegas, NV",hot
U03914,38,female,170.6,78.0,26.8,10.0,L,normal,training,beginner,4,indoor,10,43,Nike,athleisure,multi,mesh,"San Diego, CA",hot
U03915,50,male,177.4,92.8,29.5,10.5,XL,normal,outdoor,intermediate,4,outdoor,64,174,Nike|Adidas,athleisure,red,polyester,"Atlanta, GA",temperate
U03916,27,male,180.1,84.3,26.0,11.0,L,normal,running,advanced,3,both,36,104,Adidas|Nike|Jordan,performance,multi,synthetic,"Denver, CO",cold
U03917,32,female,166.2,64.6,23.4,8.5,M,normal,running,advanced,3,outdoor,96,284,Nike,performance,multi,polyester,"Philadelphia, PA",temperate
U03918,37,female,167.1,61.2,21.9,8.5,M,low,swimming,advanced,2,indoor,58,190,Jordan|Nike|Adidas,performance,red,mesh,"Charlotte, NC",temperate
U03919,53,female,170.1,52.4,18.1,10.5,XS,normal,training,beginner,4,indoor,10,35,Nike|Jordan,athleisure,white,cotton,"Miami, FL",tropical
U03920,19,female,168.3,64.0,22.6,9.5,M,low,running,intermediate,4,outdoor,18,50,Nike,retro,blue,knit,"Phoenix, AZ",hot
U03921,58,male,178.0,78.6,24.8,9.5,M,normal,training,beginner,2,indoor,10,45,Nike|Adidas,performance,brown,cotton,"Chicago, IL",continental
U03922,32,female,181.1,72.2,22.0,11.0,L,high,football,intermediate,4,outdoor,47,151,Jordan|Adidas,casual,black,synthetic,"Detroit, MI",continental
U03923,52,male,167.1,73.2,26.2,8.5,L,low,yoga,beginner,3,outdoor,15,61,Adidas|Nike,athleisure,green,cotton,"Denver, CO",cold
U03924,61,male,174.0,67.2,22.2,9.0,S,high,football,intermediate,4,outdoor,20,79,Nike,performance,multi,mesh,"Orlando, FL",tropical
U03925,60,male,176.3,78.3,25.2,9.5,M,high,football,intermediate,4,outdoor,35,88,Adidas,performance,pink,nylon,"Seattle, WA",temperate
U03926,32,male,190.6,85.0,23.4,12.5,L,normal,training,intermediate,4,both,13,45,Nike,performance,multi,synthetic,"Phoenix, AZ",hot
U03927,18,female,171.7,47.2,16.0,10.0,XS,high,training,beginner,2,indoor,22,75,Nike|Adidas,performance,pink,polyester,"Atlanta, GA",temperate
U03928,45,male,179.0,105.7,33.0,11.0,XXL,normal,training,beginner,5,both,48,114,Jordan|Adidas,performance,multi,knit,"Las Vegas, NV",hot
U03929,37,male,184.0,84.6,25.0,12.0,M,normal,training,advanced,2,indoor,73,230,Nike|Adidas|Jordan,athleisure,multi,polyester,"San Diego, CA",hot
U03930,41,male,184.0,86.3,25.5,11.0,L,high,training,advanced,3,outdoor,54,138,Jordan|Adidas,athleisure,red,gore-tex,"Philadelphia, PA",temperate
U03931,19,female,155.6,66.6,27.5,7.0,XL,normal,running,intermediate,3,outdoor,24,59,Nike|Adidas,performance,navy,gore-tex,"Detroit, MI",continental
U03932,38,male,175.2,69.4,22.6,9.5,M,normal,training,intermediate,4,both,24,67,Adidas|Nike,performance,brown,polyester,"New York, NY",continental
U03933,27,male,182.9,81.6,24.4,11.5,M,normal,yoga,intermediate,4,indoor,13,65,Jordan|Nike,athleisure,green,synthetic,"Chicago, IL",continental
U03934,35,male,188.2,68.4,19.3,12.0,XS,normal,running,intermediate,4,indoor,51,272,Nike|Jordan|Adidas,performance,navy,knit,"San Diego, CA",hot
U03935,21,male,187.4,70.6,20.1,12.0,S,high,running,advanced,5,outdoor,37,131,Nike|Adidas,athleisure,pink,knit,"Las Vegas, NV",hot
U03936,42,male,177.4,88.7,28.2,10.0,L,normal,training,advanced,3,indoor,41,241,Nike,performance,black,polyester,"Chicago, IL",continental
U03937,31,male,185.6,79.6,23.1,11.5,M,normal,yoga,beginner,4,indoor,22,93,Adidas|Nike,athleisure,multi,leather,"Denver, CO",cold
U03938,46,male,194.8,96.8,25.5,13.0,XL,normal,yoga,advanced,5,both,37,175,Jordan|Adidas|Nike,retro,grey,leather,"Las Vegas, NV",hot
U03939,28,male,174.0,87.5,28.9,9.5,XL,high,outdoor,beginner,2,outdoor,10,44,Jordan,performance,black,knit,"Boston, MA",continental
U03940,25,female,171.1,50.9,17.4,10.0,XS,normal,yoga,intermediate,5,indoor,35,131,Nike|Adidas,performance,grey,leather,"Phoenix, AZ",hot
U03941,21,male,195.1,75.7,19.9,13.5,M,normal,lifestyle,intermediate,2,indoor,12,55,Adidas|Nike,retro,blue,cotton,"San Francisco, CA",temperate
U03942,42,male,171.0,76.3,26.1,9.5,L,normal,tennis,advanced,4,outdoor,38,212,Adidas|Jordan,retro,multi,polyester,"Denver, CO",cold
U03943,24,male,169.7,76.9,26.7,8.5,L,low,swimming,beginner,4,indoor,13,35,Nike|Adidas|Jordan,performance,navy,synthetic,"San Francisco, CA",temperate
U03944,30,female,163.8,48.8,18.2,8.0,XS,high,tennis,beginner,2,both,23,54,Nike|Jordan,retro,black,synthetic,"Portland, OR",temperate
U03945,41,male,162.6,79.6,30.1,7.5,XL,high,training,intermediate,4,both,29,87,Adidas,casual,black,fleece,"Orlando, FL",tropical
U03946,34,female,167.1,72.0,25.8,9.0,L,normal,training,intermediate,3,outdoor,81,189,Adidas,performance,grey,knit,"Miami, FL",tropical
U03947,19,female,163.1,72.6,27.3,9.0,L,normal,swimming,advanced,3,indoor,10,49,Jordan,performance,purple,cotton,"Atlanta, GA",temperate
U03948,34,male,180.1,78.5,24.2,10.5,M,high,yoga,intermediate,3,indoor,106,279,Adidas|Nike|Jordan,athleisure,grey,cotton,"Las Vegas, NV",hot
U03949,35,male,172.2,86.3,29.1,10.0,XL,low,outdoor,intermediate,4,outdoor,20,75,Adidas,performance,multi,synthetic,"San Francisco, CA",temperate
U03950,18,male,175.2,82.6,26.9,10.0,L,low,yoga,beginner,2,indoor,15,51,Nike|Adidas,performance,black,nylon,"Denver, CO",cold
U03951,48,male,179.6,92.9,28.8,10.5,XL,normal,training,intermediate,2,indoor,44,125,Adidas|Jordan,performance,navy,mesh,"San Diego, CA",hot
U03952,56,female,169.5,51.1,17.8,9.5,XS,normal,running,intermediate,2,outdoor,38,99,Adidas,performance,multi,fleece,"Los Angeles, CA",hot
U03953,26,male,167.1,76.5,27.4,7.5,L,normal,running,beginner,4,outdoor,16,93,Adidas,casual,blue,synthetic,"Orlando, FL",tropical
U03954,47,male,186.2,84.2,24.3,12.0,M,normal,running,beginner,5,outdoor,22,84,Jordan|Nike,performance,blue,fleece,"San Francisco, CA",temperate
U03955,37,male,177.4,82.1,26.1,10.5,L,normal,running,advanced,2,outdoor,147,388,Nike,retro,white,synthetic,"Las Vegas, NV",hot
U03956,18,male,175.2,66.3,21.6,9.0,S,normal,lifestyle,intermediate,2,both,36,117,Adidas|Jordan,casual,orange,knit,"New York, NY",continental
U03957,40,female,152.8,57.9,24.8,6.5,L,normal,yoga,beginner,4,indoor,16,62,Nike,retro,beige,cotton,"Portland, OR",temperate
U03958,20,female,167.9,59.8,21.2,9.0,S,normal,running,beginner,2,outdoor,10,42,Adidas,performance,grey,rubber,"Seattle, WA",temperate
U03959,28,female,165.1,67.1,24.6,8.5,L,normal,running,intermediate,4,outdoor,12,82,Jordan,performance,beige,mesh,"Phoenix, AZ",hot
U03960,20,female,170.1,63.4,21.9,9.5,M,high,training,advanced,5,indoor,65,233,Nike,performance,black,nylon,"Philadelphia, PA",temperate
U03961,35,male,183.5,70.4,20.9,11.5,S,high,running,beginner,4,outdoor,40,136,Nike,athleisure,red,cotton,"Philadelphia, PA",temperate
U03962,56,female,181.6,69.6,21.1,11.5,M,normal,yoga,intermediate,5,indoor,29,131,Nike,athleisure,white,fleece,"Chicago, IL",continental
U03963,18,female,166.2,83.1,30.1,9.5,XL,normal,running,advanced,5,both,14,36,Nike|Adidas,performance,black,fleece,"San Diego, CA",hot
U03964,20,female,167.9,70.5,25.0,9.0,L,normal,running,beginner,4,outdoor,13,35,Adidas,performance,red,mesh,"Denver, CO",cold
U03965,54,male,166.3,89.1,32.2,8.5,XL,normal,basketball,beginner,3,indoor,13,65,Adidas,performance,navy,synthetic,"Boston, MA",continental
U03966,53,male,162.6,76.4,28.9,8.0,XL,high,training,intermediate,4,indoor,20,98,Jordan|Adidas,performance,navy,cotton,"Charlotte, NC",temperate
U03967,35,female,155.6,68.3,28.2,7.5,XL,normal,training,intermediate,2,indoor,43,106,Adidas|Nike,performance,green,fleece,"Phoenix, AZ",hot
U03968,52,female,156.9,70.7,28.7,7.5,XL,normal,training,intermediate,3,indoor,76,178,Nike|Adidas|Jordan,performance,blue,leather,"San Diego, CA",hot
U03969,27,female,163.1,73.2,27.5,9.0,XL,low,training,intermediate,4,indoor,77,174,Adidas|Nike,athleisure,grey,gore-tex,"Phoenix, AZ",hot
U03970,18,male,181.7,64.4,19.5,11.5,S,normal,outdoor,advanced,3,outdoor,52,146,Nike,retro,green,mesh,"Denver, CO",cold
U03971,24,female,149.7,54.9,24.5,6.5,L,normal,yoga,beginner,3,indoor,15,35,Adidas|Nike,casual,pink,cotton,"New York, NY",continental
U03972,20,male,178.0,84.9,26.8,10.5,L,normal,training,intermediate,4,indoor,10,51,Adidas|Nike|Jordan,performance,blue,cotton,"Chicago, IL",continental
U03973,32,female,150.0,65.5,29.1,7.0,XL,normal,training,intermediate,3,both,21,108,Nike,performance,red,cotton,"Miami, FL",tropical
U03974,29,male,195.1,89.8,23.6,13.5,L,high,lifestyle,intermediate,3,both,20,125,Nike,athleisure,blue,mesh,"Seattle, WA",temperate
U03975,30,male,175.2,78.0,25.4,9.5,M,high,football,intermediate,3,outdoor,20,63,Adidas,casual,red,synthetic,"Charlotte, NC",temperate
U03976,24,female,165.7,49.7,18.1,8.5,XS,normal,running,intermediate,3,outdoor,25,114,Nike|Adidas|Jordan,performance,grey,knit,"Detroit, MI",continental
U03977,18,female,160.5,49.7,19.3,7.5,S,normal,swimming,advanced,5,indoor,21,65,Jordan,performance,orange,cotton,"San Francisco, CA",temperate
U03978,18,male,185.6,81.3,23.6,11.5,M,normal,running,intermediate,2,outdoor,10,35,Nike|Jordan|Adidas,performance,pink,leather,"Orlando, FL",tropical
U03979,18,male,172.5,84.5,28.4,9.5,L,normal,lifestyle,intermediate,4,both,19,60,Adidas|Jordan,retro,pink,fleece,"Dallas, TX",hot
U03980,55,male,170.3,64.4,22.2,8.5,S,normal,yoga,intermediate,4,indoor,78,187,Nike|Adidas,athleisure,multi,mesh,"Los Angeles, CA",hot
U03981,26,male,186.8,92.5,26.5,12.5,L,normal,lifestyle,beginner,3,both,45,123,Nike,casual,blue,synthetic,"San Diego, CA",hot
U03982,18,male,177.4,63.9,20.3,10.0,S,normal,training,advanced,2,both,18,69,Adidas,athleisure,multi,fleece,"Atlanta, GA",temperate
U03983,40,female,173.8,72.2,23.9,9.5,M,normal,yoga,advanced,4,indoor,15,87,Adidas,athleisure,grey,cotton,"San Francisco, CA",temperate
U03984,21,male,170.3,87.6,30.2,9.0,XL,low,tennis,advanced,3,outdoor,42,186,Nike|Jordan,performance,brown,mesh,"Denver, CO",cold
U03985,20,male,185.1,83.9,24.5,11.0,M,normal,running,beginner,5,indoor,13,44,Nike|Adidas,performance,navy,fleece,"Houston, TX",tropical
U03986,52,female,157.5,68.2,27.5,8.0,XL,high,outdoor,intermediate,2,outdoor,42,186,Adidas|Jordan,casual,navy,leather,"Philadelphia, PA",temperate
U03987,44,male,174.6,74.7,24.5,9.0,M,normal,training,intermediate,4,outdoor,55,144,Nike,performance,purple,cotton,"New York, NY",continental
U03988,45,female,174.9,71.6,23.4,11.0,M,high,yoga,intermediate,5,indoor,66,154,Nike|Jordan,casual,multi,cotton,"Orlando, FL",tropical
U03989,35,female,181.7,74.6,22.6,12.0,L,normal,lifestyle,intermediate,4,both,15,74,Adidas|Nike,retro,black,mesh,"Atlanta, GA",temperate
U03990,44,male,189.9,83.7,23.2,12.0,M,normal,football,intermediate,4,both,19,127,Nike|Jordan,performance,black,polyester,"Phoenix, AZ",hot
U03991,20,male,182.9,66.6,19.9,11.0,S,normal,running,advanced,2,indoor,55,316,Adidas,casual,green,polyester,"Chicago, IL",continental
U03992,23,female,159.9,61.1,23.9,8.0,M,high,running,intermediate,4,outdoor,36,91,Adidas|Nike|Jordan,performance,grey,cotton,"Las Vegas, NV",hot
U03993,20,male,171.9,79.8,27.0,9.5,L,normal,swimming,beginner,5,indoor,10,52,Adidas|Nike,casual,black,polyester,"Atlanta, GA",temperate
U03994,62,female,164.4,67.0,24.8,8.0,L,normal,outdoor,advanced,2,outdoor,42,113,Nike|Adidas,performance,white,knit,"Chicago, IL",continental
U03995,44,male,181.2,83.1,25.3,11.0,M,normal,training,beginner,4,indoor,10,35,Jordan,athleisure,grey,knit,"Chicago, IL",continental
U03996,38,male,177.0,76.8,24.5,9.0,M,low,running,beginner,3,outdoor,11,41,Nike|Adidas,performance,green,knit,"Denver, CO",cold
U03997,32,female,168.6,58.8,20.7,9.0,S,normal,running,beginner,3,outdoor,17,45,Nike,performance,black,knit,"Detroit, MI",continental
U03998,51,male,184.5,82.4,24.2,11.5,M,low,training,intermediate,2,indoor,13,53,Adidas|Jordan,performance,blue,leather,"Boston, MA",continental
U03999,18,male,177.4,93.8,29.8,11.5,XL,normal,football,intermediate,4,outdoor,18,45,Nike,performance,black,knit,"Boston, MA",continental
U04000,52,male,180.6,91.7,28.1,11.0,L,high,training,intermediate,3,indoor,10,38,Nike,performance,pink,gore-tex,"Detroit, MI",continental
U04001,37,male,185.6,81.3,23.6,11.0,M,normal,tennis,beginner,4,outdoor,17,47,Jordan,performance,multi,mesh,"Detroit, MI",continental
U04002,39,male,165.6,83.9,30.6,8.0,XL,low,training,intermediate,4,indoor,59,139,Adidas|Nike|Jordan,performance,grey,fleece,"Las Vegas, NV",hot
U04003,32,female,166.6,61.1,22.0,9.0,M,high,running,beginner,2,outdoor,11,57,Nike|Adidas|Jordan,athleisure,beige,leather,"Houston, TX",tropical
U04004,48,male,164.7,66.7,24.6,7.5,M,high,running,beginner,3,outdoor,18,57,Nike|Jordan,performance,brown,cotton,"Miami, FL",tropical
U04005,61,male,166.0,95.3,34.6,8.0,XXL,normal,basketball,beginner,3,outdoor,25,74,Nike,performance,grey,leather,"Orlando, FL",tropical
U04006,34,female,158.7,49.9,19.8,7.5,S,normal,yoga,advanced,2,outdoor,64,335,Adidas|Jordan,athleisure,black,nylon,"Atlanta, GA",temperate
U04007,18,male,179.0,70.8,22.1,10.5,S,normal,running,intermediate,2,outdoor,70,224,Nike|Jordan|Adidas,performance,white,mesh,"Dallas, TX",hot
U04008,46,female,166.2,62.2,22.5,9.0,M,normal,training,beginner,2,both,16,69,Nike|Jordan,athleisure,beige,knit,"Denver, CO",cold
U04009,22,male,176.3,78.6,25.3,9.5,M,high,lifestyle,intermediate,3,both,29,76,Adidas|Nike,retro,grey,gore-tex,"Minneapolis, MN",cold
U04010,21,female,166.2,58.8,21.3,9.0,S,normal,running,intermediate,5,indoor,23,72,Adidas|Jordan,performance,blue,leather,"Detroit, MI",continental
U04011,59,male,174.6,79.6,26.1,9.5,L,high,football,advanced,5,outdoor,47,173,Adidas|Jordan,casual,black,knit,"Dallas, TX",hot
U04012,40,female,167.5,73.2,26.1,9.0,L,normal,training,beginner,3,indoor,23,61,Adidas,performance,white,leather,"Orlando, FL",tropical
U04013,44,male,185.7,79.3,23.0,11.5,M,normal,training,beginner,2,indoor,23,61,Nike,retro,beige,mesh,"New York, NY",continental
U04014,26,female,156.3,69.6,28.5,8.0,XL,low,football,intermediate,3,outdoor,22,101,Adidas|Jordan,performance,beige,leather,"Seattle, WA",temperate
U04015,21,female,171.1,61.2,20.9,9.5,S,high,running,beginner,2,outdoor,10,36,Jordan,retro,white,leather,"San Francisco, CA",temperate
U04016,47,male,177.4,97.2,30.9,10.0,XL,normal,basketball,beginner,4,indoor,10,35,Adidas,performance,pink,knit,"Portland, OR",temperate
U04017,39,female,169.5,77.9,27.1,10.0,L,normal,yoga,beginner,3,both,20,49,Nike|Jordan,performance,pink,mesh,"San Diego, CA",hot
U04018,20,female,167.9,56.7,20.1,9.5,S,normal,football,intermediate,3,both,43,159,Nike|Adidas,performance,grey,cotton,"Minneapolis, MN",cold
U04019,20,male,175.2,79.5,25.9,9.0,L,normal,running,advanced,4,outdoor,52,245,Nike,performance,pink,polyester,"Boston, MA",continental
U04020,18,female,156.3,71.1,29.1,7.5,XL,low,skateboarding,beginner,3,outdoor,21,79,Jordan|Adidas,retro,brown,polyester,"Boston, MA",continental
U04021,23,female,163.8,80.0,29.8,8.5,XL,low,training,intermediate,2,indoor,19,70,Nike,performance,green,mesh,"New York, NY",continental
U04022,22,female,154.2,67.3,28.3,7.5,XL,normal,swimming,advanced,3,indoor,28,97,Adidas,performance,navy,cotton,"Chicago, IL",continental
U04023,23,male,172.5,84.5,28.4,9.0,L,normal,yoga,intermediate,4,indoor,48,170,Nike,athleisure,red,nylon,"Houston, TX",tropical
U04024,36,female,171.8,69.7,23.6,10.0,M,normal,football,intermediate,4,outdoor,16,67,Nike|Adidas,casual,yellow,rubber,"Chicago, IL",continental
U04025,20,male,182.9,105.4,31.5,11.5,XL,normal,training,beginner,4,both,13,54,Nike,athleisure,green,nylon,"Seattle, WA",temperate
U04026,18,male,170.3,76.9,26.5,8.5,L,normal,running,advanced,2,outdoor,107,275,Nike|Adidas,performance,beige,mesh,"Dallas, TX",hot
U04027,24,female,164.4,55.4,20.5,9.0,S,low,training,beginner,3,indoor,20,56,Jordan,performance,yellow,gore-tex,"Charlotte, NC",temperate
U04028,25,female,161.0,62.7,24.2,8.5,M,normal,training,intermediate,3,indoor,33,93,Nike,retro,black,leather,"Phoenix, AZ",hot
U04029,26,female,171.8,63.2,21.4,9.5,S,normal,football,advanced,4,indoor,56,269,Nike,performance,pink,mesh,"Philadelphia, PA",temperate
U04030,21,female,158.0,60.7,24.3,7.5,M,normal,outdoor,beginner,5,outdoor,25,55,Nike|Jordan,performance,black,leather,"Boston, MA",continental
U04031,28,male,173.5,71.9,23.9,9.5,M,normal,training,intermediate,5,indoor,20,114,Adidas|Nike|Jordan,performance,yellow,leather,"Philadelphia, PA",temperate
U04032,37,female,160.5,67.2,26.1,8.5,L,high,running,beginner,4,outdoor,44,123,Adidas,performance,black,polyester,"New York, NY",continental
U04033,37,female,152.8,67.5,28.9,7.5,XL,normal,training,intermediate,5,indoor,13,36,Adidas|Nike,performance,white,rubber,"Minneapolis, MN",cold
U04034,24,male,176.3,74.3,23.9,11.0,M,high,running,intermediate,2,outdoor,23,100,Nike,performance,white,polyester,"San Francisco, CA",temperate
U04035,28,female,161.4,64.1,24.6,8.0,L,normal,tennis,intermediate,5,outdoor,13,76,Adidas,performance,beige,polyester,"Miami, FL",tropical
U04036,22,female,164.4,65.7,24.3,8.5,M,normal,training,beginner,3,indoor,18,49,Nike,athleisure,multi,mesh,"San Diego, CA",hot
U04037,57,male,168.4,88.2,31.1,8.5,XL,high,running,beginner,2,outdoor,18,56,Nike,casual,blue,polyester,"Orlando, FL",tropical
U04038,26,female,181.7,57.1,17.3,11.0,S,high,lifestyle,intermediate,4,outdoor,35,79,Jordan|Adidas|Nike,casual,blue,knit,"Las Vegas, NV",hot
U04039,45,female,166.7,74.8,26.9,10.0,L,high,yoga,intermediate,4,indoor,43,116,Nike|Adidas,athleisure,navy,knit,"Boston, MA",continental
U04040,44,male,174.0,83.9,27.7,9.5,L,high,outdoor,advanced,3,outdoor,83,194,Adidas|Nike|Jordan,performance,red,synthetic,"Denver, CO",cold
U04041,50,female,165.2,68.0,24.9,9.0,L,high,running,advanced,3,outdoor,61,180,Nike|Jordan,performance,black,nylon,"San Francisco, CA",temperate
U04042,21,female,171.2,65.9,22.5,10.0,M,normal,yoga,advanced,5,indoor,43,142,Nike|Adidas,retro,white,knit,"San Diego, CA",hot
U04043,51,female,160.5,49.7,19.3,7.5,S,normal,yoga,advanced,4,indoor,68,157,Nike,athleisure,red,nylon,"Houston, TX",tropical
U04044,39,female,163.2,67.7,25.4,8.0,L,normal,training,advanced,4,indoor,63,158,Jordan,performance,white,synthetic,"Phoenix, AZ",hot
U04045,31,female,173.9,62.9,20.8,11.0,S,normal,swimming,beginner,5,indoor,11,67,Nike,athleisure,navy,mesh,"Houston, TX",tropical
U04046,24,male,182.9,77.9,23.3,11.0,M,normal,training,intermediate,4,indoor,19,58,Adidas,performance,brown,polyester,"New York, NY",continental
U04047,18,female,163.2,55.9,21.0,8.5,S,normal,yoga,beginner,5,indoor,18,91,Nike,athleisure,green,polyester,"Denver, CO",cold
U04048,56,male,172.2,65.2,22.0,8.5,S,normal,yoga,intermediate,3,indoor,36,83,Nike,athleisure,blue,gore-tex,"Charlotte, NC",temperate
U04049,26,male,173.0,77.8,26.0,9.0,L,high,running,advanced,2,outdoor,49,139,Nike|Jordan,performance,white,leather,"Philadelphia, PA",temperate
U04050,46,female,152.9,77.9,33.3,8.0,XXL,normal,training,beginner,3,indoor,22,77,Nike,casual,grey,mesh,"Atlanta, GA",temperate
U04051,30,female,153.6,60.9,25.8,7.0,L,low,training,intermediate,3,both,44,100,Adidas|Nike,retro,black,synthetic,"Denver, CO",cold
U04052,20,male,177.0,64.2,20.5,10.0,S,normal,training,advanced,2,outdoor,57,228,Nike|Jordan,athleisure,black,leather,"Seattle, WA",temperate
U04053,43,female,157.0,77.6,31.5,8.5,XXL,normal,running,beginner,2,outdoor,27,95,Adidas,athleisure,multi,cotton,"Philadelphia, PA",temperate
U04054,57,female,161.9,54.3,20.7,9.0,S,normal,football,intermediate,4,both,24,90,Nike,performance,beige,cotton,"San Diego, CA",hot
U04055,37,female,165.2,64.7,23.7,9.0,M,normal,yoga,intermediate,5,indoor,30,156,Nike|Adidas,casual,red,leather,"Minneapolis, MN",cold
U04056,24,female,167.9,70.5,25.0,10.0,L,high,yoga,beginner,4,indoor,12,59,Nike|Adidas|Jordan,casual,red,gore-tex,"Seattle, WA",temperate
U04057,48,female,154.2,77.8,32.7,7.5,XXL,normal,football,beginner,4,both,13,40,Nike|Adidas,performance,white,mesh,"Dallas, TX",hot
U04058,53,female,164.4,62.4,23.1,9.0,M,normal,training,intermediate,4,both,26,153,Nike|Adidas|Jordan,performance,grey,knit,"Miami, FL",tropical
U04059,47,female,160.5,66.5,25.8,8.0,L,normal,yoga,intermediate,4,indoor,20,47,Adidas,athleisure,black,synthetic,"Dallas, TX",hot
U04060,37,male,177.4,82.1,26.1,10.5,L,normal,tennis,advanced,2,outdoor,10,38,Nike|Jordan,performance,multi,cotton,"Boston, MA",continental
U04061,30,female,154.9,67.2,28.0,7.5,XL,normal,yoga,beginner,4,indoor,21,87,Adidas|Nike,athleisure,orange,cotton,"Phoenix, AZ",hot
U04062,21,male,179.0,86.2,26.9,10.5,L,normal,skateboarding,beginner,3,outdoor,12,64,Nike|Adidas|Jordan,casual,white,polyester,"Chicago, IL",continental
U04063,54,female,172.4,90.1,30.3,11.5,XL,normal,outdoor,intermediate,4,outdoor,31,123,Jordan,performance,grey,mesh,"Atlanta, GA",temperate
U04064,53,male,185.7,92.8,26.9,12.0,L,high,training,intermediate,4,indoor,67,188,Nike|Adidas,performance,black,gore-tex,"Dallas, TX",hot
U04065,18,female,171.2,66.8,22.8,10.0,M,normal,training,intermediate,4,both,37,85,Nike|Jordan,athleisure,white,mesh,"San Diego, CA",hot
U04066,34,female,168.3,54.1,19.1,9.0,S,normal,yoga,intermediate,3,indoor,19,90,Nike,athleisure,white,cotton,"Minneapolis, MN",cold
U04067,37,male,179.0,75.0,23.4,10.5,M,high,training,intermediate,5,outdoor,30,147,Nike|Adidas,performance,black,cotton,"Charlotte, NC",temperate
U04068,27,male,186.5,78.3,22.5,11.5,M,normal,yoga,intermediate,4,indoor,15,78,Adidas,retro,beige,knit,"Charlotte, NC",temperate
U04069,25,male,183.0,86.1,25.7,11.5,L,high,outdoor,intermediate,2,outdoor,31,95,Adidas|Jordan|Nike,athleisure,black,leather,"Phoenix, AZ",hot
U04070,18,male,165.6,87.5,31.9,8.5,XL,normal,training,intermediate,3,indoor,18,96,Adidas|Nike|Jordan,athleisure,navy,synthetic,"Miami, FL",tropical
U04071,29,female,168.3,67.1,23.7,9.5,M,low,lifestyle,intermediate,2,outdoor,21,121,Adidas|Nike,casual,grey,mesh,"Dallas, TX",hot
U04072,57,male,177.0,64.2,20.5,10.5,S,low,football,advanced,4,both,44,118,Nike,performance,grey,leather,"Miami, FL",tropical
U04073,52,female,171.8,78.5,26.6,10.5,L,low,training,intermediate,2,indoor,33,85,Adidas,casual,black,synthetic,"Philadelphia, PA",temperate
U04074,19,male,175.2,66.3,21.6,9.5,S,high,yoga,intermediate,2,both,13,54,Nike,performance,orange,synthetic,"Chicago, IL",continental
U04075,23,male,181.7,88.5,26.8,11.5,L,normal,training,advanced,3,indoor,31,97,Adidas|Nike,performance,white,synthetic,"Detroit, MI",continental
U04076,50,female,161.9,83.4,31.8,8.5,XXL,normal,tennis,intermediate,4,outdoor,84,225,Adidas,performance,pink,rubber,"Chicago, IL",continental
U04077,20,male,172.6,64.9,21.8,9.0,S,normal,training,beginner,3,both,10,48,Adidas|Nike,performance,white,nylon,"Dallas, TX",hot
U04078,38,female,157.5,52.6,21.2,7.0,S,normal,yoga,advanced,4,both,61,179,Jordan|Nike,performance,brown,polyester,"Miami, FL",tropical
U04079,28,female,168.3,71.7,25.3,9.0,L,high,running,beginner,3,both,10,35,Jordan,performance,white,rubber,"Las Vegas, NV",hot
U04080,44,female,182.3,80.1,24.1,11.5,L,high,yoga,intermediate,5,outdoor,84,308,Jordan,athleisure,yellow,leather,"Portland, OR",temperate
U04081,45,male,189.2,60.1,16.8,11.5,XS,normal,yoga,intermediate,4,both,19,73,Adidas,athleisure,green,leather,"Dallas, TX",hot
U04082,22,female,155.6,49.4,20.4,7.5,S,high,football,beginner,3,outdoor,13,35,Adidas|Nike|Jordan,performance,purple,synthetic,"Dallas, TX",hot
U04083,23,female,165.7,67.0,24.4,9.5,M,high,training,intermediate,4,indoor,24,84,Nike|Adidas,athleisure,multi,polyester,"Boston, MA",continental
U04084,22,female,164.4,60.8,22.5,8.5,M,normal,basketball,advanced,4,both,35,93,Nike|Adidas,casual,navy,polyester,"Phoenix, AZ",hot
U04085,18,female,171.8,47.2,16.0,9.0,XS,normal,running,beginner,2,both,15,62,Jordan,performance,pink,cotton,"New York, NY",continental
U04086,46,male,167.7,90.3,32.1,8.5,XL,normal,running,intermediate,4,outdoor,17,56,Nike|Adidas,performance,navy,knit,"Orlando, FL",tropical
U04087,60,female,154.3,67.4,28.3,7.0,XL,high,lifestyle,advanced,3,outdoor,92,218,Nike,athleisure,brown,knit,"New York, NY",continental
U04088,50,male,183.0,88.1,26.3,11.0,L,normal,outdoor,intermediate,4,outdoor,44,156,Adidas,performance,red,leather,"Houston, TX",tropical
U04089,42,female,172.9,59.8,20.0,10.5,S,high,training,beginner,5,indoor,20,62,Nike|Adidas,performance,yellow,synthetic,"Boston, MA",continental
U04090,32,male,175.7,69.5,22.5,9.0,M,high,running,intermediate,3,outdoor,18,52,Nike,athleisure,white,leather,"Las Vegas, NV",hot
U04091,40,female,158.7,57.9,23.0,7.5,M,normal,outdoor,beginner,3,outdoor,19,46,Adidas|Jordan,performance,black,polyester,"Boston, MA",continental
U04092,18,female,166.7,60.3,21.7,9.5,M,high,lifestyle,intermediate,4,both,30,88,Nike|Jordan,retro,black,polyester,"Phoenix, AZ",hot
U04093,27,female,164.4,77.3,28.6,8.5,XL,normal,training,intermediate,3,outdoor,21,63,Nike|Adidas,athleisure,red,leather,"Minneapolis, MN",cold
U04094,18,male,171.9,80.7,27.3,9.0,L,normal,running,beginner,5,outdoor,14,35,Nike,retro,yellow,polyester,"Houston, TX",tropical
U04095,43,male,181.7,73.0,22.1,11.5,S,normal,training,advanced,3,outdoor,115,256,Adidas,performance,white,leather,"Charlotte, NC",temperate
U04096,60,female,159.9,67.2,26.3,8.5,L,normal,training,beginner,3,indoor,24,57,Nike|Adidas,performance,navy,mesh,"San Francisco, CA",temperate
U04097,29,male,177.4,75.8,24.1,10.5,M,normal,training,beginner,5,both,13,68,Nike,performance,blue,cotton,"Minneapolis, MN",cold
U04098,49,female,161.0,74.4,28.7,8.5,XL,normal,training,advanced,3,indoor,73,206,Adidas|Nike,performance,red,polyester,"Los Angeles, CA",hot
U04099,56,female,153.6,68.9,29.2,7.0,XL,low,skateboarding,intermediate,2,indoor,20,80,Nike|Adidas,retro,white,polyester,"Philadelphia, PA",temperate
U04100,18,male,178.0,94.1,29.7,11.0,XL,normal,running,intermediate,2,outdoor,23,84,Nike,performance,white,knit,"Atlanta, GA",temperate
U04101,55,female,156.3,61.8,25.3,8.0,L,normal,training,intermediate,3,both,44,127,Adidas,performance,green,synthetic,"New York, NY",continental
U04102,60,female,163.2,78.3,29.4,8.0,XL,high,basketball,intermediate,3,indoor,23,121,Adidas,retro,black,polyester,"Houston, TX",tropical
U04103,18,male,176.3,78.6,25.3,10.0,M,low,outdoor,intermediate,3,outdoor,38,106,Nike,performance,pink,mesh,"Dallas, TX",hot
U04104,23,female,159.9,63.4,24.8,8.0,L,low,running,advanced,2,outdoor,60,250,Adidas|Jordan|Nike,athleisure,black,gore-tex,"Orlando, FL",tropical
U04105,23,male,180.1,84.3,26.0,10.5,L,normal,running,advanced,3,indoor,54,137,Jordan|Nike,casual,black,mesh,"Houston, TX",tropical
U04106,18,female,168.3,65.1,23.0,9.5,M,normal,running,beginner,2,both,10,35,Adidas|Nike,athleisure,white,knit,"Las Vegas, NV",hot
U04107,30,male,180.1,64.9,20.0,10.5,S,normal,football,beginner,4,outdoor,17,103,Nike,athleisure,grey,cotton,"Minneapolis, MN",cold
U04108,39,male,165.6,84.2,30.7,9.0,XL,high,training,intermediate,4,indoor,31,95,Adidas,performance,multi,synthetic,"Seattle, WA",temperate
U04109,54,female,157.0,77.2,31.3,8.5,XL,low,running,intermediate,4,outdoor,28,76,Nike|Adidas,athleisure,blue,cotton,"San Diego, CA",hot
U04110,30,female,153.6,60.9,25.8,7.5,L,normal,training,intermediate,3,indoor,48,142,Adidas|Nike|Jordan,retro,grey,synthetic,"Atlanta, GA",temperate
U04111,39,female,155.7,56.5,23.3,7.0,M,high,running,intermediate,2,indoor,47,123,Adidas|Nike,performance,green,fleece,"San Diego, CA",hot
U04112,45,male,174.0,101.1,33.4,9.5,XXL,normal,running,beginner,4,outdoor,15,38,Jordan,performance,white,gore-tex,"Detroit, MI",continental
U04113,18,female,165.2,62.0,22.7,8.5,M,normal,football,intermediate,2,both,19,114,Adidas|Nike|Jordan,performance,navy,polyester,"Denver, CO",cold
U04114,23,male,181.7,83.2,25.2,11.5,M,high,running,beginner,2,both,18,117,Nike,performance,pink,cotton,"Denver, CO",cold
U04115,42,female,163.8,55.0,20.5,8.5,S,normal,yoga,beginner,3,indoor,16,74,Nike|Adidas,performance,purple,leather,"Las Vegas, NV",hot
U04116,52,female,152.1,59.7,25.8,6.5,L,low,training,beginner,4,indoor,13,58,Adidas|Nike|Jordan,performance,black,cotton,"Minneapolis, MN",cold
U04117,45,female,152.2,51.4,22.2,6.5,M,low,training,beginner,4,both,11,35,Adidas|Nike,performance,red,polyester,"Charlotte, NC",temperate
U04118,22,male,186.3,103.4,29.8,13.0,XL,normal,running,intermediate,3,outdoor,45,204,Nike|Adidas|Jordan,performance,black,polyester,"Dallas, TX",hot
U04119,30,male,179.0,95.2,29.7,10.5,XL,high,running,beginner,3,both,13,52,Adidas|Nike,performance,blue,mesh,"Minneapolis, MN",cold
U04120,27,male,171.0,69.3,23.7,9.0,M,normal,yoga,advanced,3,indoor,26,91,Nike,athleisure,grey,polyester,"San Diego, CA",hot
U04121,60,female,158.0,59.4,23.8,7.0,M,normal,lifestyle,beginner,3,both,18,56,Nike|Adidas,athleisure,orange,knit,"Detroit, MI",continental
U04122,45,male,173.0,71.8,24.0,9.5,M,normal,running,intermediate,5,outdoor,72,160,Nike|Jordan,performance,pink,cotton,"San Diego, CA",hot
U04123,27,female,163.2,75.9,28.5,8.0,XL,low,training,intermediate,3,indoor,63,176,Adidas,athleisure,pink,polyester,"San Francisco, CA",temperate
U04124,37,male,182.0,104.3,31.5,11.0,XL,normal,training,advanced,2,indoor,28,124,Adidas|Jordan|Nike,performance,black,gore-tex,"Dallas, TX",hot
U04125,23,male,177.4,65.1,20.7,10.0,S,normal,training,advanced,4,indoor,33,130,Jordan|Adidas,casual,white,mesh,"Minneapolis, MN",cold
U04126,23,female,156.3,66.7,27.3,7.5,L,high,football,beginner,5,outdoor,10,53,Nike,performance,white,leather,"Miami, FL",tropical
U04127,51,male,177.0,84.9,27.1,10.0,L,normal,training,advanced,2,outdoor,69,249,Nike,casual,black,mesh,"Houston, TX",tropical
U04128,18,female,167.9,46.8,16.6,10.0,XS,normal,running,beginner,4,outdoor,22,68,Nike,performance,grey,polyester,"Detroit, MI",continental
U04129,28,female,166.7,63.9,23.0,9.0,M,normal,training,beginner,2,indoor,32,73,Jordan,athleisure,grey,mesh,"Miami, FL",tropical
U04130,18,female,161.5,57.6,22.1,8.0,M,normal,basketball,intermediate,5,indoor,29,126,Jordan|Nike,performance,grey,mesh,"Houston, TX",tropical
U04131,20,female,173.3,67.3,22.4,10.5,M,normal,running,intermediate,4,outdoor,11,49,Nike|Adidas,performance,orange,mesh,"Denver, CO",cold
U04132,52,male,173.5,72.2,24.0,9.0,M,normal,training,advanced,3,indoor,31,197,Adidas,performance,pink,polyester,"Los Angeles, CA",hot
U04133,33,female,162.0,74.5,28.4,8.5,XL,normal,training,beginner,4,outdoor,23,71,Adidas|Jordan,performance,orange,mesh,"New York, NY",continental
U04134,36,male,178.1,85.0,26.8,10.5,L,normal,basketball,intermediate,2,outdoor,46,103,Adidas,retro,orange,synthetic,"Orlando, FL",tropical
U04135,18,male,185.7,81.4,23.6,10.5,M,normal,running,intermediate,2,outdoor,20,78,Adidas|Nike|Jordan,performance,white,mesh,"Las Vegas, NV",hot
U04136,18,female,163.8,64.7,24.1,9.0,M,normal,tennis,intermediate,3,outdoor,27,91,Jordan|Adidas|Nike,casual,multi,cotton,"New York, NY",continental
U04137,29,male,181.7,89.8,27.2,11.0,L,normal,outdoor,beginner,3,outdoor,10,51,Jordan,casual,red,mesh,"Houston, TX",tropical
U04138,53,male,184.0,85.0,25.1,11.0,M,normal,running,intermediate,2,outdoor,106,330,Adidas,performance,orange,knit,"Minneapolis, MN",cold
U04139,25,male,167.8,64.2,22.8,9.0,M,normal,training,intermediate,3,indoor,40,186,Nike|Adidas|Jordan,performance,beige,fleece,"Los Angeles, CA",hot
U04140,22,female,176.1,59.9,19.3,10.5,S,normal,running,intermediate,3,outdoor,21,136,Nike,performance,orange,mesh,"Chicago, IL",continental
U04141,60,female,158.0,59.4,23.8,8.0,M,normal,yoga,beginner,3,indoor,15,43,Nike|Adidas,athleisure,navy,mesh,"New York, NY",continental
U04142,28,female,182.4,55.9,16.8,12.0,S,high,training,intermediate,5,indoor,14,70,Nike,performance,blue,polyester,"Boston, MA",continental
U04143,20,male,187.4,81.5,23.2,12.0,M,normal,yoga,intermediate,3,both,14,79,Adidas,casual,navy,knit,"New York, NY",continental
U04144,32,male,180.1,82.7,25.5,10.5,L,high,yoga,intermediate,3,indoor,24,110,Nike|Adidas,performance,purple,knit,"Las Vegas, NV",hot
U04145,20,female,164.4,65.4,24.2,8.5,M,normal,training,beginner,3,indoor,10,35,Nike,performance,black,mesh,"Atlanta, GA",temperate
U04146,27,male,176.3,74.3,23.9,10.5,M,high,running,intermediate,2,indoor,43,128,Adidas|Jordan,performance,grey,synthetic,"Houston, TX",tropical
U04147,31,female,173.9,62.9,20.8,10.5,S,normal,running,beginner,5,outdoor,23,102,Nike|Adidas|Jordan,retro,white,synthetic,"Charlotte, NC",temperate
U04148,43,female,168.3,83.8,29.6,9.5,XL,normal,yoga,intermediate,3,indoor,14,41,Nike|Jordan,athleisure,blue,fleece,"Los Angeles, CA",hot
U04149,24,female,158.7,67.7,26.9,7.5,L,normal,training,intermediate,3,indoor,19,59,Nike|Adidas,athleisure,navy,mesh,"Denver, CO",cold
U04150,43,female,166.7,63.4,22.8,9.0,M,normal,football,intermediate,3,indoor,45,176,Jordan|Nike,athleisure,green,rubber,"Miami, FL",tropical
U04151,43,male,175.2,75.5,24.6,10.0,M,high,running,beginner,3,outdoor,16,76,Nike|Adidas,performance,black,mesh,"Minneapolis, MN",cold
U04152,51,female,164.5,62.5,23.1,9.0,M,low,training,intermediate,4,indoor,26,73,Nike,athleisure,grey,knit,"Phoenix, AZ",hot
U04153,22,male,171.9,85.7,29.0,9.5,XL,low,training,advanced,2,indoor,57,184,Nike,performance,white,mesh,"Philadelphia, PA",temperate
U04154,54,male,172.2,75.9,25.6,8.5,L,low,outdoor,beginner,2,both,19,51,Adidas|Nike,athleisure,green,polyester,"Phoenix, AZ",hot
U04155,38,female,160.5,67.0,26.0,8.5,L,normal,yoga,intermediate,2,outdoor,29,95,Nike,athleisure,white,leather,"Detroit, MI",continental
U04156,18,female,167.1,67.0,24.0,9.5,M,high,running,advanced,3,outdoor,33,84,Jordan|Nike,casual,white,mesh,"Minneapolis, MN",cold
U04157,32,female,151.8,60.6,26.3,7.0,L,low,outdoor,intermediate,4,outdoor,33,106,Nike|Adidas|Jordan,performance,black,cotton,"Houston, TX",tropical
U04158,22,male,195.2,85.7,22.5,14.0,L,high,running,advanced,3,outdoor,82,208,Adidas|Nike,retro,blue,knit,"Charlotte, NC",temperate
U04159,51,male,166.3,89.1,32.2,8.0,XL,normal,swimming,beginner,3,indoor,17,53,Nike|Jordan,performance,black,cotton,"Las Vegas, NV",hot
U04160,46,female,165.7,60.1,21.9,9.0,M,high,yoga,intermediate,2,indoor,61,138,Nike|Jordan,athleisure,pink,synthetic,"San Francisco, CA",temperate
U04161,31,female,165.2,76.1,27.9,8.5,XL,normal,lifestyle,advanced,4,indoor,66,162,Adidas,casual,brown,mesh,"Dallas, TX",hot
U04162,44,male,177.0,70.2,22.4,10.5,S,high,running,beginner,4,outdoor,23,102,Jordan,performance,black,nylon,"Charlotte, NC",temperate
U04163,42,female,154.9,62.9,26.2,7.5,L,normal,yoga,beginner,5,indoor,20,54,Nike|Adidas,athleisure,blue,knit,"Houston, TX",tropical
U04164,49,male,166.3,89.1,32.2,9.0,XL,high,training,beginner,3,indoor,24,125,Nike,performance,brown,mesh,"Portland, OR",temperate
U04165,19,female,157.0,53.2,21.6,7.5,M,normal,running,intermediate,2,outdoor,49,115,Adidas|Nike|Jordan,performance,purple,cotton,"Los Angeles, CA",hot
U04166,39,male,182.0,84.1,25.4,10.5,M,normal,training,intermediate,2,indoor,29,116,Nike|Adidas,performance,green,fleece,"San Francisco, CA",temperate
U04167,59,male,180.6,64.6,19.8,10.5,S,high,running,beginner,3,both,18,60,Nike,performance,black,synthetic,"Los Angeles, CA",hot
U04168,39,male,184.0,99.9,29.5,11.5,XL,normal,basketball,intermediate,2,outdoor,13,86,Nike,performance,grey,fleece,"Dallas, TX",hot
U04169,32,female,169.5,60.3,21.0,9.5,S,normal,training,advanced,5,indoor,54,132,Adidas,retro,multi,mesh,"Minneapolis, MN",cold
U04170,44,male,177.0,90.5,28.9,10.5,XL,normal,outdoor,beginner,4,outdoor,32,73,Adidas,performance,white,leather,"Miami, FL",tropical
U04171,22,male,173.5,84.3,28.0,10.0,L,high,training,beginner,3,indoor,10,35,Adidas|Nike,performance,black,cotton,"Los Angeles, CA",hot
U04172,29,male,173.5,73.4,24.4,8.5,M,normal,training,beginner,4,indoor,10,50,Nike|Jordan|Adidas,performance,grey,polyester,"Minneapolis, MN",cold
U04173,50,male,180.6,78.6,24.1,10.5,M,normal,training,beginner,4,indoor,16,44,Nike,casual,black,mesh,"Atlanta, GA",temperate
U04174,20,male,171.9,91.6,31.0,9.5,XL,normal,running,beginner,2,outdoor,16,68,Adidas|Nike,performance,blue,cotton,"Charlotte, NC",temperate
U04175,18,female,170.2,71.8,24.8,9.5,L,normal,lifestyle,beginner,2,indoor,30,68,Nike|Jordan,casual,red,polyester,"Los Angeles, CA",hot
U04176,42,male,177.0,64.2,20.5,10.0,S,low,tennis,advanced,5,indoor,68,281,Adidas,performance,grey,mesh,"New York, NY",continental
U04177,52,female,169.1,81.2,28.4,10.0,XL,low,running,beginner,3,outdoor,18,56,Adidas,performance,white,mesh,"San Diego, CA",hot
U04178,21,male,165.6,63.9,23.3,8.0,M,low,basketball,beginner,4,indoor,10,38,Jordan,casual,blue,synthetic,"Boston, MA",continental
U04179,24,male,179.0,98.7,30.8,11.5,XL,normal,training,intermediate,3,indoor,21,46,Nike|Adidas,athleisure,orange,synthetic,"Orlando, FL",tropical
U04180,18,female,170.6,72.5,24.9,9.5,L,normal,running,advanced,2,outdoor,49,152,Jordan|Nike,performance,orange,synthetic,"Philadelphia, PA",temperate
U04181,48,female,155.7,52.8,21.8,7.5,M,low,basketball,advanced,2,indoor,131,297,Adidas|Nike,casual,black,fleece,"Dallas, TX",hot
U04182,29,female,169.1,45.8,16.0,9.0,XS,normal,basketball,advanced,5,both,38,160,Adidas|Nike,performance,black,mesh,"San Diego, CA",hot
U04183,53,female,151.4,61.4,26.8,7.0,L,high,yoga,advanced,5,indoor,51,167,Nike|Adidas,athleisure,beige,polyester,"Dallas, TX",hot
U04184,45,female,163.2,86.0,32.3,9.0,XXL,normal,football,intermediate,4,both,16,105,Nike,athleisure,white,fleece,"Phoenix, AZ",hot
U04185,30,female,163.8,76.7,28.6,9.0,XL,normal,tennis,advanced,5,outdoor,70,184,Nike,casual,grey,synthetic,"Denver, CO",cold
U04186,27,male,190.7,85.1,23.4,13.0,L,normal,training,intermediate,4,both,32,160,Adidas|Nike,performance,black,polyester,"Orlando, FL",tropical
U04187,38,male,182.0,104.7,31.6,11.5,XL,low,running,advanced,2,indoor,102,369,Adidas|Nike,performance,white,cotton,"Houston, TX",tropical
U04188,24,female,166.7,58.1,20.9,9.0,S,high,yoga,beginner,4,indoor,23,66,Jordan|Nike|Adidas,athleisure,green,knit,"Portland, OR",temperate
U04189,18,female,166.7,60.3,21.7,8.5,M,normal,training,intermediate,4,both,19,109,Adidas,performance,black,synthetic,"Orlando, FL",tropical
U04190,50,female,154.9,60.7,25.3,7.5,L,low,football,intermediate,4,outdoor,37,95,Nike,performance,blue,mesh,"Houston, TX",tropical
U04191,20,male,180.1,92.1,28.4,11.5,L,normal,running,intermediate,4,both,32,82,Nike|Jordan,performance,red,fleece,"Seattle, WA",temperate
U04192,48,female,165.2,56.2,20.6,9.0,S,low,training,advanced,4,indoor,49,157,Adidas|Nike,performance,white,mesh,"Phoenix, AZ",hot
U04193,33,male,185.1,74.7,21.8,11.0,S,normal,basketball,beginner,3,both,19,56,Nike|Adidas,performance,yellow,leather,"Chicago, IL",continental
U04194,47,female,155.7,49.5,20.4,8.0,S,normal,lifestyle,intermediate,5,indoor,20,111,Jordan,athleisure,black,synthetic,"Portland, OR",temperate
U04195,49,male,174.0,64.5,21.3,9.5,S,normal,football,advanced,3,outdoor,61,215,Nike,performance,grey,synthetic,"Seattle, WA",temperate
U04196,44,female,159.9,81.1,31.7,8.5,XXL,low,running,advanced,3,outdoor,68,169,Nike|Adidas,performance,purple,cotton,"San Diego, CA",hot
U04197,46,male,174.0,92.0,30.4,9.5,XL,normal,yoga,intermediate,3,indoor,16,93,Nike|Adidas,retro,black,cotton,"Denver, CO",cold
U04198,26,female,150.1,65.6,29.1,6.5,XL,normal,training,intermediate,3,outdoor,50,111,Adidas,athleisure,black,nylon,"Minneapolis, MN",cold
U04199,18,male,184.0,85.7,25.3,11.5,M,high,tennis,advanced,2,outdoor,27,90,Adidas,performance,red,synthetic,"Seattle, WA",temperate
U04200,43,male,171.9,66.8,22.6,9.0,M,normal,training,advanced,2,indoor,36,231,Adidas|Jordan,performance,white,cotton,"Houston, TX",tropical
U04201,34,male,172.3,89.7,30.2,9.5,XL,normal,running,intermediate,3,outdoor,22,88,Nike|Adidas,athleisure,white,mesh,"New York, NY",continental
U04202,18,female,160.5,74.2,28.8,8.5,XL,normal,football,intermediate,3,outdoor,16,53,Nike,performance,blue,fleece,"Los Angeles, CA",hot
U04203,31,male,185.7,83.1,24.1,11.5,M,normal,yoga,beginner,2,both,35,79,Jordan|Adidas|Nike,athleisure,red,leather,"San Diego, CA",hot
U04204,38,male,162.7,79.7,30.1,8.5,XL,normal,running,intermediate,4,both,47,130,Nike,performance,pink,cotton,"Miami, FL",tropical
U04205,35,female,154.9,60.2,25.1,7.5,L,normal,running,beginner,3,outdoor,15,45,Adidas,performance,grey,rubber,"Minneapolis, MN",cold
U04206,40,female,167.1,46.9,16.8,9.0,XS,normal,basketball,advanced,2,outdoor,94,214,Nike,athleisure,navy,polyester,"Seattle, WA",temperate
U04207,25,female,167.9,46.8,16.6,9.0,XS,high,training,beginner,5,indoor,20,85,Adidas,performance,beige,synthetic,"New York, NY",continental
U04208,42,male,183.0,94.1,28.1,11.5,L,normal,running,beginner,3,outdoor,39,149,Nike|Adidas,performance,multi,synthetic,"Chicago, IL",continental
U04209,41,female,153.6,62.3,26.4,7.0,L,low,training,intermediate,2,indoor,36,95,Nike,performance,red,mesh,"Dallas, TX",hot
U04210,28,male,179.6,95.5,29.6,10.5,XL,normal,running,beginner,3,outdoor,21,64,Adidas,performance,blue,cotton,"San Francisco, CA",temperate
U04211,25,male,181.7,66.7,20.2,10.5,S,high,football,intermediate,4,outdoor,17,81,Jordan,performance,green,cotton,"Dallas, TX",hot
U04212,48,male,167.1,84.3,30.2,8.0,XL,normal,tennis,advanced,2,both,76,203,Adidas,performance,brown,cotton,"San Francisco, CA",temperate
U04213,26,male,173.0,67.6,22.6,9.0,M,normal,lifestyle,beginner,2,both,15,65,Nike,casual,white,knit,"Dallas, TX",hot
U04214,27,female,170.2,63.7,22.0,9.5,M,high,training,intermediate,5,both,51,159,Adidas,retro,grey,polyester,"Denver, CO",cold
U04215,62,male,168.4,88.2,31.1,9.5,XL,low,running,beginner,2,outdoor,18,44,Nike,performance,black,leather,"San Diego, CA",hot
U04216,23,male,172.6,66.1,22.2,9.5,S,normal,tennis,beginner,4,outdoor,15,65,Nike|Adidas,retro,multi,synthetic,"Phoenix, AZ",hot
U04217,22,female,162.0,50.1,19.1,8.0,S,high,training,intermediate,5,indoor,30,78,Jordan,performance,orange,mesh,"Las Vegas, NV",hot
U04218,36,male,172.3,82.2,27.7,8.5,L,normal,basketball,advanced,3,indoor,31,76,Adidas,performance,black,polyester,"Detroit, MI",continental
U04219,44,female,165.2,62.0,22.7,9.0,M,normal,lifestyle,beginner,3,outdoor,21,85,Jordan|Nike,casual,purple,mesh,"Denver, CO",cold
U04220,18,male,182.0,68.2,20.6,10.5,S,high,football,advanced,4,outdoor,14,65,Nike,performance,pink,cotton,"San Diego, CA",hot
U04221,32,male,183.0,67.0,20.0,11.5,S,low,yoga,beginner,4,indoor,25,61,Nike,athleisure,purple,fleece,"Atlanta, GA",temperate
U04222,47,female,168.6,66.2,23.3,9.5,M,normal,skateboarding,intermediate,4,outdoor,29,99,Nike,retro,purple,cotton,"Los Angeles, CA",hot
U04223,22,male,186.3,77.1,22.2,11.0,S,normal,lifestyle,beginner,5,both,13,53,Nike,retro,white,cotton,"Portland, OR",temperate
U04224,33,female,162.8,65.5,24.7,8.0,L,high,training,intermediate,3,indoor,16,107,Nike,performance,white,nylon,"New York, NY",continental
U04225,30,female,166.2,64.1,23.2,9.0,M,normal,running,advanced,4,outdoor,35,168,Adidas,performance,white,rubber,"Boston, MA",continental
U04226,32,male,178.1,79.6,25.1,10.5,M,normal,training,intermediate,3,indoor,37,122,Adidas|Nike,performance,pink,knit,"Las Vegas, NV",hot
U04227,18,female,167.5,53.0,18.9,9.0,S,normal,tennis,intermediate,3,outdoor,33,82,Nike,casual,red,synthetic,"Philadelphia, PA",temperate
U04228,49,female,173.3,63.7,21.2,10.0,S,normal,training,beginner,2,indoor,59,195,Adidas,performance,blue,leather,"Portland, OR",temperate
U04229,31,female,161.0,58.6,22.6,7.5,M,normal,yoga,intermediate,3,both,21,91,Adidas|Nike|Jordan,athleisure,navy,mesh,"Boston, MA",continental
U04230,24,male,183.0,78.0,23.3,11.0,M,high,running,intermediate,4,outdoor,22,52,Nike|Jordan,performance,blue,leather,"Miami, FL",tropical
U04231,51,female,163.8,75.7,28.2,9.0,XL,normal,tennis,beginner,3,outdoor,10,36,Jordan|Nike,performance,white,polyester,"Minneapolis, MN",cold
U04232,46,male,184.0,91.4,27.0,12.0,L,normal,outdoor,intermediate,2,outdoor,27,138,Nike,performance,orange,fleece,"Dallas, TX",hot
U04233,26,female,164.5,66.6,24.6,9.0,L,normal,football,advanced,3,outdoor,37,85,Nike|Adidas,casual,navy,fleece,"San Francisco, CA",temperate
U04234,48,male,186.3,81.9,23.6,11.5,M,normal,training,beginner,4,indoor,10,39,Nike|Adidas,athleisure,green,mesh,"Houston, TX",tropical
U04235,53,male,184.1,85.1,25.1,12.0,M,normal,swimming,intermediate,2,indoor,17,59,Adidas,performance,black,synthetic,"San Francisco, CA",temperate
U04236,24,male,171.0,90.1,30.8,9.0,XL,low,swimming,beginner,3,indoor,26,65,Nike|Adidas,performance,white,gore-tex,"Detroit, MI",continental
U04237,44,male,182.1,68.6,20.7,11.0,S,normal,football,beginner,4,both,27,114,Nike|Jordan,performance,grey,cotton,"Charlotte, NC",temperate
U04238,40,female,163.2,67.7,25.4,8.5,L,normal,football,advanced,4,both,34,111,Jordan,performance,white,rubber,"Dallas, TX",hot
U04239,18,female,182.6,65.0,19.5,11.5,M,normal,training,intermediate,4,both,42,103,Nike,athleisure,red,leather,"Phoenix, AZ",hot
U04240,32,male,174.0,73.3,24.2,9.0,M,normal,lifestyle,intermediate,3,both,10,35,Nike,athleisure,pink,synthetic,"Las Vegas, NV",hot
U04241,28,male,173.0,77.8,26.0,9.5,L,low,training,advanced,2,indoor,51,121,Nike|Jordan,athleisure,white,synthetic,"Orlando, FL",tropical
U04242,50,female,168.6,64.0,22.5,9.5,M,normal,training,beginner,3,indoor,17,84,Adidas|Nike,performance,black,fleece,"Atlanta, GA",temperate
U04243,44,male,188.9,83.9,23.5,12.0,M,normal,yoga,intermediate,2,indoor,37,92,Nike|Adidas,athleisure,navy,leather,"Chicago, IL",continental
U04244,60,female,165.2,48.9,17.9,8.5,XS,normal,yoga,beginner,2,indoor,22,81,Adidas,performance,multi,synthetic,"Las Vegas, NV",hot
U04245,28,female,162.0,68.2,26.0,8.5,L,normal,basketball,intermediate,4,outdoor,13,41,Adidas,performance,white,polyester,"Atlanta, GA",temperate
U04246,25,male,176.3,74.3,23.9,9.5,M,low,swimming,intermediate,2,outdoor,24,77,Nike|Jordan,performance,red,leather,"Philadelphia, PA",temperate
U04247,49,female,150.1,56.8,25.2,6.0,L,normal,training,beginner,3,indoor,17,79,Adidas|Nike,athleisure,black,synthetic,"Orlando, FL",tropical
U04248,25,male,195.3,62.2,16.3,13.5,S,high,training,beginner,3,outdoor,16,78,Adidas|Nike,performance,navy,nylon,"Los Angeles, CA",hot
U04249,37,male,173.0,75.4,25.2,9.0,M,normal,lifestyle,beginner,2,indoor,29,81,Adidas|Nike,retro,navy,leather,"Boston, MA",continental
U04250,54,female,162.0,58.8,22.4,8.0,M,normal,running,beginner,2,outdoor,28,71,Jordan|Nike,retro,navy,cotton,"Phoenix, AZ",hot
U04251,37,male,177.0,77.7,24.8,10.0,M,normal,yoga,intermediate,4,indoor,12,65,Nike|Adidas,performance,blue,mesh,"Denver, CO",cold
U04252,34,female,167.1,72.0,25.8,9.5,L,normal,basketball,beginner,3,outdoor,18,47,Nike|Adidas,performance,blue,gore-tex,"Atlanta, GA",temperate
U04253,18,male,172.6,64.9,21.8,9.0,S,low,running,beginner,3,outdoor,35,141,Adidas|Nike,performance,purple,polyester,"Atlanta, GA",temperate
U04254,39,male,190.0,100.7,27.9,12.5,L,normal,running,beginner,2,indoor,12,38,Adidas|Nike|Jordan,performance,black,gore-tex,"Detroit, MI",continental
U04255,34,male,172.3,82.2,27.7,9.0,L,normal,running,advanced,3,outdoor,28,91,Adidas|Nike,performance,grey,fleece,"Miami, FL",tropical
U04256,50,female,155.7,71.5,29.5,7.5,XL,normal,football,intermediate,5,outdoor,52,140,Nike|Jordan,performance,grey,polyester,"Seattle, WA",temperate
U04257,34,female,162.0,72.7,27.7,8.5,XL,low,running,intermediate,4,indoor,21,67,Nike|Adidas|Jordan,athleisure,yellow,mesh,"Minneapolis, MN",cold
U04258,31,female,176.7,82.7,26.5,11.0,L,normal,yoga,beginner,2,indoor,25,138,Adidas|Nike|Jordan,athleisure,grey,synthetic,"Miami, FL",tropical
U04259,26,female,168.7,63.5,22.3,9.0,M,normal,yoga,intermediate,2,outdoor,77,331,Adidas,performance,black,mesh,"San Francisco, CA",temperate
U04260,30,female,168.7,58.9,20.7,9.5,S,normal,running,beginner,3,outdoor,16,59,Nike|Jordan,performance,black,cotton,"Phoenix, AZ",hot
U04261,39,female,153.6,62.3,26.4,7.0,L,normal,training,intermediate,2,indoor,39,120,Adidas|Jordan|Nike,performance,black,gore-tex,"Detroit, MI",continental
U04262,46,male,187.4,61.8,17.6,12.0,XS,normal,running,beginner,3,outdoor,10,35,Adidas,athleisure,navy,synthetic,"Portland, OR",temperate
U04263,57,female,159.2,56.3,22.2,8.0,M,normal,training,advanced,5,indoor,53,209,Adidas,performance,blue,leather,"Miami, FL",tropical
U04264,21,female,171.2,66.8,22.8,9.5,M,low,basketball,intermediate,4,indoor,10,35,Adidas,casual,white,leather,"Dallas, TX",hot
U04265,42,female,165.2,48.9,17.9,9.0,XS,normal,training,beginner,4,both,10,37,Nike|Adidas,performance,black,cotton,"Charlotte, NC",temperate
U04266,35,male,187.5,90.0,25.6,12.0,L,normal,training,intermediate,4,both,33,110,Nike|Jordan|Adidas,performance,brown,nylon,"New York, NY",continental
U04267,32,female,167.5,50.5,18.0,9.5,XS,high,running,intermediate,2,outdoor,57,132,Nike,performance,navy,cotton,"Miami, FL",tropical
U04268,29,female,161.5,57.6,22.1,7.5,M,normal,training,beginner,2,indoor,10,35,Nike|Adidas,performance,yellow,polyester,"Seattle, WA",temperate
U04269,41,male,176.3,96.7,31.1,10.0,XL,high,running,beginner,3,indoor,10,52,Nike|Adidas,athleisure,white,leather,"Dallas, TX",hot
U04270,18,female,156.3,66.7,27.3,7.5,L,normal,swimming,beginner,5,indoor,10,35,Adidas|Jordan,athleisure,blue,leather,"Portland, OR",temperate
U04271,26,male,187.5,75.6,21.5,12.0,S,normal,lifestyle,intermediate,3,both,31,92,Adidas|Nike,casual,white,knit,"Chicago, IL",continental
U04272,52,male,188.9,77.1,21.6,12.0,S,normal,swimming,intermediate,2,indoor,25,75,Jordan|Nike,performance,black,mesh,"Boston, MA",continental
U04273,45,female,161.5,52.4,20.1,8.5,S,normal,yoga,intermediate,4,indoor,20,80,Adidas,athleisure,grey,fleece,"Charlotte, NC",temperate
U04274,59,female,173.9,62.6,20.7,10.5,S,normal,running,advanced,3,outdoor,29,178,Adidas,casual,black,polyester,"Charlotte, NC",temperate
U04275,27,male,178.1,81.8,25.8,10.0,L,high,running,beginner,4,outdoor,31,73,Nike,performance,brown,mesh,"Denver, CO",cold
U04276,52,male,180.1,71.0,21.9,11.0,S,normal,training,beginner,4,both,25,82,Adidas,performance,blue,cotton,"Charlotte, NC",temperate
U04277,37,male,179.0,72.7,22.7,11.0,M,normal,training,beginner,4,indoor,24,62,Jordan|Adidas,performance,black,cotton,"Houston, TX",tropical
U04278,39,female,157.0,77.6,31.5,8.0,XXL,normal,training,beginner,2,indoor,24,88,Nike|Adidas|Jordan,performance,blue,fleece,"San Diego, CA",hot
U04279,32,male,185.1,74.0,21.6,11.0,S,normal,running,intermediate,3,both,41,103,Nike,performance,purple,mesh,"Los Angeles, CA",hot
U04280,18,female,169.5,54.6,19.0,9.5,S,normal,yoga,advanced,3,indoor,42,110,Nike|Adidas,athleisure,multi,mesh,"Denver, CO",cold
U04281,32,female,173.3,71.8,23.9,10.0,M,normal,training,advanced,2,indoor,38,210,Nike,performance,black,knit,"Miami, FL",tropical
U04282,24,male,195.3,90.4,23.7,13.0,L,normal,running,intermediate,2,outdoor,12,72,Nike,athleisure,multi,knit,"Phoenix, AZ",hot
U04283,39,female,159.2,61.6,24.3,7.0,M,low,yoga,advanced,3,indoor,28,144,Nike,athleisure,white,mesh,"Atlanta, GA",temperate
U04284,18,female,157.0,63.1,25.6,7.0,L,high,yoga,intermediate,4,both,54,135,Jordan,athleisure,pink,nylon,"Atlanta, GA",temperate
U04285,22,female,157.0,70.5,28.6,8.0,XL,low,football,intermediate,2,indoor,30,130,Nike|Adidas|Jordan,performance,green,rubber,"Atlanta, GA",temperate
U04286,47,male,176.3,70.9,22.8,10.0,M,normal,basketball,advanced,3,indoor,39,146,Adidas,performance,brown,cotton,"Orlando, FL",tropical
U04287,18,male,175.2,76.4,24.9,10.0,M,normal,yoga,beginner,4,indoor,25,77,Adidas,athleisure,grey,polyester,"Phoenix, AZ",hot
U04288,34,female,150.1,67.4,29.9,6.5,XL,normal,basketball,advanced,3,indoor,33,96,Adidas,performance,green,cotton,"Denver, CO",cold
U04289,19,male,180.1,72.7,22.4,10.0,S,normal,training,intermediate,2,indoor,21,76,Nike|Jordan,performance,pink,cotton,"Portland, OR",temperate
U04290,52,female,164.5,54.4,20.1,8.5,S,normal,running,advanced,2,outdoor,34,120,Nike,performance,white,fleece,"Dallas, TX",hot
U04291,42,male,179.0,72.7,22.7,10.0,M,normal,training,beginner,4,both,16,65,Nike|Adidas|Jordan,casual,yellow,nylon,"Los Angeles, CA",hot
U04292,49,male,183.0,88.1,26.3,11.0,L,low,training,intermediate,4,indoor,25,143,Adidas|Jordan,athleisure,brown,leather,"Chicago, IL",continental
U04293,32,female,151.4,65.1,28.4,7.0,XL,normal,training,advanced,4,indoor,40,208,Nike|Adidas,performance,navy,polyester,"Dallas, TX",hot
U04294,18,male,170.3,73.1,25.2,9.0,M,normal,running,intermediate,4,indoor,43,103,Nike|Jordan,performance,orange,mesh,"Las Vegas, NV",hot
U04295,18,male,178.1,85.0,26.8,11.0,L,normal,running,intermediate,4,outdoor,40,91,Adidas|Nike,performance,red,mesh,"Detroit, MI",continental
U04296,37,male,173.5,87.0,28.9,9.5,XL,low,swimming,intermediate,2,both,39,98,Nike|Adidas,casual,green,leather,"Minneapolis, MN",cold
U04297,18,male,174.0,83.3,27.5,9.0,L,normal,basketball,intermediate,3,indoor,35,143,Nike,performance,red,synthetic,"Dallas, TX",hot
U04298,21,male,179.6,74.5,23.1,10.5,M,normal,lifestyle,intermediate,3,both,10,45,Nike,casual,pink,knit,"Miami, FL",tropical
U04299,19,male,172.6,64.9,21.8,9.0,S,normal,running,advanced,3,outdoor,31,102,Adidas,retro,black,nylon,"Charlotte, NC",temperate
U04300,21,female,171.2,69.5,23.7,9.5,M,normal,training,advanced,4,indoor,29,161,Adidas|Nike|Jordan,performance,black,cotton,"Las Vegas, NV",hot
U04301,26,male,174.6,64.3,21.1,9.5,S,normal,running,intermediate,4,both,84,199,Adidas|Nike,casual,grey,synthetic,"Dallas, TX",hot
U04302,55,male,187.5,106.5,30.3,12.0,XL,normal,outdoor,intermediate,4,outdoor,35,91,Adidas,performance,green,polyester,"New York, NY",continental
U04303,29,female,162.0,69.3,26.4,8.5,L,normal,training,advanced,2,indoor,65,148,Adidas,performance,black,polyester,"San Francisco, CA",temperate
U04304,19,female,158.7,67.2,26.7,8.0,L,normal,swimming,intermediate,3,outdoor,20,50,Nike,performance,black,polyester,"San Diego, CA",hot
U04305,46,male,189.2,80.9,22.6,12.5,M,low,training,beginner,4,both,14,52,Nike|Jordan|Adidas,retro,black,leather,"Philadelphia, PA",temperate
U04306,18,male,179.6,74.5,23.1,10.5,M,normal,yoga,intermediate,3,indoor,28,116,Nike|Adidas,athleisure,purple,leather,"San Francisco, CA",temperate
U04307,25,male,186.3,86.1,24.8,12.0,M,normal,training,beginner,4,both,50,126,Nike,athleisure,brown,leather,"Boston, MA",continental
U04308,24,female,173.9,56.2,18.6,10.0,S,normal,yoga,beginner,2,indoor,15,47,Adidas|Nike,performance,white,polyester,"Atlanta, GA",temperate
U04309,32,male,167.1,84.0,30.1,8.5,XL,normal,training,beginner,3,indoor,19,46,Jordan,performance,pink,synthetic,"Philadelphia, PA",temperate
U04310,19,male,179.6,86.8,26.9,11.0,L,normal,training,beginner,3,indoor,14,55,Jordan|Nike,performance,pink,mesh,"Los Angeles, CA",hot
U04311,44,female,168.7,66.3,23.3,9.0,M,normal,running,intermediate,4,outdoor,17,53,Nike|Jordan,performance,black,synthetic,"Dallas, TX",hot
U04312,18,female,170.2,68.9,23.8,9.5,M,normal,running,intermediate,2,outdoor,42,145,Nike|Adidas,performance,grey,knit,"Philadelphia, PA",temperate
U04313,44,male,179.0,84.6,26.4,11.0,L,low,football,advanced,2,outdoor,20,98,Adidas|Nike,performance,black,cotton,"Seattle, WA",temperate
U04314,31,female,165.2,67.1,24.6,8.5,L,normal,football,intermediate,4,outdoor,37,120,Nike,athleisure,grey,cotton,"Houston, TX",tropical
U04315,56,male,167.8,80.8,28.7,8.5,XL,normal,training,beginner,2,indoor,11,60,Adidas|Nike|Jordan,performance,white,knit,"Los Angeles, CA",hot
U04316,30,male,195.6,62.4,16.3,13.5,S,normal,football,intermediate,3,both,36,137,Nike|Adidas|Jordan,performance,black,gore-tex,"Orlando, FL",tropical
U04317,38,male,180.1,86.3,26.6,11.0,L,normal,running,beginner,2,outdoor,22,72,Nike,performance,multi,synthetic,"Philadelphia, PA",temperate
U04318,30,male,174.6,74.4,24.4,10.0,M,normal,running,intermediate,4,both,20,105,Nike|Jordan,performance,blue,cotton,"San Diego, CA",hot
U04319,46,female,161.0,60.4,23.3,8.5,M,normal,training,intermediate,3,both,47,126,Nike|Jordan,casual,black,polyester,"Phoenix, AZ",hot
U04320,40,female,174.9,55.7,18.2,10.5,XS,low,training,intermediate,3,indoor,31,149,Adidas|Jordan,performance,white,cotton,"Orlando, FL",tropical
U04321,34,female,160.5,59.2,23.0,8.5,M,normal,yoga,intermediate,4,indoor,82,223,Nike,athleisure,black,mesh,"Los Angeles, CA",hot
U04322,32,male,180.1,82.7,25.5,10.5,L,normal,yoga,intermediate,3,indoor,10,66,Nike|Adidas,athleisure,white,synthetic,"Denver, CO",cold
U04323,63,male,180.6,64.6,19.8,11.0,S,low,training,beginner,3,indoor,12,35,Adidas,performance,black,nylon,"Minneapolis, MN",cold
U04324,39,female,164.5,78.5,29.0,8.5,XL,low,training,intermediate,2,outdoor,15,55,Nike|Jordan,performance,white,nylon,"Detroit, MI",continental
U04325,19,female,163.8,64.7,24.1,9.0,M,low,training,intermediate,3,both,15,40,Adidas|Nike,performance,grey,mesh,"Chicago, IL",continental
U04326,53,female,168.4,69.2,24.4,9.5,M,normal,yoga,intermediate,3,indoor,20,63,Adidas,athleisure,red,leather,"Orlando, FL",tropical
U04327,37,female,165.2,66.9,24.5,8.0,L,low,training,intermediate,2,indoor,16,60,Nike|Adidas,performance,yellow,knit,"Minneapolis, MN",cold
U04328,38,female,174.9,55.4,18.1,11.0,XS,high,running,beginner,4,outdoor,19,55,Nike,performance,black,nylon,"Portland, OR",temperate
U04329,18,male,171.9,76.2,25.8,9.0,L,high,training,intermediate,3,outdoor,33,123,Nike,performance,white,gore-tex,"Philadelphia, PA",temperate
U04330,26,female,168.7,76.3,26.8,9.5,L,high,training,intermediate,2,indoor,35,137,Adidas,performance,black,synthetic,"Charlotte, NC",temperate
U04331,24,female,182.7,72.1,21.6,11.5,L,normal,training,intermediate,4,indoor,18,66,Adidas|Nike,performance,grey,polyester,"Portland, OR",temperate
U04332,40,female,169.5,77.9,27.1,10.0,L,normal,yoga,beginner,3,indoor,19,52,Nike|Adidas,athleisure,black,mesh,"Atlanta, GA",temperate
U04333,26,male,174.6,76.2,25.0,9.0,M,high,training,advanced,2,indoor,128,384,Nike,retro,white,cotton,"Los Angeles, CA",hot
U04334,27,male,195.7,104.9,27.4,13.5,XL,normal,running,beginner,3,outdoor,35,83,Nike|Adidas|Jordan,performance,beige,mesh,"Los Angeles, CA",hot
U04335,58,female,157.1,72.3,29.3,7.5,XL,normal,yoga,beginner,3,indoor,10,57,Nike,athleisure,red,mesh,"Miami, FL",tropical
U04336,28,female,161.5,64.2,24.6,8.0,L,high,running,intermediate,5,both,22,110,Adidas,performance,purple,synthetic,"Houston, TX",tropical
U04337,24,male,170.3,67.3,23.2,8.5,M,normal,football,intermediate,2,both,23,76,Adidas|Jordan,casual,navy,fleece,"Atlanta, GA",temperate
U04338,50,female,155.7,71.5,29.5,8.0,XL,normal,tennis,intermediate,5,outdoor,86,244,Adidas|Nike,casual,orange,mesh,"Houston, TX",tropical
U04339,20,female,162.0,76.9,29.3,8.5,XL,high,skateboarding,intermediate,5,outdoor,14,80,Nike|Adidas,retro,grey,leather,"Orlando, FL",tropical
U04340,33,male,178.1,85.0,26.8,10.5,L,high,training,intermediate,2,both,27,112,Adidas,performance,white,cotton,"Seattle, WA",temperate
U04341,22,male,171.0,69.3,23.7,9.0,M,normal,outdoor,advanced,3,outdoor,30,68,Nike,performance,navy,leather,"New York, NY",continental
U04342,57,male,174.0,67.2,22.2,9.5,S,normal,running,intermediate,4,indoor,16,66,Adidas|Nike,performance,multi,mesh,"San Francisco, CA",temperate
U04343,49,female,173.3,48.1,16.0,10.0,XS,normal,running,intermediate,4,outdoor,22,83,Adidas,performance,yellow,cotton,"Chicago, IL",continental
U04344,52,male,174.6,80.5,26.4,10.5,L,normal,training,beginner,3,outdoor,18,80,Nike|Adidas|Jordan,athleisure,white,mesh,"Atlanta, GA",temperate
U04345,34,female,170.2,69.5,24.0,10.0,M,normal,basketball,intermediate,3,outdoor,12,76,Nike,performance,multi,leather,"Dallas, TX",hot
U04346,34,male,178.1,85.0,26.8,11.0,L,normal,running,intermediate,2,indoor,25,107,Adidas,performance,blue,nylon,"Los Angeles, CA",hot
U04347,42,female,174.5,64.6,21.2,10.5,S,normal,running,beginner,4,outdoor,10,50,Jordan|Adidas|Nike,athleisure,grey,cotton,"Phoenix, AZ",hot
U04348,18,female,165.2,62.0,22.7,8.5,M,normal,training,intermediate,2,both,14,54,Nike,performance,white,polyester,"Denver, CO",cold
U04349,47,male,176.3,70.9,22.8,9.0,M,high,basketball,advanced,3,indoor,22,102,Adidas,performance,red,mesh,"Houston, TX",tropical
U04350,37,female,162.0,69.3,26.4,8.0,L,high,football,intermediate,4,outdoor,27,98,Nike|Adidas,performance,navy,polyester,"Philadelphia, PA",temperate
U04351,49,female,163.8,61.4,22.9,9.0,M,normal,yoga,intermediate,4,indoor,25,110,Jordan,athleisure,yellow,mesh,"Houston, TX",tropical
U04352,27,female,156.3,74.0,30.3,8.0,XL,normal,training,intermediate,4,indoor,41,97,Nike,athleisure,beige,nylon,"Portland, OR",temperate
U04353,18,male,190.1,87.8,24.3,12.5,L,normal,running,beginner,2,both,10,38,Nike|Adidas,performance,green,polyester,"Portland, OR",temperate
U04354,32,female,173.9,62.9,20.8,9.5,S,normal,running,beginner,5,outdoor,13,61,Adidas|Nike,performance,black,polyester,"Portland, OR",temperate
U04355,51,female,167.9,56.7,20.1,9.5,S,low,tennis,intermediate,4,both,35,92,Adidas|Nike,casual,black,knit,"Charlotte, NC",temperate
U04356,54,female,156.3,69.9,28.6,7.0,XL,normal,training,intermediate,2,both,27,68,Nike|Adidas,performance,blue,synthetic,"San Francisco, CA",temperate
U04357,42,female,166.3,60.6,21.9,9.0,M,normal,yoga,advanced,4,indoor,55,171,Jordan|Nike|Adidas,retro,black,mesh,"New York, NY",continental
U04358,19,female,163.2,65.3,24.5,9.0,L,normal,training,advanced,4,indoor,73,289,Nike|Jordan,performance,red,leather,"Houston, TX",tropical
U04359,32,male,183.5,75.4,22.4,11.0,S,high,training,advanced,4,indoor,62,155,Nike,performance,black,mesh,"Atlanta, GA",temperate
U04360,30,male,172.3,86.4,29.1,9.0,XL,high,football,intermediate,4,outdoor,20,57,Nike|Jordan,casual,white,mesh,"Charlotte, NC",temperate
U04361,21,male,190.4,93.2,25.7,12.5,XL,high,training,intermediate,3,indoor,42,160,Adidas|Nike,performance,black,knit,"Detroit, MI",continental
U04362,47,male,183.0,78.4,23.4,11.5,M,high,running,beginner,4,outdoor,29,110,Adidas,performance,yellow,polyester,"Seattle, WA",temperate
U04363,60,male,179.6,76.4,23.7,10.5,M,normal,yoga,intermediate,2,indoor,24,157,Adidas|Jordan,athleisure,navy,knit,"Detroit, MI",continental
U04364,42,female,165.7,67.0,24.4,9.5,M,high,running,intermediate,3,outdoor,17,103,Nike|Adidas,performance,grey,nylon,"Miami, FL",tropical
U04365,19,female,168.4,70.3,24.8,9.0,L,high,yoga,advanced,4,indoor,18,97,Nike,athleisure,grey,cotton,"Phoenix, AZ",hot
U04366,54,male,195.7,100.7,26.3,13.0,XL,normal,training,advanced,3,both,25,113,Adidas|Nike,athleisure,black,synthetic,"Phoenix, AZ",hot
U04367,43,male,196.1,81.9,21.3,13.0,M,normal,running,beginner,3,outdoor,45,105,Nike,performance,yellow,synthetic,"Charlotte, NC",temperate
U04368,18,female,167.5,76.6,27.3,9.0,L,low,training,beginner,2,indoor,42,105,Nike,athleisure,white,synthetic,"Miami, FL",tropical
U04369,20,male,178.1,85.0,26.8,10.5,L,normal,running,intermediate,4,outdoor,10,58,Adidas|Jordan,performance,black,knit,"Philadelphia, PA",temperate
U04370,18,female,157.1,65.2,26.4,7.5,L,normal,yoga,beginner,3,indoor,10,35,Nike|Adidas,performance,grey,synthetic,"Portland, OR",temperate
U04371,43,female,150.2,82.8,36.7,6.5,XXL,normal,running,beginner,2,indoor,21,65,Adidas|Nike,performance,white,mesh,"Atlanta, GA",temperate
U04372,35,female,159.2,61.6,24.3,8.0,M,high,outdoor,advanced,3,outdoor,30,113,Nike|Adidas|Jordan,performance,grey,synthetic,"San Francisco, CA",temperate
U04373,36,female,160.5,67.0,26.0,8.5,L,normal,lifestyle,intermediate,2,outdoor,30,78,Adidas|Jordan,casual,purple,synthetic,"Seattle, WA",temperate
U04374,32,female,166.3,61.9,22.4,9.5,M,normal,training,intermediate,4,indoor,42,95,Nike|Adidas|Jordan,performance,green,mesh,"Denver, CO",cold
U04375,49,female,169.1,81.2,28.4,10.0,XL,low,training,beginner,3,indoor,23,77,Jordan,performance,white,cotton,"Las Vegas, NV",hot
U04376,46,female,165.8,48.9,17.8,8.5,XS,normal,outdoor,beginner,4,outdoor,10,47,Nike,retro,white,polyester,"Dallas, TX",hot
U04377,57,male,181.2,71.9,21.9,11.0,S,normal,running,advanced,5,outdoor,60,143,Jordan|Nike,performance,grey,knit,"San Francisco, CA",temperate
U04378,31,male,173.5,73.4,24.4,9.5,M,high,lifestyle,beginner,4,indoor,17,62,Adidas|Nike,athleisure,black,synthetic,"Detroit, MI",continental
U04379,44,male,196.2,82.0,21.3,13.5,M,high,training,beginner,3,outdoor,10,35,Nike|Adidas|Jordan,performance,white,nylon,"New York, NY",continental
U04380,22,male,190.1,60.0,16.6,12.5,S,normal,running,beginner,2,both,24,67,Adidas|Nike,performance,white,nylon,"Portland, OR",temperate
U04381,18,male,176.3,89.5,28.8,9.5,XL,normal,running,advanced,3,outdoor,29,112,Adidas,retro,black,knit,"Seattle, WA",temperate
U04382,51,male,162.7,73.6,27.8,7.0,L,high,training,intermediate,3,indoor,14,62,Adidas|Jordan,performance,white,knit,"Los Angeles, CA",hot
U04383,58,male,174.6,79.6,26.1,10.0,L,high,training,advanced,5,indoor,37,100,Adidas,performance,grey,knit,"New York, NY",continental
U04384,25,female,168.4,46.2,16.3,10.0,XS,normal,training,beginner,3,indoor,15,71,Nike,performance,yellow,cotton,"Miami, FL",tropical
U04385,24,female,174.0,52.1,17.2,10.5,XS,high,tennis,intermediate,5,outdoor,14,88,Adidas|Nike,performance,red,fleece,"Detroit, MI",continental
U04386,47,female,153.6,53.8,22.8,7.0,M,normal,running,beginner,2,outdoor,25,85,Nike|Adidas,performance,black,knit,"Phoenix, AZ",hot
U04387,35,male,169.7,88.7,30.8,9.0,XL,low,running,advanced,3,outdoor,32,198,Jordan,performance,blue,cotton,"San Francisco, CA",temperate
U04388,30,male,182.1,71.0,21.4,11.0,S,normal,training,intermediate,4,indoor,25,64,Adidas|Jordan,athleisure,white,polyester,"Los Angeles, CA",hot
U04389,34,female,163.2,62.6,23.5,8.0,M,normal,training,beginner,3,indoor,16,35,Adidas|Nike|Jordan,casual,black,mesh,"Orlando, FL",tropical
U04390,27,female,163.2,52.2,19.6,8.0,S,high,lifestyle,intermediate,2,both,48,110,Jordan,retro,navy,mesh,"Boston, MA",continental
U04391,35,male,178.1,90.7,28.6,10.0,XL,low,tennis,intermediate,4,outdoor,27,137,Nike,performance,black,mesh,"Denver, CO",cold
U04392,18,male,171.9,104.3,35.3,9.5,XXL,normal,training,advanced,2,outdoor,53,124,Nike,performance,red,synthetic,"Boston, MA",continental
U04393,25,female,150.2,79.6,35.3,7.0,XXL,normal,training,advanced,4,both,40,218,Nike|Adidas,performance,white,knit,"Houston, TX",tropical
U04394,27,male,183.0,85.4,25.5,11.5,L,high,running,advanced,4,outdoor,28,108,Nike,performance,white,leather,"Seattle, WA",temperate
U04395,58,male,188.2,82.5,23.3,12.5,M,normal,basketball,intermediate,5,indoor,13,74,Adidas|Nike,performance,navy,rubber,"Portland, OR",temperate
U04396,24,female,162.0,63.0,24.0,8.5,M,normal,basketball,intermediate,4,indoor,23,58,Adidas,casual,navy,leather,"New York, NY",continental
U04397,49,female,158.8,69.6,27.6,7.5,XL,high,yoga,beginner,4,indoor,19,87,Nike,retro,yellow,leather,"Phoenix, AZ",hot
U04398,49,female,171.2,63.3,21.6,10.0,M,normal,basketball,beginner,3,outdoor,15,44,Nike,performance,black,polyester,"Minneapolis, MN",cold
U04399,36,female,164.5,59.0,21.8,8.5,M,high,running,intermediate,2,outdoor,94,249,Nike|Adidas|Jordan,casual,multi,gore-tex,"Boston, MA",continental
U04400,35,female,171.2,70.9,24.2,10.0,M,high,yoga,beginner,2,indoor,14,53,Adidas,athleisure,grey,cotton,"Charlotte, NC",temperate
U04401,57,male,172.6,88.2,29.6,9.0,XL,low,basketball,advanced,3,outdoor,73,189,Nike,retro,multi,polyester,"Los Angeles, CA",hot
U04402,22,female,155.8,65.5,27.0,7.5,L,high,outdoor,beginner,3,outdoor,11,43,Adidas,casual,black,knit,"Minneapolis, MN",cold
U04403,18,male,182.1,86.9,26.2,11.5,L,normal,basketball,intermediate,3,indoor,29,151,Jordan|Adidas|Nike,performance,multi,knit,"Denver, CO",cold
U04404,47,male,183.1,94.2,28.1,11.0,L,high,basketball,beginner,3,indoor,32,112,Nike,performance,multi,rubber,"Houston, TX",tropical
U04405,38,female,167.5,52.5,18.7,9.5,S,normal,running,beginner,3,outdoor,21,57,Jordan|Nike,performance,white,gore-tex,"San Francisco, CA",temperate
U04406,35,male,173.1,88.4,29.5,9.0,XL,normal,yoga,intermediate,4,indoor,19,118,Nike,athleisure,black,leather,"Las Vegas, NV",hot
U04407,49,female,171.2,63.3,21.6,10.0,M,normal,training,beginner,3,indoor,43,111,Nike,performance,navy,fleece,"Detroit, MI",continental
U04408,18,female,167.1,67.0,24.0,9.0,M,low,football,advanced,3,outdoor,35,154,Nike|Adidas,performance,black,leather,"Philadelphia, PA",temperate
U04409,57,female,162.8,49.0,18.5,8.5,S,high,outdoor,beginner,5,outdoor,13,36,Nike|Jordan,performance,white,mesh,"New York, NY",continental
U04410,55,female,158.8,77.4,30.7,8.0,XL,normal,running,intermediate,3,outdoor,20,108,Adidas|Jordan,performance,multi,polyester,"Minneapolis, MN",cold
U04411,37,male,169.7,84.1,29.2,8.5,XL,low,yoga,beginner,5,indoor,13,47,Adidas,athleisure,green,cotton,"Atlanta, GA",temperate
U04412,29,female,162.8,63.9,24.1,8.5,M,high,yoga,intermediate,3,indoor,32,112,Adidas|Jordan|Nike,performance,orange,mesh,"New York, NY",continental
U04413,28,female,171.8,78.8,26.7,10.0,L,normal,running,intermediate,3,outdoor,22,75,Nike|Adidas,performance,purple,synthetic,"New York, NY",continental
U04414,52,female,166.7,64.7,23.3,9.0,M,normal,training,advanced,3,indoor,45,193,Nike|Adidas,performance,pink,cotton,"New York, NY",continental
U04415,18,male,162.8,81.6,30.8,7.5,XL,high,running,advanced,3,both,20,64,Nike|Adidas|Jordan,performance,pink,synthetic,"Dallas, TX",hot
U04416,18,male,170.3,71.6,24.7,9.0,M,normal,tennis,intermediate,4,both,13,54,Nike,performance,green,mesh,"Orlando, FL",tropical
U04417,52,male,171.9,77.1,26.1,9.5,L,low,training,beginner,3,indoor,10,47,Jordan|Adidas,performance,grey,gore-tex,"Portland, OR",temperate
U04418,18,female,166.7,47.5,17.1,9.0,XS,normal,training,beginner,4,both,10,50,Adidas|Jordan,performance,black,gore-tex,"Charlotte, NC",temperate
U04419,43,male,173.1,77.6,25.9,9.0,L,normal,training,beginner,4,both,15,35,Nike,performance,red,nylon,"Seattle, WA",temperate
U04420,24,female,150.3,74.5,33.0,7.0,XXL,low,training,beginner,2,indoor,10,37,Adidas,performance,orange,polyester,"Atlanta, GA",temperate
U04421,33,female,176.2,80.4,25.9,10.5,L,normal,yoga,intermediate,4,indoor,39,146,Adidas|Nike|Jordan,athleisure,white,nylon,"San Francisco, CA",temperate
U04422,40,male,188.2,90.0,25.4,12.0,M,normal,training,beginner,4,both,21,95,Nike|Jordan|Adidas,performance,black,fleece,"Seattle, WA",temperate
U04423,18,male,180.1,72.7,22.4,10.0,S,low,training,intermediate,2,indoor,12,35,Nike|Adidas|Jordan,performance,multi,cotton,"Orlando, FL",tropical
U04424,37,male,181.2,64.7,19.7,10.5,S,normal,basketball,beginner,5,indoor,13,51,Jordan|Adidas,performance,black,synthetic,"Boston, MA",continental
U04425,59,female,174.0,62.7,20.7,10.5,S,high,outdoor,advanced,3,outdoor,54,231,Jordan|Nike,performance,navy,cotton,"Philadelphia, PA",temperate
U04426,46,male,181.7,87.5,26.5,11.0,L,normal,training,beginner,5,both,33,76,Adidas,athleisure,green,leather,"Houston, TX",tropical
U04427,53,male,174.6,80.5,26.4,9.5,L,normal,training,beginner,3,both,35,77,Adidas|Nike,performance,black,mesh,"Atlanta, GA",temperate
U04428,25,male,175.7,82.4,26.7,10.0,L,high,running,beginner,3,both,16,82,Jordan|Nike,performance,navy,gore-tex,"Detroit, MI",continental
U04429,37,female,162.8,64.7,24.4,8.5,M,normal,training,advanced,4,indoor,39,110,Jordan,athleisure,pink,synthetic,"Phoenix, AZ",hot
U04430,32,male,180.2,79.6,24.5,10.5,M,high,yoga,intermediate,5,both,48,115,Nike|Jordan,athleisure,black,mesh,"Chicago, IL",continental
U04431,24,male,190.7,83.3,22.9,12.5,L,high,running,intermediate,4,indoor,46,105,Jordan,performance,grey,gore-tex,"Chicago, IL",continental
U04432,44,female,170.6,46.9,16.1,9.5,XS,normal,training,beginner,5,both,16,68,Jordan|Adidas,performance,blue,fleece,"San Francisco, CA",temperate
U04433,28,female,154.9,64.1,26.7,7.5,L,normal,training,beginner,3,indoor,21,55,Nike|Adidas,performance,navy,cotton,"Atlanta, GA",temperate
U04434,30,male,183.1,87.2,26.0,10.5,L,low,training,advanced,3,indoor,40,162,Nike|Adidas,performance,black,rubber,"Boston, MA",continental
U04435,45,female,165.8,48.9,17.8,9.0,XS,normal,training,beginner,4,both,13,40,Adidas|Nike,casual,brown,fleece,"Orlando, FL",tropical
U04436,20,male,190.1,60.4,16.7,12.0,S,normal,training,beginner,2,indoor,21,69,Adidas,performance,purple,mesh,"New York, NY",continental
U04437,26,male,184.1,82.4,24.3,11.5,M,normal,running,intermediate,5,outdoor,21,57,Adidas|Jordan,performance,purple,polyester,"Charlotte, NC",temperate
U04438,28,female,158.8,63.8,25.3,7.0,L,normal,running,beginner,5,indoor,19,46,Nike,athleisure,blue,mesh,"Los Angeles, CA",hot
U04439,35,female,168.4,54.2,19.1,10.0,S,high,yoga,intermediate,3,indoor,26,140,Adidas,casual,green,polyester,"Miami, FL",tropical
U04440,59,female,174.0,63.0,20.8,9.5,S,normal,running,advanced,3,indoor,33,153,Nike|Adidas,performance,orange,knit,"Phoenix, AZ",hot
U04441,29,male,185.2,80.6,23.5,11.0,M,normal,football,advanced,4,outdoor,44,135,Nike,performance,multi,leather,"Miami, FL",tropical
U04442,19,male,171.9,91.6,31.0,9.5,XL,low,lifestyle,beginner,2,both,10,35,Adidas,retro,orange,fleece,"Phoenix, AZ",hot
U04443,20,female,156.3,75.7,31.0,8.0,XL,normal,running,beginner,3,outdoor,17,52,Adidas,performance,black,mesh,"Chicago, IL",continental
U04444,20,female,163.2,55.9,21.0,8.5,S,high,yoga,beginner,5,indoor,16,41,Adidas|Nike|Jordan,athleisure,black,gore-tex,"New York, NY",continental
U04445,40,female,158.8,58.3,23.1,8.0,M,normal,running,beginner,3,outdoor,29,80,Nike|Adidas,performance,blue,mesh,"Miami, FL",tropical
U04446,23,male,178.1,79.6,25.1,10.0,M,normal,running,advanced,2,both,41,109,Nike|Adidas,performance,pink,mesh,"Boston, MA",continental
U04447,45,female,174.0,62.4,20.6,10.0,S,normal,training,intermediate,2,indoor,10,50,Nike|Adidas,performance,yellow,mesh,"Dallas, TX",hot
U04448,24,male,176.3,78.6,25.3,9.5,M,normal,yoga,intermediate,3,both,10,48,Nike,athleisure,black,fleece,"Chicago, IL",continental
U04449,35,male,179.0,101.9,31.8,10.5,XL,high,yoga,intermediate,3,indoor,36,88,Nike,retro,grey,synthetic,"Las Vegas, NV",hot
U04450,26,female,154.9,64.1,26.7,6.5,L,normal,running,beginner,3,both,19,68,Adidas,performance,grey,synthetic,"Denver, CO",cold
U04451,27,female,182.9,56.5,16.9,12.0,S,high,training,intermediate,5,indoor,22,64,Nike|Adidas,performance,pink,fleece,"Orlando, FL",tropical
U04452,30,female,159.9,65.7,25.7,8.0,L,normal,swimming,beginner,4,indoor,10,47,Adidas,casual,navy,synthetic,"Dallas, TX",hot
U04453,25,female,171.8,59.3,20.1,10.5,S,normal,training,beginner,5,indoor,33,91,Adidas|Nike|Jordan,performance,orange,gore-tex,"San Francisco, CA",temperate
U04454,52,female,154.3,59.5,25.0,6.5,L,normal,yoga,intermediate,3,indoor,30,167,Nike,athleisure,pink,mesh,"New York, NY",continental
U04455,38,male,172.7,88.3,29.6,9.0,XL,low,running,intermediate,4,indoor,46,118,Jordan,performance,blue,mesh,"Denver, CO",cold
U04456,30,male,183.1,85.5,25.5,11.5,L,normal,football,advanced,4,outdoor,25,146,Adidas|Nike,performance,white,polyester,"Chicago, IL",continental
U04457,24,female,169.6,54.7,19.0,9.5,S,normal,training,intermediate,3,outdoor,12,66,Nike,performance,red,nylon,"Dallas, TX",hot
U04458,48,male,177.0,85.5,27.3,10.5,L,low,football,advanced,2,outdoor,52,207,Nike,casual,white,polyester,"Dallas, TX",hot
U04459,19,female,165.8,75.6,27.5,9.5,XL,high,swimming,intermediate,3,indoor,16,75,Adidas|Jordan|Nike,performance,red,leather,"Portland, OR",temperate
U04460,36,male,180.6,91.0,27.9,11.0,L,low,training,intermediate,4,both,69,155,Nike,performance,black,fleece,"Seattle, WA",temperate
U04461,41,male,171.9,81.3,27.5,10.0,L,high,basketball,beginner,3,outdoor,28,98,Nike|Adidas,retro,black,knit,"San Diego, CA",hot
U04462,37,male,190.2,100.9,27.9,12.5,XL,normal,running,beginner,2,outdoor,22,77,Nike|Adidas,performance,grey,synthetic,"San Francisco, CA",temperate
U04463,42,female,163.8,48.8,18.2,8.0,XS,normal,yoga,intermediate,3,indoor,14,85,Nike,casual,blue,polyester,"San Francisco, CA",temperate
U04464,31,male,175.2,86.6,28.2,10.0,L,low,yoga,intermediate,5,indoor,26,88,Adidas,athleisure,multi,synthetic,"Philadelphia, PA",temperate
U04465,20,male,174.1,83.7,27.6,9.5,L,normal,football,intermediate,3,indoor,10,43,Nike|Adidas,casual,navy,fleece,"Orlando, FL",tropical
U04466,18,male,170.3,73.1,25.2,8.5,M,normal,yoga,intermediate,4,indoor,28,84,Adidas|Nike|Jordan,athleisure,grey,cotton,"Detroit, MI",continental
U04467,28,male,187.5,75.6,21.5,12.0,S,normal,basketball,intermediate,3,indoor,45,101,Nike|Adidas,performance,yellow,fleece,"Seattle, WA",temperate
U04468,22,female,152.2,65.8,28.4,6.5,XL,normal,running,beginner,3,both,10,35,Nike,performance,black,knit,"Denver, CO",cold
U04469,18,female,176.7,79.0,25.3,10.5,L,low,yoga,intermediate,3,indoor,91,232,Adidas,athleisure,black,cotton,"Charlotte, NC",temperate
U04470,18,male,196.5,70.7,18.3,14.0,S,high,yoga,advanced,2,both,75,171,Adidas|Nike,performance,white,polyester,"Charlotte, NC",temperate
U04471,46,female,175.4,49.2,16.0,10.5,XS,high,lifestyle,intermediate,2,both,33,74,Adidas|Nike,casual,blue,synthetic,"Atlanta, GA",temperate
U04472,36,female,164.5,76.9,28.4,9.5,XL,normal,training,advanced,4,both,146,391,Adidas,performance,red,synthetic,"San Diego, CA",hot
U04473,45,male,176.4,90.9,29.2,9.5,XL,normal,outdoor,beginner,4,outdoor,22,53,Adidas|Nike,athleisure,orange,nylon,"Denver, CO",cold
U04474,48,male,179.0,95.2,29.7,10.0,XL,normal,skateboarding,advanced,4,outdoor,60,234,Adidas|Nike|Jordan,casual,navy,knit,"Philadelphia, PA",temperate
U04475,40,female,165.2,66.9,24.5,9.5,L,normal,football,intermediate,2,outdoor,35,109,Nike|Jordan|Adidas,performance,black,mesh,"San Diego, CA",hot
U04476,50,female,163.8,64.4,24.0,8.0,M,normal,tennis,beginner,3,both,19,54,Jordan|Adidas,performance,orange,synthetic,"Dallas, TX",hot
U04477,24,male,175.7,87.4,28.3,10.0,L,low,yoga,beginner,4,both,10,46,Adidas|Nike|Jordan,casual,black,nylon,"Las Vegas, NV",hot
U04478,57,male,171.9,73.3,24.8,9.5,M,low,training,beginner,2,both,24,97,Nike,performance,pink,rubber,"Atlanta, GA",temperate
U04479,22,female,166.7,62.0,22.3,9.0,M,normal,lifestyle,advanced,2,outdoor,50,195,Adidas,casual,blue,nylon,"Charlotte, NC",temperate
U04480,18,male,178.1,76.4,24.1,10.5,M,high,running,intermediate,2,outdoor,14,82,Adidas|Jordan,athleisure,blue,polyester,"New York, NY",continental
U04481,34,female,157.1,60.2,24.4,7.5,M,normal,lifestyle,intermediate,4,outdoor,13,44,Nike|Adidas,athleisure,green,mesh,"Portland, OR",temperate
U04482,33,female,155.0,60.3,25.1,7.0,L,low,training,beginner,3,outdoor,28,74,Adidas|Nike,performance,black,cotton,"Los Angeles, CA",hot
U04483,23,male,181.7,90.5,27.4,11.0,L,low,training,beginner,2,both,12,35,Jordan|Nike|Adidas,performance,grey,cotton,"San Diego, CA",hot
U04484,54,female,170.2,52.4,18.1,9.0,XS,normal,swimming,beginner,4,indoor,27,81,Jordan|Adidas,athleisure,multi,synthetic,"Portland, OR",temperate
U04485,20,female,150.3,69.1,30.6,6.5,XL,normal,yoga,intermediate,4,indoor,21,64,Adidas,casual,black,fleece,"Las Vegas, NV",hot
U04486,36,male,180.2,78.6,24.2,10.5,M,low,lifestyle,intermediate,3,indoor,13,81,Adidas,casual,purple,rubber,"Phoenix, AZ",hot
U04487,24,male,176.4,88.7,28.5,10.0,XL,low,yoga,beginner,3,both,10,41,Adidas|Nike,performance,red,rubber,"Los Angeles, CA",hot
U04488,46,male,196.5,91.5,23.7,14.0,L,normal,swimming,advanced,5,indoor,51,253,Nike|Adidas,performance,brown,mesh,"Philadelphia, PA",temperate
U04489,51,female,161.0,63.0,24.3,8.0,M,low,football,beginner,5,outdoor,15,35,Adidas|Nike,performance,black,mesh,"Detroit, MI",continental
U04490,54,female,151.8,74.4,32.3,7.5,XXL,normal,football,intermediate,2,outdoor,58,143,Nike,performance,orange,mesh,"Chicago, IL",continental
U04491,22,male,175.7,71.0,23.0,10.0,M,normal,yoga,intermediate,4,indoor,32,99,Adidas,performance,blue,leather,"Denver, CO",cold
U04492,33,male,188.3,75.9,21.4,12.5,S,low,training,advanced,4,indoor,42,160,Jordan,casual,white,polyester,"San Diego, CA",hot
U04493,18,male,173.5,80.1,26.6,9.5,L,normal,yoga,beginner,2,both,19,44,Nike|Jordan,athleisure,blue,cotton,"Seattle, WA",temperate
U04494,33,male,175.8,85.3,27.6,10.0,L,low,running,beginner,2,outdoor,14,80,Nike,performance,beige,synthetic,"San Francisco, CA",temperate
U04495,46,female,174.1,62.4,20.6,10.0,S,normal,training,intermediate,2,outdoor,16,87,Adidas|Jordan|Nike,performance,grey,polyester,"Detroit, MI",continental
U04496,24,female,150.3,78.4,34.7,7.0,XXL,high,training,intermediate,2,indoor,24,71,Jordan|Adidas,performance,black,knit,"Las Vegas, NV",hot
U04497,32,male,182.1,64.3,19.4,11.0,XS,normal,running,advanced,2,outdoor,53,169,Jordan|Nike,performance,black,rubber,"Los Angeles, CA",hot
U04498,38,male,182.1,72.0,21.7,11.0,S,low,training,intermediate,3,indoor,96,216,Nike,athleisure,black,knit,"Dallas, TX",hot
U04499,22,female,167.5,79.1,28.2,9.0,XL,low,running,intermediate,2,outdoor,18,46,Adidas,casual,black,leather,"Boston, MA",continental
U04500,45,female,167.5,68.7,24.5,9.5,L,normal,football,beginner,4,outdoor,35,80,Adidas,casual,navy,fleece,"Miami, FL",tropical
U04501,27,female,165.8,49.8,18.1,9.5,XS,high,running,intermediate,3,outdoor,36,99,Adidas,performance,grey,polyester,"Houston, TX",tropical
U04502,38,female,161.0,72.6,28.0,8.5,XL,normal,yoga,intermediate,4,indoor,41,96,Nike,athleisure,purple,mesh,"Houston, TX",tropical
U04503,57,male,196.5,98.8,25.6,14.0,XL,normal,training,intermediate,3,indoor,16,45,Nike,performance,green,mesh,"New York, NY",continental
U04504,59,female,183.4,53.8,16.0,12.0,S,normal,training,advanced,2,indoor,20,65,Nike|Adidas|Jordan,athleisure,blue,cotton,"Atlanta, GA",temperate
U04505,35,male,178.1,83.7,26.4,10.5,L,high,training,beginner,2,both,24,75,Adidas|Nike|Jordan,performance,white,polyester,"Phoenix, AZ",hot
U04506,60,female,162.0,58.8,22.4,8.5,M,high,training,beginner,2,indoor,15,35,Adidas|Nike|Jordan,performance,grey,nylon,"San Diego, CA",hot
U04507,25,male,175.2,76.1,24.8,9.5,M,normal,yoga,beginner,2,indoor,18,100,Adidas,athleisure,red,mesh,"Boston, MA",continental
U04508,23,male,181.7,95.4,28.9,10.5,XL,normal,running,intermediate,4,outdoor,18,56,Nike|Adidas,performance,black,fleece,"Houston, TX",tropical
U04509,39,male,182.1,104.8,31.6,11.5,XL,normal,basketball,advanced,2,indoor,56,208,Adidas,performance,brown,leather,"Charlotte, NC",temperate
U04510,38,male,176.4,83.1,26.7,11.0,L,normal,yoga,beginner,3,indoor,18,51,Adidas|Nike,athleisure,red,leather,"Atlanta, GA",temperate
U04511,33,female,163.2,67.4,25.3,8.5,L,normal,running,intermediate,2,indoor,27,81,Jordan|Nike,performance,multi,cotton,"San Diego, CA",hot
U04512,42,female,160.5,67.2,26.1,8.5,L,normal,running,beginner,4,outdoor,12,44,Adidas,performance,red,fleece,"San Francisco, CA",temperate
U04513,18,male,171.0,78.1,26.7,9.0,L,normal,swimming,intermediate,3,indoor,37,103,Adidas,performance,grey,synthetic,"Portland, OR",temperate
U04514,31,male,171.9,77.4,26.2,9.5,L,normal,outdoor,intermediate,4,outdoor,44,142,Jordan,athleisure,grey,mesh,"Philadelphia, PA",temperate
U04515,19,male,171.9,85.7,29.0,9.0,XL,normal,yoga,advanced,2,indoor,25,119,Jordan,casual,black,cotton,"Seattle, WA",temperate
U04516,60,female,153.7,69.0,29.2,7.5,XL,normal,football,intermediate,2,outdoor,38,110,Nike,performance,black,cotton,"Miami, FL",tropical
U04517,33,female,162.0,69.3,26.4,8.0,L,low,running,intermediate,4,outdoor,17,106,Jordan,performance,black,rubber,"Atlanta, GA",temperate
U04518,33,male,182.1,71.0,21.4,10.5,S,normal,training,intermediate,4,both,24,60,Nike|Adidas|Jordan,casual,grey,cotton,"Philadelphia, PA",temperate
U04519,38,male,172.7,83.2,27.9,9.5,L,normal,yoga,intermediate,3,outdoor,52,123,Adidas,performance,white,cotton,"Chicago, IL",continental
U04520,26,male,180.7,84.9,26.0,11.0,L,normal,training,advanced,4,indoor,25,145,Jordan,performance,grey,nylon,"Denver, CO",cold
U04521,49,female,150.4,53.8,23.8,6.5,M,high,yoga,beginner,3,indoor,10,35,Nike|Adidas|Jordan,athleisure,grey,knit,"San Francisco, CA",temperate
U04522,32,female,159.2,71.5,28.2,7.5,XL,normal,yoga,beginner,3,indoor,10,55,Jordan|Nike|Adidas,athleisure,grey,mesh,"Houston, TX",tropical
U04523,52,female,173.3,52.3,17.4,9.5,XS,high,basketball,intermediate,3,indoor,20,52,Nike,athleisure,blue,polyester,"San Diego, CA",hot
U04524,54,male,174.1,74.3,24.5,9.5,M,normal,training,intermediate,4,outdoor,11,63,Jordan|Nike,performance,beige,polyester,"Minneapolis, MN",cold
U04525,27,female,162.8,59.1,22.3,8.0,M,normal,lifestyle,beginner,3,outdoor,18,59,Nike,athleisure,blue,nylon,"Philadelphia, PA",temperate
U04526,21,male,172.7,86.5,29.0,9.5,XL,high,yoga,advanced,2,both,35,131,Nike|Adidas,athleisure,yellow,knit,"Minneapolis, MN",cold
U04527,42,female,152.3,51.5,22.2,6.0,M,normal,lifestyle,beginner,4,both,17,46,Nike|Jordan|Adidas,casual,green,synthetic,"Chicago, IL",continental
U04528,31,male,179.6,76.8,23.8,10.5,M,high,training,advanced,4,indoor,70,206,Jordan|Nike,performance,grey,mesh,"Miami, FL",tropical
U04529,36,male,179.0,64.7,20.2,10.5,S,normal,yoga,beginner,3,indoor,19,62,Nike,athleisure,white,polyester,"Philadelphia, PA",temperate
U04530,22,male,171.0,74.0,25.3,9.0,M,normal,tennis,beginner,5,indoor,14,45,Adidas|Nike,performance,black,knit,"Denver, CO",cold
U04531,53,male,169.2,75.0,26.2,8.5,L,low,basketball,intermediate,3,indoor,41,107,Jordan|Nike,performance,black,cotton,"Orlando, FL",tropical
U04532,27,female,171.2,73.6,25.1,9.0,L,normal,running,intermediate,4,outdoor,51,174,Jordan|Adidas|Nike,performance,black,synthetic,"Los Angeles, CA",hot
U04533,50,female,150.4,56.1,24.8,6.5,L,normal,training,advanced,4,both,18,67,Nike,performance,purple,synthetic,"New York, NY",continental
U04534,39,female,168.4,46.2,16.3,9.5,XS,high,outdoor,beginner,3,outdoor,18,112,Nike,performance,black,mesh,"Detroit, MI",continental
U04535,47,female,167.1,63.4,22.7,9.5,M,high,training,beginner,4,indoor,12,50,Adidas|Jordan,performance,yellow,cotton,"Chicago, IL",continental
U04536,38,female,158.8,67.8,26.9,8.0,L,normal,running,advanced,3,both,31,119,Adidas,performance,blue,synthetic,"Seattle, WA",temperate
U04537,36,male,184.6,80.8,23.7,11.5,M,normal,training,beginner,4,outdoor,18,55,Adidas,athleisure,red,knit,"Los Angeles, CA",hot
U04538,18,male,178.1,73.9,23.3,10.5,M,low,training,advanced,4,both,33,93,Nike,athleisure,black,polyester,"Houston, TX",tropical
U04539,49,female,171.9,78.9,26.7,10.5,L,normal,running,intermediate,2,both,30,68,Adidas,casual,orange,rubber,"Atlanta, GA",temperate
U04540,23,female,166.8,62.0,22.3,9.0,M,high,running,advanced,2,outdoor,45,193,Nike,performance,black,gore-tex,"Orlando, FL",tropical
U04541,25,female,163.3,52.3,19.6,8.0,S,high,running,intermediate,2,outdoor,35,112,Adidas|Nike,performance,blue,nylon,"Los Angeles, CA",hot
U04542,25,male,183.5,81.5,24.2,11.0,M,normal,yoga,intermediate,3,indoor,18,47,Nike,casual,black,polyester,"San Francisco, CA",temperate
U04543,19,male,178.2,85.1,26.8,10.5,L,high,running,intermediate,4,both,28,114,Adidas,casual,purple,fleece,"Seattle, WA",temperate
U04544,38,male,172.7,88.3,29.6,9.5,XL,low,running,intermediate,4,outdoor,41,131,Nike|Adidas,athleisure,navy,polyester,"Los Angeles, CA",hot
U04545,44,male,164.8,66.8,24.6,7.0,M,high,outdoor,beginner,3,outdoor,10,35,Adidas|Nike,athleisure,navy,synthetic,"Philadelphia, PA",temperate
U04546,19,male,183.1,66.7,19.9,11.0,S,normal,training,advanced,2,both,39,146,Adidas|Nike,performance,white,knit,"Las Vegas, NV",hot
U04547,24,female,169.6,54.7,19.0,10.0,S,low,training,intermediate,3,both,19,112,Adidas|Nike|Jordan,performance,blue,polyester,"Philadelphia, PA",temperate
U04548,39,male,165.7,84.3,30.7,8.0,XL,normal,running,intermediate,4,outdoor,10,54,Adidas,performance,black,cotton,"Detroit, MI",continental
U04549,19,female,162.8,69.2,26.1,8.5,L,low,training,beginner,2,indoor,14,60,Jordan|Adidas|Nike,performance,blue,fleece,"Miami, FL",tropical
U04550,48,male,187.5,76.6,21.8,12.5,S,normal,basketball,advanced,3,indoor,53,124,Adidas|Nike|Jordan,athleisure,black,gore-tex,"Houston, TX",tropical
U04551,42,male,176.4,96.8,31.1,10.0,XL,normal,basketball,beginner,3,outdoor,17,82,Adidas,performance,brown,synthetic,"Seattle, WA",temperate
U04552,18,male,172.7,65.0,21.8,9.5,S,normal,running,advanced,3,outdoor,15,91,Nike|Adidas,performance,white,nylon,"Atlanta, GA",temperate
U04553,48,male,171.0,79.5,27.2,9.5,L,normal,outdoor,beginner,3,outdoor,34,101,Nike|Adidas,casual,blue,mesh,"San Francisco, CA",temperate
U04554,31,male,177.4,69.2,22.0,10.0,S,normal,running,advanced,4,outdoor,65,149,Nike|Jordan,performance,black,knit,"Chicago, IL",continental
U04555,45,female,168.7,66.0,23.2,9.5,M,low,training,beginner,3,indoor,10,50,Adidas|Nike,athleisure,green,synthetic,"Atlanta, GA",temperate
U04556,46,female,163.3,61.9,23.2,8.5,M,high,running,beginner,4,outdoor,18,48,Jordan|Adidas|Nike,performance,black,gore-tex,"Seattle, WA",temperate
U04557,18,male,196.7,97.9,25.3,13.5,L,normal,basketball,advanced,2,indoor,36,195,Adidas,performance,multi,rubber,"Seattle, WA",temperate
U04558,22,female,169.1,57.8,20.2,9.5,S,normal,training,intermediate,4,indoor,12,64,Nike|Adidas,retro,white,synthetic,"Philadelphia, PA",temperate
U04559,18,female,168.7,59.8,21.0,9.5,S,normal,football,advanced,3,outdoor,91,211,Nike,performance,red,cotton,"Minneapolis, MN",cold
U04560,34,male,176.4,69.4,22.3,9.5,S,low,yoga,advanced,2,both,65,180,Nike|Adidas|Jordan,performance,multi,synthetic,"Philadelphia, PA",temperate
U04561,24,female,162.0,50.1,19.1,8.0,S,high,training,intermediate,5,indoor,15,48,Nike,performance,green,nylon,"San Francisco, CA",temperate
U04562,22,female,169.6,61.8,21.5,9.5,M,normal,yoga,intermediate,4,indoor,17,87,Adidas,athleisure,grey,fleece,"San Diego, CA",hot
U04563,51,female,169.6,46.0,16.0,9.0,XS,normal,running,intermediate,4,outdoor,34,107,Adidas|Nike,performance,beige,knit,"Los Angeles, CA",hot
U04564,23,male,175.8,71.4,23.1,9.5,M,normal,yoga,intermediate,4,indoor,10,47,Adidas|Nike,athleisure,black,mesh,"Detroit, MI",continental
U04565,36,male,177.0,87.1,27.8,10.0,L,normal,outdoor,intermediate,4,outdoor,28,105,Nike|Jordan,performance,red,mesh,"New York, NY",continental
U04566,36,male,190.2,100.9,27.9,12.0,XL,low,training,beginner,2,indoor,30,82,Nike,performance,green,nylon,"Detroit, MI",continental
U04567,45,female,150.5,56.2,24.8,6.5,L,normal,skateboarding,advanced,4,outdoor,85,265,Jordan|Nike,casual,grey,polyester,"Charlotte, NC",temperate
U04568,22,female,168.4,61.5,21.7,9.0,M,normal,training,intermediate,5,outdoor,48,136,Nike|Adidas,casual,yellow,mesh,"Seattle, WA",temperate
U04569,36,male,187.5,84.4,24.0,12.5,M,normal,training,advanced,3,both,83,450,Nike|Jordan|Adidas,performance,blue,polyester,"Minneapolis, MN",cold
U04570,19,female,162.0,51.7,19.7,8.0,S,normal,training,beginner,2,outdoor,20,53,Adidas|Jordan,athleisure,purple,synthetic,"Las Vegas, NV",hot
U04571,29,female,165.8,66.5,24.2,9.0,M,normal,running,advanced,3,outdoor,91,208,Nike|Adidas,athleisure,black,cotton,"San Francisco, CA",temperate
U04572,21,female,171.2,69.5,23.7,10.5,M,normal,training,advanced,4,both,44,105,Adidas|Nike,performance,brown,cotton,"Detroit, MI",continental
U04573,42,female,159.9,81.1,31.7,8.0,XXL,normal,football,advanced,3,outdoor,64,364,Nike|Adidas|Jordan,performance,blue,polyester,"Detroit, MI",continental
U04574,23,female,171.9,62.6,21.2,10.0,S,normal,training,beginner,4,indoor,10,37,Nike|Adidas,performance,grey,leather,"Los Angeles, CA",hot
U04575,30,female,169.6,78.8,27.4,10.5,L,normal,running,intermediate,3,outdoor,69,227,Nike,performance,white,gore-tex,"Charlotte, NC",temperate
U04576,20,male,180.2,72.7,22.4,10.5,S,normal,running,intermediate,2,outdoor,54,177,Adidas|Nike,performance,black,nylon,"Miami, FL",tropical
U04577,23,female,167.5,51.6,18.4,9.5,XS,normal,basketball,intermediate,4,outdoor,25,62,Adidas,retro,white,mesh,"Los Angeles, CA",hot
U04578,52,male,166.3,89.3,32.3,8.5,XL,normal,swimming,beginner,3,both,26,100,Nike|Adidas|Jordan,performance,grey,polyester,"Boston, MA",continental
U04579,45,male,179.0,64.7,20.2,10.5,S,normal,yoga,advanced,3,indoor,61,200,Nike,athleisure,navy,cotton,"Las Vegas, NV",hot
U04580,21,female,154.4,49.3,20.7,7.0,S,normal,training,beginner,2,indoor,10,45,Adidas,performance,pink,synthetic,"Chicago, IL",continental
U04581,40,female,150.5,67.5,29.8,6.0,XL,normal,outdoor,intermediate,3,outdoor,43,99,Adidas|Nike,performance,black,mesh,"Orlando, FL",tropical
U04582,29,male,178.2,78.8,24.8,10.0,M,normal,yoga,intermediate,2,indoor,22,117,Adidas|Jordan,athleisure,multi,cotton,"Los Angeles, CA",hot
U04583,18,male,180.7,73.8,22.6,10.0,M,low,training,intermediate,3,outdoor,42,100,Nike|Adidas,athleisure,white,polyester,"Philadelphia, PA",temperate
U04584,46,female,169.6,81.7,28.4,10.0,XL,normal,training,advanced,4,indoor,129,309,Adidas,performance,red,mesh,"Detroit, MI",continental
U04585,18,male,183.5,74.1,22.0,11.0,S,normal,training,advanced,2,indoor,28,172,Jordan,performance,orange,synthetic,"Portland, OR",temperate
U04586,24,male,196.7,72.0,18.6,14.0,S,high,outdoor,beginner,2,outdoor,15,39,Adidas,athleisure,grey,cotton,"Atlanta, GA",temperate
U04587,53,female,157.5,71.9,29.0,8.0,XL,normal,training,beginner,3,both,22,89,Nike|Adidas,performance,grey,mesh,"Phoenix, AZ",hot
U04588,47,female,174.1,62.4,20.6,10.0,S,normal,training,intermediate,2,indoor,11,50,Nike|Jordan|Adidas,casual,black,rubber,"Boston, MA",continental
U04589,24,male,179.6,95.5,29.6,10.5,XL,normal,running,beginner,3,outdoor,12,45,Nike|Jordan|Adidas,performance,grey,polyester,"Los Angeles, CA",hot
U04590,32,female,163.3,67.5,25.3,8.5,L,normal,running,intermediate,2,outdoor,40,93,Nike|Jordan,performance,beige,polyester,"Denver, CO",cold
U04591,24,male,171.1,97.8,33.4,9.5,XXL,normal,training,beginner,3,indoor,19,70,Adidas,athleisure,grey,synthetic,"Houston, TX",tropical
U04592,25,male,171.1,90.2,30.8,9.0,XL,normal,running,beginner,3,outdoor,31,137,Adidas,performance,brown,mesh,"New York, NY",continental
U04593,52,female,165.8,48.9,17.8,8.5,XS,normal,lifestyle,advanced,4,outdoor,56,181,Adidas|Nike,retro,pink,nylon,"Orlando, FL",tropical
U04594,25,male,167.1,76.5,27.4,9.0,L,normal,outdoor,beginner,4,outdoor,15,56,Nike|Adidas,performance,brown,mesh,"New York, NY",continental
U04595,43,female,161.5,71.2,27.3,8.5,L,normal,yoga,beginner,5,indoor,10,48,Nike,athleisure,black,polyester,"Los Angeles, CA",hot
U04596,26,male,164.8,67.9,25.0,7.5,M,high,running,beginner,5,outdoor,19,92,Adidas,performance,red,mesh,"Boston, MA",continental
U04597,49,female,157.1,58.0,23.5,7.0,M,normal,lifestyle,beginner,4,both,10,60,Jordan|Adidas,athleisure,black,polyester,"Seattle, WA",temperate
U04598,22,female,152.9,70.1,30.0,7.0,XL,normal,training,beginner,3,indoor,13,43,Adidas|Nike,performance,blue,synthetic,"Portland, OR",temperate
U04599,49,female,161.0,59.1,22.8,8.5,M,low,football,intermediate,2,outdoor,54,157,Nike|Adidas|Jordan,performance,pink,synthetic,"Phoenix, AZ",hot
U04600,35,male,188.3,68.4,19.3,12.0,XS,high,running,intermediate,4,outdoor,63,172,Nike,performance,black,rubber,"Denver, CO",cold
U04601,41,female,174.1,67.6,22.3,10.5,M,normal,basketball,beginner,3,indoor,10,43,Adidas|Nike,performance,multi,rubber,"Atlanta, GA",temperate
U04602,34,female,170.7,77.5,26.6,10.0,L,low,swimming,beginner,3,both,14,35,Nike|Adidas|Jordan,retro,blue,mesh,"Portland, OR",temperate
U04603,59,male,188.9,87.4,24.5,12.0,M,normal,training,intermediate,2,outdoor,23,83,Nike,performance,blue,nylon,"Orlando, FL",tropical
U04604,20,female,171.3,66.9,22.8,9.5,M,normal,football,intermediate,4,outdoor,10,53,Adidas,casual,brown,mesh,"Seattle, WA",temperate
U04605,46,female,172.4,72.2,24.3,9.5,M,normal,running,beginner,4,both,16,38,Nike,athleisure,purple,cotton,"Las Vegas, NV",hot
U04606,37,female,167.6,47.2,16.8,9.5,XS,high,training,intermediate,3,indoor,24,68,Nike|Adidas,performance,beige,fleece,"Boston, MA",continental
U04607,36,male,174.1,73.4,24.2,10.0,M,normal,training,intermediate,3,indoor,52,163,Adidas,casual,red,leather,"Denver, CO",cold
U04608,22,female,175.4,67.1,21.8,10.5,M,normal,training,intermediate,3,indoor,18,113,Adidas|Nike|Jordan,performance,red,polyester,"Phoenix, AZ",hot
U04609,46,male,181.7,87.5,26.5,11.0,L,high,training,beginner,5,both,28,182,Nike|Adidas,athleisure,white,cotton,"Denver, CO",cold
U04610,39,female,164.5,74.7,27.6,8.5,XL,high,training,beginner,3,both,16,50,Adidas|Nike,performance,green,synthetic,"Denver, CO",cold
U04611,55,male,176.4,81.8,26.3,10.0,L,normal,yoga,intermediate,2,indoor,76,184,Jordan|Nike,athleisure,red,fleece,"San Francisco, CA",temperate
U04612,20,male,181.7,88.5,26.8,10.5,L,normal,training,advanced,3,indoor,57,166,Jordan,athleisure,grey,polyester,"Los Angeles, CA",hot
U04613,32,female,166.3,65.5,23.7,8.5,M,high,running,beginner,5,outdoor,10,51,Nike|Jordan,performance,multi,polyester,"San Francisco, CA",temperate
U04614,51,female,150.5,53.5,23.6,6.5,M,normal,outdoor,intermediate,2,outdoor,34,99,Adidas|Jordan,performance,blue,mesh,"Miami, FL",tropical
U04615,51,male,182.1,75.3,22.7,11.0,M,high,football,intermediate,4,outdoor,21,83,Adidas,performance,pink,knit,"San Diego, CA",hot
U04616,38,male,177.4,91.6,29.1,10.0,XL,low,football,advanced,2,indoor,34,184,Jordan,performance,red,cotton,"Atlanta, GA",temperate
U04617,19,female,154.4,49.3,20.7,7.0,S,normal,training,beginner,2,both,32,81,Nike,athleisure,black,fleece,"Minneapolis, MN",cold
U04618,26,female,163.3,52.3,19.6,9.0,S,normal,training,intermediate,2,indoor,29,90,Adidas|Nike,performance,blue,polyester,"Orlando, FL",tropical
U04619,31,male,184.6,87.2,25.6,11.5,L,normal,basketball,intermediate,3,both,55,150,Adidas,performance,navy,synthetic,"Denver, CO",cold
U04620,29,female,155.0,64.1,26.7,7.0,L,normal,training,beginner,3,indoor,22,111,Nike|Adidas,performance,multi,fleece,"Seattle, WA",temperate
U04621,30,female,155.8,81.1,33.4,7.5,XXL,low,training,beginner,5,indoor,23,122,Nike|Adidas|Jordan,performance,black,nylon,"Miami, FL",tropical
U04622,28,male,188.3,63.1,17.8,12.0,XS,normal,training,advanced,5,indoor,31,101,Jordan,performance,pink,cotton,"Chicago, IL",continental
U04623,32,female,157.1,72.6,29.4,8.0,XL,normal,training,beginner,2,both,20,64,Jordan,performance,grey,mesh,"Orlando, FL",tropical
U04624,40,female,157.5,64.0,25.8,7.5,L,low,running,beginner,4,outdoor,29,88,Nike|Jordan,performance,blue,cotton,"San Diego, CA",hot
U04625,39,female,165.3,67.5,24.7,9.0,L,low,training,intermediate,3,both,25,67,Nike|Jordan,athleisure,black,leather,"San Diego, CA",hot
U04626,26,male,186.4,98.7,28.4,12.0,L,normal,yoga,beginner,3,indoor,13,38,Adidas|Nike|Jordan,athleisure,blue,leather,"Orlando, FL",tropical
U04627,37,female,155.8,56.6,23.3,7.5,M,normal,running,intermediate,2,outdoor,37,104,Adidas|Nike,performance,black,nylon,"San Diego, CA",hot
U04628,34,male,178.2,90.8,28.6,10.0,XL,low,running,intermediate,4,outdoor,18,88,Adidas,performance,grey,rubber,"Miami, FL",tropical
U04629,37,female,168.4,70.0,24.7,9.5,L,low,running,beginner,2,both,17,60,Nike,performance,grey,polyester,"Detroit, MI",continental
U04630,23,female,162.0,68.2,26.0,8.0,L,high,training,intermediate,4,both,23,71,Nike,performance,black,leather,"San Francisco, CA",temperate
U04631,20,female,166.8,47.6,17.1,9.0,XS,normal,yoga,advanced,3,indoor,102,335,Nike|Adidas,athleisure,multi,knit,"Minneapolis, MN",cold
U04632,21,female,163.8,55.5,20.7,8.0,S,normal,training,beginner,3,indoor,11,44,Adidas,performance,pink,mesh,"Houston, TX",tropical
U04633,33,female,163.3,49.1,18.4,8.5,XS,low,training,advanced,4,outdoor,91,211,Nike|Adidas,performance,multi,mesh,"Atlanta, GA",temperate
U04634,19,male,175.2,82.6,26.9,9.5,L,low,yoga,beginner,2,indoor,13,66,Adidas|Nike,athleisure,green,mesh,"Chicago, IL",continental
U04635,56,female,151.5,61.5,26.8,6.5,L,normal,lifestyle,advanced,5,outdoor,30,67,Adidas|Nike,casual,blue,polyester,"Atlanta, GA",temperate
U04636,20,male,180.2,72.7,22.4,11.5,S,normal,running,intermediate,2,outdoor,61,159,Jordan,performance,red,knit,"New York, NY",continental
U04637,41,male,188.9,83.9,23.5,12.5,M,normal,yoga,intermediate,2,indoor,45,137,Adidas,athleisure,black,mesh,"Houston, TX",tropical
U04638,46,male,173.1,72.8,24.3,9.5,M,normal,running,beginner,2,outdoor,13,69,Adidas,performance,black,rubber,"Atlanta, GA",temperate
U04639,36,male,182.1,87.2,26.3,11.5,L,normal,training,advanced,2,indoor,82,257,Nike,performance,blue,polyester,"Houston, TX",tropical
U04640,39,male,176.4,77.2,24.8,10.0,M,normal,yoga,intermediate,2,indoor,18,103,Adidas|Nike,athleisure,black,cotton,"Atlanta, GA",temperate
U04641,38,male,165.7,84.3,30.7,8.0,XL,normal,training,intermediate,4,indoor,65,152,Jordan|Adidas,performance,green,cotton,"Orlando, FL",tropical
U04642,55,female,165.3,48.9,17.9,9.5,XS,normal,training,beginner,2,both,10,35,Adidas|Jordan|Nike,athleisure,white,gore-tex,"Dallas, TX",hot
U04643,35,female,158.8,49.9,19.8,8.0,S,high,running,advanced,2,outdoor,63,233,Adidas|Nike,performance,black,cotton,"Chicago, IL",continental
U04644,27,male,183.1,85.5,25.5,11.0,L,normal,running,advanced,4,outdoor,61,178,Jordan,performance,navy,mesh,"Denver, CO",cold
U04645,47,female,159.9,78.5,30.7,8.5,XL,normal,outdoor,advanced,5,outdoor,28,179,Adidas,performance,navy,cotton,"Chicago, IL",continental
U04646,28,female,165.3,76.2,27.9,9.0,XL,normal,training,advanced,4,both,36,116,Adidas|Nike|Jordan,athleisure,white,synthetic,"Boston, MA",continental
U04647,53,male,180.7,80.3,24.6,10.5,M,normal,training,intermediate,2,both,35,96,Nike,performance,black,rubber,"San Francisco, CA",temperate
U04648,26,female,155.0,49.5,20.6,7.0,S,normal,running,intermediate,3,outdoor,20,95,Nike,performance,red,synthetic,"New York, NY",continental
U04649,24,female,183.9,69.3,20.5,12.0,M,high,training,intermediate,5,both,10,53,Adidas|Nike|Jordan,athleisure,green,polyester,"Chicago, IL",continental
U04650,44,female,162.0,58.0,22.1,9.0,M,normal,training,advanced,3,indoor,57,192,Adidas,performance,black,fleece,"New York, NY",continental
U04651,39,female,162.8,73.7,27.8,8.5,XL,high,training,intermediate,3,both,63,203,Adidas|Nike,performance,green,mesh,"Houston, TX",tropical
U04652,18,female,164.5,58.5,21.6,9.0,M,normal,football,beginner,3,indoor,10,35,Nike,performance,red,gore-tex,"Detroit, MI",continental
U04653,18,male,189.0,63.9,17.9,12.0,XS,normal,running,beginner,4,outdoor,16,65,Nike|Adidas,performance,green,synthetic,"Miami, FL",tropical
U04654,23,male,183.5,81.2,24.1,11.5,M,normal,running,advanced,2,both,31,113,Nike,athleisure,black,fleece,"Detroit, MI",continental
U04655,36,male,162.8,84.3,31.8,7.5,XL,high,training,beginner,4,both,13,52,Jordan|Nike|Adidas,performance,multi,cotton,"San Diego, CA",hot
U04656,18,female,165.8,71.2,25.9,9.0,L,normal,running,intermediate,3,outdoor,20,89,Adidas,athleisure,red,synthetic,"Detroit, MI",continental
U04657,23,female,163.8,80.2,29.9,9.0,XL,normal,training,intermediate,2,outdoor,26,89,Jordan,athleisure,white,knit,"San Diego, CA",hot
U04658,35,female,184.3,63.5,18.7,11.5,M,normal,running,intermediate,3,outdoor,30,113,Nike|Jordan,performance,purple,knit,"Orlando, FL",tropical
U04659,25,female,169.6,61.8,21.5,10.0,M,high,yoga,intermediate,4,indoor,18,65,Nike|Jordan,athleisure,navy,polyester,"Seattle, WA",temperate
U04660,18,female,159.2,68.7,27.1,7.5,L,normal,running,advanced,3,outdoor,32,214,Nike,performance,black,mesh,"Chicago, IL",continental
U04661,30,female,165.3,71.9,26.3,9.0,L,normal,lifestyle,beginner,4,outdoor,24,67,Nike,retro,purple,knit,"Detroit, MI",continental
U04662,60,male,181.2,87.7,26.7,10.5,L,normal,training,intermediate,4,indoor,18,110,Nike|Jordan,performance,pink,cotton,"Philadelphia, PA",temperate
U04663,56,female,154.4,64.8,27.2,7.0,L,normal,yoga,intermediate,4,indoor,30,143,Adidas|Nike|Jordan,performance,white,knit,"Dallas, TX",hot
U04664,47,male,179.6,92.9,28.8,10.5,XL,high,outdoor,intermediate,2,outdoor,18,47,Adidas|Nike,performance,navy,cotton,"Portland, OR",temperate
U04665,43,male,171.1,76.4,26.1,9.0,L,normal,football,advanced,4,outdoor,96,215,Nike|Adidas,performance,grey,leather,"San Francisco, CA",temperate
U04666,31,female,169.1,62.1,21.7,9.0,M,normal,lifestyle,intermediate,5,both,44,98,Nike,retro,black,knit,"Houston, TX",tropical
U04667,50,female,166.8,47.6,17.1,9.0,XS,high,running,advanced,5,outdoor,83,253,Adidas|Nike,athleisure,blue,polyester,"San Diego, CA",hot
U04668,21,male,166.4,78.6,28.4,7.5,L,normal,lifestyle,advanced,2,both,22,97,Adidas|Jordan|Nike,retro,white,knit,"San Francisco, CA",temperate
U04669,49,male,179.0,88.8,27.7,10.5,L,normal,training,advanced,4,indoor,98,244,Nike,performance,black,knit,"Philadelphia, PA",temperate
U04670,31,female,154.4,68.9,28.9,7.0,XL,normal,running,advanced,3,outdoor,37,106,Adidas,performance,black,mesh,"Las Vegas, NV",hot
U04671,31,female,154.4,55.1,23.1,6.0,M,normal,running,intermediate,2,outdoor,55,124,Nike,performance,white,knit,"Seattle, WA",temperate
U04672,43,male,185.7,79.3,23.0,11.5,M,normal,training,beginner,2,indoor,23,73,Nike|Jordan,performance,green,mesh,"Las Vegas, NV",hot
U04673,44,female,172.4,72.2,24.3,10.0,M,normal,running,beginner,4,both,19,61,Adidas|Nike,performance,grey,polyester,"New York, NY",continental
U04674,18,male,175.8,90.6,29.3,9.5,XL,high,training,intermediate,3,indoor,10,56,Nike|Adidas,performance,black,cotton,"Chicago, IL",continental
U04675,30,female,165.3,71.9,26.3,9.5,L,normal,football,beginner,4,outdoor,12,56,Nike|Jordan,performance,black,mesh,"Atlanta, GA",temperate
U04676,18,female,165.8,58.0,21.1,9.0,S,high,running,beginner,4,outdoor,28,79,Nike|Adidas,performance,red,synthetic,"Dallas, TX",hot
U04677,27,male,181.2,101.5,30.9,11.0,XL,normal,running,beginner,4,outdoor,54,121,Nike|Jordan|Adidas,performance,grey,fleece,"Phoenix, AZ",hot
U04678,24,male,167.8,80.0,28.4,8.5,L,high,training,beginner,4,both,35,121,Nike|Adidas,performance,red,synthetic,"Philadelphia, PA",temperate
U04679,34,male,180.7,91.1,27.9,11.0,L,normal,running,intermediate,4,outdoor,21,131,Adidas,retro,black,rubber,"San Diego, CA",hot
U04680,55,male,189.0,91.8,25.7,12.0,L,normal,training,beginner,4,both,19,72,Jordan|Nike,performance,pink,mesh,"Dallas, TX",hot
U04681,20,male,181.7,88.5,26.8,11.0,L,high,lifestyle,advanced,3,both,31,163,Nike|Adidas,casual,multi,cotton,"Houston, TX",tropical
U04682,33,female,159.2,61.6,24.3,8.0,M,normal,yoga,advanced,3,indoor,162,371,Nike,athleisure,green,cotton,"Atlanta, GA",temperate
U04683,54,male,171.1,66.7,22.8,8.5,M,high,football,advanced,4,outdoor,39,205,Nike,performance,pink,cotton,"Orlando, FL",tropical
U04684,53,male,189.1,91.9,25.7,12.5,L,normal,yoga,beginner,4,outdoor,12,67,Nike|Adidas,retro,black,synthetic,"Philadelphia, PA",temperate
U04685,28,male,180.2,93.8,28.9,10.5,XL,normal,running,intermediate,2,outdoor,27,94,Jordan,performance,grey,cotton,"Denver, CO",cold
U04686,33,female,167.9,68.2,24.2,9.0,M,normal,outdoor,intermediate,4,outdoor,31,98,Nike|Adidas,performance,black,nylon,"Philadelphia, PA",temperate
U04687,18,male,180.7,78.4,24.0,11.0,M,high,training,advanced,2,both,58,159,Nike|Adidas,athleisure,green,leather,"Chicago, IL",continental
U04688,41,male,177.4,76.2,24.2,9.0,M,normal,football,beginner,4,outdoor,12,47,Nike|Jordan|Adidas,performance,green,cotton,"Charlotte, NC",temperate
U04689,55,female,164.5,81.7,30.2,9.0,XL,normal,basketball,advanced,2,indoor,53,127,Adidas|Jordan,casual,black,knit,"Portland, OR",temperate
U04690,23,male,178.2,74.0,23.3,10.5,M,normal,training,advanced,4,indoor,44,132,Adidas,retro,green,leather,"Charlotte, NC",temperate
U04691,20,male,184.6,82.5,24.2,11.5,M,normal,running,intermediate,3,outdoor,12,71,Adidas|Nike,performance,navy,cotton,"Charlotte, NC",temperate
U04692,32,female,166.3,64.7,23.4,9.0,M,high,running,advanced,3,both,34,212,Nike,retro,multi,polyester,"San Francisco, CA",temperate
U04693,43,male,187.5,90.0,25.6,11.5,L,high,football,intermediate,4,outdoor,40,139,Nike,casual,multi,nylon,"San Diego, CA",hot
U04694,26,female,158.8,67.8,26.9,8.0,L,normal,training,intermediate,3,indoor,33,117,Adidas|Nike,performance,black,polyester,"Chicago, IL",continental
U04695,24,male,175.8,80.7,26.1,10.0,L,low,lifestyle,advanced,4,both,47,166,Nike|Adidas,athleisure,yellow,polyester,"Minneapolis, MN",cold
U04696,54,male,169.7,83.8,29.1,9.0,XL,low,running,intermediate,4,outdoor,18,110,Nike|Adidas,performance,black,synthetic,"Phoenix, AZ",hot
U04697,19,male,175.2,80.4,26.2,10.0,L,low,yoga,intermediate,5,indoor,10,35,Adidas|Jordan,athleisure,navy,knit,"Orlando, FL",tropical
U04698,20,male,184.7,63.8,18.7,11.0,XS,high,basketball,intermediate,4,outdoor,10,60,Jordan|Nike,retro,blue,polyester,"Los Angeles, CA",hot
U04699,18,male,169.2,71.3,24.9,9.0,M,normal,football,advanced,3,outdoor,67,182,Nike|Jordan,retro,white,leather,"Minneapolis, MN",cold
U04700,18,female,163.3,72.8,27.3,8.5,L,normal,swimming,advanced,3,indoor,31,95,Nike,performance,pink,nylon,"Seattle, WA",temperate
U04701,21,female,176.7,79.0,25.3,11.0,L,normal,yoga,intermediate,3,indoor,23,123,Nike,performance,blue,fleece,"San Diego, CA",hot
U04702,31,female,185.0,85.2,24.9,12.0,XL,normal,running,intermediate,5,outdoor,43,154,Nike,athleisure,red,mesh,"Dallas, TX",hot
U04703,41,male,174.6,67.1,22.0,10.0,S,normal,tennis,intermediate,2,outdoor,41,94,Nike|Jordan,performance,pink,mesh,"Boston, MA",continental
U04704,43,male,173.1,76.1,25.4,9.0,M,high,training,intermediate,2,indoor,14,82,Adidas|Jordan|Nike,retro,grey,synthetic,"Minneapolis, MN",cold
U04705,22,female,168.0,46.9,16.6,10.0,XS,normal,training,intermediate,3,indoor,18,86,Nike|Adidas|Jordan,performance,black,knit,"Chicago, IL",continental
U04706,24,female,159.9,66.2,25.9,8.0,L,normal,lifestyle,intermediate,2,both,23,85,Nike,casual,white,knit,"Houston, TX",tropical
U04707,42,male,178.2,69.5,21.9,10.0,S,high,yoga,advanced,5,indoor,47,215,Nike|Adidas|Jordan,athleisure,black,synthetic,"Detroit, MI",continental
U04708,18,female,170.2,68.7,23.7,9.5,M,low,running,beginner,3,indoor,10,35,Adidas|Nike|Jordan,athleisure,green,polyester,"Phoenix, AZ",hot
U04709,27,female,185.4,82.5,24.0,12.0,L,high,football,beginner,3,outdoor,21,48,Nike,casual,white,mesh,"Philadelphia, PA",temperate
U04710,22,male,184.7,82.9,24.3,12.0,M,normal,basketball,beginner,4,indoor,13,35,Adidas|Nike,performance,grey,gore-tex,"Philadelphia, PA",temperate
U04711,21,female,155.8,49.5,20.4,7.0,S,high,lifestyle,beginner,3,both,13,35,Adidas|Nike|Jordan,performance,blue,cotton,"Philadelphia, PA",temperate
U04712,24,male,185.7,62.4,18.1,12.0,XS,normal,running,advanced,4,outdoor,47,110,Adidas|Jordan,performance,yellow,polyester,"Portland, OR",temperate
U04713,51,female,159.2,70.2,27.7,8.5,XL,normal,running,advanced,5,outdoor,18,88,Nike|Jordan|Adidas,retro,yellow,mesh,"New York, NY",continental
U04714,24,female,162.0,50.1,19.1,8.5,S,high,training,intermediate,5,indoor,30,73,Nike|Adidas,performance,black,mesh,"Los Angeles, CA",hot
U04715,27,female,176.4,61.3,19.7,10.5,S,high,running,advanced,2,outdoor,60,134,Adidas,athleisure,grey,leather,"Detroit, MI",continental
U04716,18,female,162.1,58.1,22.1,8.0,M,high,yoga,intermediate,3,indoor,34,104,Nike,casual,white,nylon,"San Francisco, CA",temperate
U04717,22,female,165.3,66.4,24.3,8.0,M,normal,basketball,intermediate,5,indoor,33,78,Jordan,casual,multi,fleece,"Phoenix, AZ",hot
U04718,34,male,169.2,82.5,28.8,8.5,XL,normal,yoga,intermediate,2,indoor,21,52,Jordan|Nike,athleisure,blue,knit,"San Francisco, CA",temperate
U04719,18,female,170.3,71.9,24.8,10.0,L,normal,running,beginner,2,outdoor,15,62,Nike,performance,black,synthetic,"Houston, TX",tropical
U04720,54,male,170.3,64.4,22.2,8.5,S,normal,yoga,intermediate,4,indoor,72,290,Jordan,performance,black,synthetic,"Houston, TX",tropical
U04721,39,male,182.2,79.3,23.9,10.5,M,normal,running,advanced,3,outdoor,91,259,Nike|Adidas|Jordan,performance,purple,leather,"Phoenix, AZ",hot
U04722,50,male,182.2,76.7,23.1,11.0,M,normal,training,intermediate,4,both,44,140,Nike,casual,grey,gore-tex,"Los Angeles, CA",hot
U04723,44,male,182.2,69.0,20.8,11.5,S,normal,football,beginner,4,outdoor,16,60,Nike,performance,brown,polyester,"San Diego, CA",hot
U04724,30,male,171.1,69.4,23.7,9.0,M,normal,lifestyle,advanced,3,indoor,22,134,Nike|Jordan|Adidas,athleisure,red,synthetic,"Minneapolis, MN",cold
U04725,42,female,163.9,55.1,20.5,9.5,S,high,lifestyle,beginner,3,both,10,51,Nike|Jordan|Adidas,retro,blue,mesh,"San Francisco, CA",temperate
U04726,27,female,171.9,59.4,20.1,9.5,S,high,training,beginner,5,both,13,72,Adidas|Jordan,performance,orange,mesh,"San Diego, CA",hot
U04727,22,male,185.7,79.0,22.9,11.5,M,normal,football,intermediate,3,both,14,53,Jordan,performance,green,cotton,"Atlanta, GA",temperate
U04728,23,female,161.0,78.8,30.4,8.5,XL,normal,lifestyle,intermediate,3,outdoor,15,94,Nike,casual,navy,polyester,"Detroit, MI",continental
U04729,36,female,163.9,80.3,29.9,9.5,XL,high,lifestyle,beginner,2,both,10,49,Adidas|Jordan,casual,black,cotton,"Dallas, TX",hot
U04730,36,male,170.4,76.1,26.2,9.0,L,normal,outdoor,beginner,3,outdoor,15,35,Nike|Adidas,performance,orange,fleece,"Chicago, IL",continental
U04731,34,female,164.6,53.6,19.8,9.5,S,normal,lifestyle,intermediate,3,both,23,79,Nike|Adidas,athleisure,yellow,polyester,"Boston, MA",continental
U04732,58,male,168.4,88.2,31.1,8.5,XL,high,football,beginner,2,outdoor,39,90,Nike,performance,brown,fleece,"Charlotte, NC",temperate
U04733,39,male,173.5,90.3,30.0,10.0,XL,normal,running,intermediate,4,both,23,111,Adidas|Nike,performance,black,cotton,"Detroit, MI",continental
U04734,29,male,173.5,73.4,24.4,9.5,M,low,training,beginner,4,both,10,35,Jordan|Adidas,performance,multi,fleece,"Phoenix, AZ",hot
U04735,34,male,175.2,70.3,22.9,10.0,M,normal,yoga,advanced,4,indoor,44,124,Adidas|Nike|Jordan,athleisure,grey,leather,"Detroit, MI",continental
U04736,35,male,181.2,92.6,28.2,10.5,L,normal,training,advanced,5,indoor,108,241,Nike,performance,black,mesh,"Denver, CO",cold
U04737,18,female,168.7,66.0,23.2,9.5,M,normal,running,intermediate,5,both,27,76,Nike,athleisure,pink,fleece,"Houston, TX",tropical
U04738,28,female,164.6,77.8,28.7,8.5,XL,low,skateboarding,intermediate,3,outdoor,55,131,Nike,retro,green,leather,"Detroit, MI",continental
U04739,45,female,153.7,58.6,24.8,7.0,L,low,training,beginner,3,indoor,10,55,Nike|Adidas,athleisure,black,knit,"Boston, MA",continental
U04740,52,female,150.6,53.5,23.6,6.0,M,high,running,intermediate,2,outdoor,27,113,Nike|Jordan|Adidas,performance,white,cotton,"Portland, OR",temperate
U04741,41,female,164.6,78.6,29.0,9.0,XL,normal,training,intermediate,2,indoor,44,107,Adidas,performance,blue,cotton,"Houston, TX",tropical
U04742,60,male,180.7,64.7,19.8,11.0,S,high,training,beginner,3,indoor,13,41,Adidas|Jordan,athleisure,yellow,mesh,"Houston, TX",tropical
U04743,56,female,151.8,67.7,29.4,7.0,XL,normal,football,intermediate,3,outdoor,22,109,Adidas|Nike,performance,black,cotton,"San Diego, CA",hot
U04744,39,male,175.8,85.3,27.6,9.5,L,normal,running,beginner,2,both,25,124,Jordan,performance,green,knit,"Houston, TX",tropical
U04745,39,male,186.6,80.8,23.2,11.0,M,low,running,beginner,3,outdoor,29,76,Adidas|Jordan,performance,beige,mesh,"Miami, FL",tropical
U04746,19,female,159.2,55.3,21.8,8.0,M,high,running,beginner,3,both,11,56,Jordan|Nike,performance,multi,gore-tex,"San Diego, CA",hot
U04747,38,male,169.2,74.7,26.1,9.5,L,high,lifestyle,beginner,2,both,14,46,Nike|Adidas|Jordan,athleisure,white,leather,"San Francisco, CA",temperate
U04748,24,male,177.0,64.2,20.5,9.5,S,normal,training,intermediate,5,both,26,128,Jordan|Adidas,athleisure,red,synthetic,"Miami, FL",tropical
U04749,18,male,173.5,78.3,26.0,10.0,L,normal,running,intermediate,3,outdoor,15,69,Nike|Jordan,performance,blue,mesh,"Las Vegas, NV",hot
U04750,58,female,170.3,76.0,26.2,10.0,L,high,swimming,beginner,3,both,18,67,Jordan,performance,red,gore-tex,"Los Angeles, CA",hot
U04751,44,male,164.8,84.2,31.0,7.5,XL,normal,running,advanced,3,outdoor,42,227,Jordan,performance,navy,mesh,"Philadelphia, PA",temperate
U04752,46,male,185.2,100.2,29.2,11.0,XL,normal,training,intermediate,4,indoor,55,159,Nike,casual,brown,mesh,"Houston, TX",tropical
U04753,35,female,175.4,62.5,20.3,11.0,S,normal,yoga,beginner,5,outdoor,20,99,Nike,casual,green,synthetic,"New York, NY",continental
U04754,46,male,181.7,87.5,26.5,11.0,L,high,running,beginner,5,outdoor,37,98,Jordan|Nike,performance,navy,mesh,"Miami, FL",tropical
U04755,20,male,186.4,87.2,25.1,12.0,M,normal,running,beginner,5,outdoor,11,35,Nike|Adidas,performance,multi,knit,"San Diego, CA",hot
U04756,19,male,179.6,86.8,26.9,10.5,L,normal,football,beginner,3,outdoor,10,37,Nike|Adidas,performance,beige,leather,"San Diego, CA",hot
U04757,28,female,175.4,68.9,22.4,10.5,M,normal,training,beginner,3,indoor,12,37,Nike|Adidas,casual,black,synthetic,"Charlotte, NC",temperate
U04758,29,female,162.1,69.4,26.4,8.5,L,low,training,advanced,2,both,25,90,Nike,performance,red,nylon,"Chicago, IL",continental
U04759,18,female,163.3,56.0,21.0,8.5,S,high,yoga,beginner,5,indoor,18,101,Nike,performance,beige,synthetic,"Portland, OR",temperate
U04760,18,male,180.2,82.8,25.5,10.5,L,high,running,intermediate,3,both,14,57,Nike,performance,yellow,polyester,"Dallas, TX",hot
U04761,46,female,165.8,67.1,24.4,9.0,M,normal,running,intermediate,3,outdoor,20,65,Nike|Adidas,performance,brown,gore-tex,"Atlanta, GA",temperate
U04762,51,male,196.9,103.1,26.6,14.0,XL,normal,running,intermediate,2,both,19,103,Nike,performance,red,fleece,"Miami, FL",tropical
U04763,27,female,165.3,67.2,24.6,9.0,L,normal,running,intermediate,4,outdoor,28,77,Nike,casual,black,fleece,"Las Vegas, NV",hot
U04764,47,female,171.9,57.0,19.3,10.0,S,normal,yoga,advanced,3,both,110,427,Adidas,performance,black,polyester,"Los Angeles, CA",hot
U04765,46,female,161.0,81.4,31.4,9.0,XL,high,yoga,intermediate,2,both,20,94,Adidas,athleisure,white,mesh,"Atlanta, GA",temperate
U04766,50,male,170.4,64.5,22.2,8.5,S,normal,training,intermediate,4,indoor,19,127,Adidas,performance,red,mesh,"Dallas, TX",hot
U04767,30,male,180.7,104.2,31.9,10.5,XL,normal,yoga,beginner,2,indoor,10,47,Nike|Jordan,athleisure,beige,knit,"San Diego, CA",hot
U04768,18,female,173.3,67.3,22.4,10.5,M,low,outdoor,intermediate,4,outdoor,10,43,Jordan|Nike,casual,grey,polyester,"San Francisco, CA",temperate
U04769,21,female,158.8,65.6,26.0,7.5,L,low,yoga,beginner,2,indoor,10,39,Adidas,athleisure,red,synthetic,"Denver, CO",cold
U04770,19,female,154.5,67.6,28.3,7.0,XL,normal,training,advanced,3,indoor,20,100,Adidas,athleisure,blue,synthetic,"New York, NY",continental
U04771,44,female,163.9,72.0,26.8,8.5,L,normal,yoga,advanced,2,indoor,38,122,Jordan|Nike,athleisure,white,fleece,"Dallas, TX",hot
U04772,34,female,168.4,70.0,24.7,9.0,L,normal,football,beginner,2,indoor,10,35,Nike,casual,white,mesh,"Houston, TX",tropical
U04773,41,female,161.0,85.3,32.9,8.0,XXL,high,training,beginner,2,both,30,69,Jordan,performance,grey,fleece,"Boston, MA",continental
U04774,18,male,185.7,81.4,23.6,11.5,M,normal,football,intermediate,2,outdoor,24,75,Nike|Adidas,casual,green,cotton,"San Francisco, CA",temperate
U04775,59,female,154.5,67.6,28.3,7.5,XL,normal,training,advanced,3,outdoor,28,71,Nike,retro,red,cotton,"Denver, CO",cold
U04776,43,male,176.4,96.8,31.1,10.5,XL,low,basketball,beginner,3,both,19,68,Nike|Adidas,performance,blue,leather,"Charlotte, NC",temperate
U04777,27,male,173.1,77.9,26.0,9.5,L,normal,outdoor,advanced,2,outdoor,48,227,Nike|Adidas,performance,multi,mesh,"Miami, FL",tropical
U04778,28,female,165.8,87.7,31.9,9.0,XXL,high,training,beginner,5,outdoor,30,107,Adidas|Nike|Jordan,athleisure,white,cotton,"New York, NY",continental
U04779,23,female,160.5,68.3,26.5,8.5,L,normal,training,beginner,5,indoor,10,35,Nike,casual,green,fleece,"Portland, OR",temperate
U04780,31,female,162.8,90.1,34.0,8.5,XXL,normal,training,advanced,3,indoor,41,121,Nike|Jordan,performance,black,polyester,"Orlando, FL",tropical
U04781,41,male,177.4,88.7,28.2,9.5,L,normal,training,advanced,3,indoor,39,93,Nike|Adidas,performance,blue,polyester,"Las Vegas, NV",hot
U04782,39,male,175.8,74.2,24.0,10.0,M,normal,running,intermediate,4,outdoor,18,80,Nike|Adidas,performance,green,leather,"Philadelphia, PA",temperate
U04783,18,male,184.7,65.8,19.3,11.5,XS,normal,yoga,advanced,5,indoor,43,242,Nike,athleisure,blue,cotton,"Portland, OR",temperate
U04784,20,female,168.0,46.9,16.6,9.0,XS,low,training,intermediate,2,indoor,23,63,Nike|Adidas,casual,navy,cotton,"Boston, MA",continental
U04785,21,female,169.7,54.7,19.0,10.0,S,normal,yoga,advanced,3,indoor,17,111,Adidas|Jordan,performance,blue,mesh,"Minneapolis, MN",cold
U04786,20,male,179.0,76.3,23.8,10.0,M,normal,training,advanced,4,indoor,37,96,Nike,performance,white,cotton,"Portland, OR",temperate
U04787,24,female,166.8,63.7,22.9,9.5,M,low,training,beginner,3,indoor,39,106,Nike,casual,purple,mesh,"Orlando, FL",tropical
U04788,53,female,154.5,53.5,22.4,7.5,M,normal,training,beginner,3,indoor,14,35,Jordan|Adidas|Nike,performance,red,polyester,"Chicago, IL",continental
U04789,45,female,166.8,74.8,26.9,9.5,L,low,yoga,intermediate,4,indoor,15,83,Nike|Adidas,athleisure,green,nylon,"Los Angeles, CA",hot
U04790,27,male,180.2,79.2,24.4,10.5,M,normal,training,intermediate,4,indoor,15,73,Jordan|Nike,performance,multi,nylon,"Las Vegas, NV",hot
U04791,37,male,188.3,75.9,21.4,12.0,S,high,football,advanced,4,outdoor,25,80,Nike|Adidas,performance,pink,leather,"Houston, TX",tropical
U04792,51,male,197.1,96.0,24.7,14.0,L,high,training,beginner,3,indoor,26,103,Nike,performance,black,cotton,"Phoenix, AZ",hot
U04793,22,female,163.9,64.7,24.1,8.5,M,low,running,intermediate,3,outdoor,16,40,Adidas,performance,red,polyester,"Philadelphia, PA",temperate
U04794,52,male,174.6,80.5,26.4,10.5,L,normal,running,beginner,3,outdoor,16,54,Nike|Jordan,performance,blue,cotton,"Miami, FL",tropical
U04795,40,male,164.8,91.0,33.5,8.0,XXL,normal,basketball,beginner,4,indoor,18,63,Jordan|Adidas,performance,white,mesh,"Atlanta, GA",temperate
U04796,20,male,176.4,78.7,25.3,9.5,M,low,yoga,intermediate,3,indoor,13,63,Adidas|Jordan,athleisure,navy,cotton,"Orlando, FL",tropical
U04797,21,female,156.4,66.8,27.3,7.5,L,normal,lifestyle,beginner,5,outdoor,11,35,Nike,casual,red,synthetic,"Chicago, IL",continental
U04798,23,female,150.7,66.1,29.1,6.5,XL,low,lifestyle,intermediate,3,both,20,80,Adidas|Jordan,casual,navy,fleece,"Detroit, MI",continental
U04799,33,female,163.9,65.3,24.3,8.0,M,normal,basketball,beginner,4,indoor,13,47,Nike|Jordan,performance,black,fleece,"Boston, MA",continental
U04800,35,female,168.4,62.7,22.1,9.0,M,normal,football,advanced,4,outdoor,54,232,Adidas,performance,red,cotton,"Houston, TX",tropical
U04801,35,male,179.1,90.1,28.1,10.5,L,normal,football,beginner,3,outdoor,27,81,Nike|Jordan,casual,black,mesh,"Minneapolis, MN",cold
U04802,37,male,172.3,84.6,28.5,9.5,XL,normal,running,intermediate,3,outdoor,96,238,Nike,performance,black,cotton,"Atlanta, GA",temperate
U04803,22,male,187.6,92.9,26.4,13.0,L,low,training,advanced,3,indoor,22,142,Jordan,casual,orange,nylon,"Phoenix, AZ",hot
U04804,39,male,197.2,84.8,21.8,14.0,M,normal,tennis,intermediate,5,outdoor,29,134,Adidas|Jordan,performance,blue,mesh,"Denver, CO",cold
U04805,24,female,165.8,66.5,24.2,8.0,M,normal,training,advanced,3,both,41,116,Jordan,performance,navy,fleece,"San Francisco, CA",temperate
U04806,18,male,169.2,64.1,22.4,8.0,S,high,training,beginner,4,indoor,39,109,Jordan|Nike,performance,white,mesh,"Seattle, WA",temperate
U04807,50,female,173.4,48.1,16.0,10.5,XS,normal,basketball,intermediate,4,indoor,25,105,Adidas|Nike,athleisure,navy,gore-tex,"Boston, MA",continental
U04808,18,female,162.8,58.3,22.0,8.5,M,normal,football,advanced,3,indoor,31,130,Nike,performance,black,gore-tex,"Chicago, IL",continental
U04809,44,female,166.8,63.7,22.9,9.5,M,normal,tennis,intermediate,3,both,49,132,Adidas|Nike,retro,black,rubber,"Los Angeles, CA",hot
U04810,36,female,175.4,62.5,20.3,11.0,S,normal,lifestyle,beginner,5,both,16,50,Jordan,casual,brown,leather,"Charlotte, NC",temperate
U04811,30,male,162.9,84.4,31.8,8.0,XL,high,training,intermediate,5,indoor,23,85,Nike,performance,white,fleece,"Chicago, IL",continental
U04812,27,female,168.4,71.7,25.3,9.5,L,high,training,beginner,3,indoor,14,82,Jordan,performance,orange,leather,"Charlotte, NC",temperate
U04813,48,female,165.3,62.0,22.7,9.0,M,low,yoga,beginner,3,indoor,30,88,Nike|Jordan,athleisure,blue,mesh,"Chicago, IL",continental
U04814,28,male,181.2,101.5,30.9,11.0,XL,normal,yoga,beginner,4,both,20,84,Nike,athleisure,black,synthetic,"Dallas, TX",hot
U04815,34,female,155.0,77.8,32.4,8.0,XXL,normal,training,beginner,5,outdoor,20,63,Nike,athleisure,black,fleece,"Atlanta, GA",temperate
U04816,52,female,152.9,66.9,28.6,7.0,XL,normal,training,beginner,3,indoor,27,73,Nike|Adidas|Jordan,athleisure,black,mesh,"New York, NY",continental
U04817,46,male,181.7,87.5,26.5,10.5,L,normal,tennis,beginner,5,outdoor,28,97,Adidas|Nike|Jordan,performance,blue,synthetic,"Detroit, MI",continental
U04818,32,male,182.2,64.4,19.4,11.0,XS,normal,basketball,advanced,2,both,24,104,Adidas|Nike|Jordan,performance,white,cotton,"Los Angeles, CA",hot
U04819,37,female,161.0,72.6,28.0,9.0,XL,normal,yoga,intermediate,4,indoor,22,105,Nike,casual,multi,fleece,"Los Angeles, CA",hot
U04820,19,female,164.6,55.3,20.4,8.5,S,normal,football,beginner,3,indoor,13,35,Nike|Jordan,performance,black,knit,"Orlando, FL",tropical
U04821,48,male,171.9,96.0,32.5,10.0,XXL,normal,outdoor,intermediate,4,outdoor,60,143,Nike|Adidas,casual,grey,mesh,"Denver, CO",cold
U04822,32,female,162.1,61.5,23.4,7.5,M,normal,basketball,advanced,2,both,53,119,Nike,retro,black,knit,"Boston, MA",continental
U04823,22,female,172.9,47.8,16.0,9.5,XS,normal,training,advanced,2,indoor,38,98,Jordan,athleisure,red,cotton,"Las Vegas, NV",hot
U04824,56,female,151.8,56.9,24.7,6.5,L,normal,football,intermediate,3,outdoor,27,82,Adidas,retro,black,cotton,"Portland, OR",temperate
U04825,19,male,175.8,90.6,29.3,10.0,XL,normal,football,intermediate,2,outdoor,46,112,Jordan|Adidas,performance,pink,leather,"Minneapolis, MN",cold
U04826,30,female,172.5,55.6,18.7,10.0,S,normal,training,advanced,2,indoor,120,450,Nike|Adidas,performance,pink,synthetic,"Boston, MA",continental
U04827,31,male,188.4,76.0,21.4,12.0,S,normal,running,advanced,4,outdoor,36,86,Nike,performance,multi,leather,"Denver, CO",cold
U04828,19,male,174.6,97.2,31.9,10.0,XL,normal,training,intermediate,5,indoor,17,60,Nike,performance,white,mesh,"Orlando, FL",tropical
U04829,31,female,164.6,53.6,19.8,8.5,S,normal,skateboarding,intermediate,3,outdoor,38,116,Nike|Adidas,casual,red,mesh,"New York, NY",continental
U04830,49,male,178.2,77.5,24.4,10.5,M,normal,running,advanced,2,both,25,122,Nike|Adidas,casual,white,synthetic,"Phoenix, AZ",hot
U04831,48,male,177.0,64.2,20.5,9.5,S,low,running,advanced,5,outdoor,70,234,Adidas|Nike|Jordan,performance,white,gore-tex,"Detroit, MI",continental
U04832,18,female,167.6,72.8,25.9,9.0,L,normal,training,advanced,4,indoor,32,126,Nike,performance,purple,synthetic,"Phoenix, AZ",hot
U04833,43,female,166.8,63.7,22.9,9.0,M,low,running,intermediate,3,outdoor,40,152,Adidas|Nike|Jordan,performance,brown,cotton,"Orlando, FL",tropical
U04834,20,male,166.4,67.8,24.5,7.5,M,normal,outdoor,beginner,5,outdoor,16,48,Adidas,retro,white,fleece,"Denver, CO",cold
U04835,18,male,181.7,74.9,22.7,11.0,M,normal,training,beginner,3,indoor,28,67,Adidas,performance,navy,cotton,"Portland, OR",temperate
U04836,46,female,163.3,66.4,24.9,9.0,L,normal,football,beginner,4,outdoor,17,43,Adidas|Nike|Jordan,performance,green,mesh,"Portland, OR",temperate
U04837,24,male,198.4,84.6,21.5,14.0,M,high,lifestyle,intermediate,4,both,49,194,Jordan,casual,white,leather,"Dallas, TX",hot
U04838,27,male,183.1,85.5,25.5,11.0,L,high,training,advanced,4,indoor,30,81,Adidas|Nike,performance,black,mesh,"Houston, TX",tropical
U04839,43,female,164.6,67.7,25.0,8.5,L,high,swimming,intermediate,2,outdoor,25,78,Nike,performance,orange,nylon,"Seattle, WA",temperate
U04840,30,female,161.5,72.8,27.9,8.5,XL,high,running,advanced,4,outdoor,23,91,Nike|Jordan,performance,blue,rubber,"Boston, MA",continental
U04841,37,male,173.5,90.3,30.0,10.0,XL,low,training,intermediate,4,indoor,62,147,Jordan,performance,white,knit,"Los Angeles, CA",hot
U04842,31,female,150.7,66.3,29.2,6.0,XL,normal,training,intermediate,3,outdoor,26,132,Nike,athleisure,black,cotton,"Las Vegas, NV",hot
U04843,22,male,185.7,79.0,22.9,11.5,M,normal,training,intermediate,3,indoor,20,52,Nike,performance,purple,mesh,"San Francisco, CA",temperate
U04844,20,female,165.8,71.2,25.9,9.0,L,low,running,intermediate,3,outdoor,28,131,Nike|Jordan|Adidas,performance,blue,knit,"San Francisco, CA",temperate
U04845,36,female,158.8,74.4,29.5,7.5,XL,normal,running,beginner,5,both,20,48,Nike|Adidas|Jordan,athleisure,navy,mesh,"Las Vegas, NV",hot
U04846,24,female,167.1,61.2,21.9,9.5,M,high,football,beginner,3,outdoor,23,63,Nike|Adidas,performance,black,mesh,"Portland, OR",temperate
U04847,24,female,186.2,58.2,16.8,12.0,S,normal,running,intermediate,2,outdoor,32,112,Jordan|Nike|Adidas,performance,black,cotton,"Dallas, TX",hot
U04848,32,female,168.4,67.2,23.7,9.0,M,high,training,intermediate,2,both,16,95,Nike|Adidas,athleisure,grey,synthetic,"Phoenix, AZ",hot
U04849,43,male,179.1,105.9,33.0,11.0,XXL,normal,tennis,beginner,5,both,19,95,Nike,performance,white,polyester,"Philadelphia, PA",temperate
U04850,28,male,186.6,82.2,23.6,11.5,M,normal,training,intermediate,4,indoor,20,99,Adidas,performance,black,gore-tex,"New York, NY",continental
U04851,31,female,161.5,57.9,22.2,8.5,M,normal,basketball,beginner,2,outdoor,28,75,Nike|Adidas,performance,black,nylon,"Charlotte, NC",temperate
U04852,58,female,158.0,59.4,23.8,8.0,M,high,lifestyle,beginner,3,both,16,48,Adidas|Nike,casual,red,mesh,"Los Angeles, CA",hot
U04853,30,male,174.1,64.6,21.3,9.5,S,normal,tennis,beginner,3,indoor,10,35,Jordan,casual,white,synthetic,"Houston, TX",tropical
U04854,29,female,170.3,77.4,26.7,10.0,L,normal,running,beginner,3,outdoor,16,62,Adidas,performance,multi,gore-tex,"San Diego, CA",hot
U04855,37,female,159.9,65.5,25.6,8.0,L,low,training,advanced,3,indoor,28,114,Nike|Adidas|Jordan,performance,brown,gore-tex,"Detroit, MI",continental
U04856,25,female,165.8,66.5,24.2,8.5,M,high,basketball,advanced,3,indoor,102,296,Nike,performance,grey,polyester,"Philadelphia, PA",temperate
U04857,54,female,161.5,61.3,23.5,8.0,M,high,basketball,beginner,4,indoor,10,37,Nike,casual,orange,knit,"Miami, FL",tropical
U04858,52,female,165.3,71.9,26.3,9.0,L,normal,training,beginner,5,indoor,41,109,Nike|Jordan,performance,black,synthetic,"Philadelphia, PA",temperate
U04859,33,male,175.8,85.3,27.6,10.5,L,high,lifestyle,beginner,2,outdoor,22,60,Jordan|Adidas,retro,blue,leather,"Portland, OR",temperate
U04860,30,female,165.8,55.0,20.0,9.0,S,normal,lifestyle,beginner,4,indoor,17,77,Nike,retro,grey,knit,"Seattle, WA",temperate
U04861,33,male,182.2,71.0,21.4,11.0,S,high,running,intermediate,4,outdoor,15,59,Jordan|Nike,performance,purple,knit,"Chicago, IL",continental
U04862,18,male,180.2,87.7,27.0,11.5,L,normal,swimming,intermediate,3,indoor,24,76,Nike,performance,grey,polyester,"Atlanta, GA",temperate
U04863,45,male,173.6,65.4,21.7,9.0,S,normal,training,intermediate,5,indoor,33,79,Adidas,performance,black,polyester,"Los Angeles, CA",hot
U04864,50,female,166.8,64.8,23.3,9.0,M,high,training,advanced,3,indoor,73,399,Nike|Jordan,performance,pink,cotton,"Phoenix, AZ",hot
U04865,22,female,168.7,76.3,26.8,9.5,L,high,outdoor,intermediate,2,both,16,64,Nike|Adidas|Jordan,performance,red,gore-tex,"Seattle, WA",temperate
U04866,53,female,162.8,79.0,29.8,8.0,XL,normal,yoga,intermediate,3,indoor,56,170,Nike|Adidas,casual,white,polyester,"San Diego, CA",hot
U04867,30,female,158.1,49.7,19.9,7.0,S,high,outdoor,advanced,5,outdoor,67,269,Nike,casual,green,synthetic,"Orlando, FL",tropical
U04868,43,female,155.0,59.3,24.7,7.5,L,normal,training,beginner,4,both,25,105,Adidas,performance,red,fleece,"Charlotte, NC",temperate
U04869,35,female,160.5,69.8,27.1,8.0,L,low,skateboarding,advanced,2,outdoor,36,129,Jordan|Adidas,casual,black,knit,"Detroit, MI",continental
U04870,56,male,171.1,66.7,22.8,8.5,M,normal,training,advanced,4,indoor,60,289,Jordan,performance,black,synthetic,"Los Angeles, CA",hot
U04871,21,female,170.7,58.0,19.9,9.5,S,normal,yoga,intermediate,4,indoor,66,200,Nike,athleisure,red,mesh,"Seattle, WA",temperate
U04872,33,female,187.6,70.0,19.9,12.0,M,normal,training,intermediate,4,indoor,51,123,Adidas,performance,navy,nylon,"New York, NY",continental
U04873,47,male,184.1,68.5,20.2,11.5,S,normal,training,intermediate,4,both,36,86,Jordan,performance,black,knit,"Las Vegas, NV",hot
U04874,21,male,181.7,95.4,28.9,11.0,XL,low,training,intermediate,4,indoor,17,60,Nike|Adidas,performance,white,mesh,"Miami, FL",tropical
U04875,18,female,170.7,58.0,19.9,9.5,S,normal,training,intermediate,4,indoor,25,105,Adidas,performance,black,polyester,"San Francisco, CA",temperate
U04876,46,female,161.0,63.0,24.3,8.5,M,normal,football,beginner,5,both,18,67,Adidas,performance,multi,gore-tex,"Charlotte, NC",temperate
U04877,62,male,164.9,82.9,30.5,8.5,XL,low,football,advanced,4,outdoor,32,146,Adidas,performance,blue,fleece,"Houston, TX",tropical
U04878,32,male,171.9,88.4,29.9,8.5,XL,normal,lifestyle,beginner,4,both,12,37,Nike|Jordan,retro,blue,leather,"Charlotte, NC",temperate
U04879,52,female,166.8,64.3,23.1,9.0,M,normal,training,intermediate,2,both,20,106,Adidas,performance,black,rubber,"New York, NY",continental
U04880,21,female,168.0,47.1,16.7,9.0,XS,normal,training,intermediate,2,indoor,34,139,Nike,performance,blue,knit,"Minneapolis, MN",cold
U04881,27,male,169.7,88.4,30.7,9.0,XL,normal,training,intermediate,4,indoor,30,148,Nike,performance,multi,knit,"Detroit, MI",continental
U04882,51,male,175.2,87.5,28.5,10.5,XL,normal,training,intermediate,3,both,19,88,Adidas,performance,purple,knit,"Los Angeles, CA",hot
U04883,18,female,159.2,68.7,27.1,8.0,L,high,outdoor,advanced,3,outdoor,45,129,Nike|Adidas,performance,blue,mesh,"Atlanta, GA",temperate
U04884,23,female,161.5,62.6,24.0,8.0,M,high,lifestyle,beginner,4,both,16,35,Jordan,casual,brown,cotton,"Portland, OR",temperate
U04885,39,female,167.1,54.7,19.6,9.0,S,normal,training,advanced,3,indoor,44,125,Nike|Adidas,athleisure,grey,polyester,"Minneapolis, MN",cold
U04886,52,male,187.6,61.9,17.6,12.0,XS,low,running,beginner,3,outdoor,13,56,Jordan|Nike,performance,red,cotton,"Portland, OR",temperate
U04887,36,male,174.6,85.4,28.0,9.5,L,normal,yoga,advanced,3,both,59,215,Nike|Adidas,athleisure,grey,cotton,"San Francisco, CA",temperate
U04888,53,male,172.0,96.1,32.5,9.5,XXL,normal,running,intermediate,4,outdoor,26,78,Nike|Adidas,athleisure,pink,cotton,"Denver, CO",cold
U04889,29,male,176.4,85.9,27.6,10.5,L,normal,yoga,intermediate,3,both,28,68,Adidas,athleisure,pink,nylon,"Dallas, TX",hot
U04890,48,male,176.4,87.7,28.2,9.5,L,normal,yoga,advanced,3,indoor,83,227,Nike,athleisure,black,leather,"New York, NY",continental
U04891,58,male,198.9,104.0,26.3,14.0,XL,normal,training,advanced,3,both,22,113,Nike,performance,brown,synthetic,"Denver, CO",cold
U04892,26,male,190.7,85.1,23.4,12.0,L,normal,lifestyle,intermediate,4,both,25,74,Adidas,casual,white,nylon,"Minneapolis, MN",cold
U04893,47,female,162.1,56.2,21.4,8.0,S,high,training,advanced,3,indoor,49,232,Adidas,performance,green,knit,"Boston, MA",continental
U04894,39,male,180.2,64.9,20.0,10.0,S,normal,lifestyle,beginner,5,indoor,21,79,Adidas|Nike,casual,multi,mesh,"Boston, MA",continental
U04895,49,male,188.4,74.5,21.0,11.5,S,normal,running,beginner,2,outdoor,26,60,Nike,athleisure,white,leather,"Orlando, FL",tropical
U04896,29,female,155.0,49.5,20.6,7.5,S,high,training,intermediate,2,indoor,38,91,Adidas|Jordan|Nike,performance,multi,polyester,"San Francisco, CA",temperate
U04897,37,female,165.3,66.9,24.5,9.0,L,normal,training,intermediate,2,indoor,28,123,Nike,performance,green,mesh,"Charlotte, NC",temperate
U04898,26,male,172.3,89.4,30.1,10.0,XL,low,yoga,beginner,5,indoor,30,82,Adidas,athleisure,green,knit,"Chicago, IL",continental
U04899,27,male,170.4,67.4,23.2,8.0,M,normal,training,intermediate,2,both,29,115,Jordan|Adidas,casual,black,synthetic,"Atlanta, GA",temperate
U04900,19,female,165.8,60.2,21.9,8.5,M,normal,skateboarding,advanced,2,both,22,142,Nike|Adidas,casual,blue,leather,"Los Angeles, CA",hot
U04901,46,female,167.6,68.8,24.5,9.5,L,normal,training,beginner,4,indoor,20,50,Adidas|Nike,performance,blue,gore-tex,"Philadelphia, PA",temperate
U04902,53,male,177.0,67.0,21.4,10.0,S,normal,yoga,intermediate,5,indoor,33,83,Nike|Jordan,athleisure,brown,cotton,"Minneapolis, MN",cold
U04903,57,male,179.6,75.5,23.4,10.0,M,low,training,intermediate,4,indoor,19,80,Nike,performance,blue,nylon,"San Francisco, CA",temperate
U04904,46,female,170.7,58.6,20.1,9.5,S,normal,swimming,intermediate,3,both,27,70,Nike|Adidas|Jordan,performance,grey,synthetic,"Las Vegas, NV",hot
U04905,57,female,174.9,71.3,23.3,10.0,M,normal,yoga,intermediate,4,indoor,10,55,Adidas|Nike,athleisure,grey,cotton,"Miami, FL",tropical
U04906,18,female,157.5,59.5,24.0,8.0,M,normal,football,advanced,2,both,41,130,Jordan,casual,multi,cotton,"Atlanta, GA",temperate
U04907,55,female,164.6,67.2,24.8,8.5,L,normal,running,advanced,2,both,111,250,Nike|Adidas,athleisure,red,mesh,"Orlando, FL",tropical
U04908,49,female,167.6,61.2,21.8,9.0,M,normal,outdoor,intermediate,4,outdoor,17,44,Adidas,performance,blue,mesh,"San Diego, CA",hot
U04909,28,male,180.2,77.6,23.9,10.5,M,normal,yoga,advanced,2,indoor,45,140,Nike,athleisure,green,knit,"New York, NY",continental
U04910,40,female,166.3,77.7,28.1,9.5,XL,normal,training,advanced,2,indoor,48,185,Nike|Adidas,athleisure,white,mesh,"Philadelphia, PA",temperate
U04911,34,female,164.6,68.0,25.1,8.5,L,normal,yoga,intermediate,4,outdoor,61,165,Nike|Adidas,athleisure,purple,polyester,"Charlotte, NC",temperate
U04912,18,male,174.7,97.7,32.0,10.5,XL,normal,lifestyle,intermediate,5,both,81,183,Adidas|Nike|Jordan,casual,red,fleece,"Chicago, IL",continental
U04913,27,female,168.7,58.9,20.7,9.0,S,normal,running,beginner,3,outdoor,12,58,Adidas,performance,white,leather,"Boston, MA",continental
U04914,26,male,179.6,95.5,29.6,11.0,XL,normal,running,beginner,3,outdoor,25,149,Adidas|Nike,performance,black,mesh,"Miami, FL",tropical
U04915,20,male,177.0,91.2,29.1,9.5,XL,low,yoga,advanced,4,indoor,43,164,Nike|Jordan,performance,blue,mesh,"San Diego, CA",hot
U04916,53,female,151.5,61.5,26.8,7.0,L,normal,yoga,advanced,5,indoor,71,232,Nike,casual,green,synthetic,"Portland, OR",temperate
U04917,22,female,150.8,75.0,33.0,7.5,XXL,normal,yoga,beginner,2,indoor,10,35,Adidas|Nike,athleisure,white,synthetic,"Portland, OR",temperate
U04918,53,female,150.8,57.3,25.2,6.5,L,normal,training,beginner,3,indoor,26,79,Nike|Adidas|Jordan,performance,multi,gore-tex,"Las Vegas, NV",hot
U04919,22,female,169.7,54.7,19.0,9.5,S,high,yoga,advanced,3,both,48,197,Nike|Adidas,athleisure,blue,nylon,"Charlotte, NC",temperate
U04920,47,female,163.3,66.4,24.9,8.0,L,normal,training,beginner,4,indoor,22,49,Nike|Jordan,performance,purple,gore-tex,"Las Vegas, NV",hot
U04921,50,male,172.3,76.0,25.6,9.0,L,low,training,beginner,2,both,10,35,Nike|Adidas,athleisure,black,cotton,"San Diego, CA",hot
U04922,35,female,169.1,68.9,24.1,10.0,M,high,training,intermediate,4,outdoor,44,112,Jordan|Nike,performance,navy,fleece,"Minneapolis, MN",cold
U04923,37,female,168.4,62.7,22.1,9.5,M,normal,basketball,advanced,4,both,66,151,Adidas,performance,multi,fleece,"Denver, CO",cold
U04924,58,male,173.1,82.1,27.4,10.0,L,normal,running,beginner,4,outdoor,28,94,Adidas,performance,grey,leather,"Detroit, MI",continental
U04925,51,male,162.9,70.6,26.6,7.5,L,normal,training,intermediate,4,indoor,18,84,Adidas|Nike,performance,green,cotton,"Dallas, TX",hot
U04926,19,female,168.0,47.1,16.7,9.0,XS,normal,football,beginner,4,both,17,40,Adidas,performance,pink,synthetic,"Dallas, TX",hot
U04927,23,male,182.2,91.6,27.6,11.5,L,normal,running,beginner,4,outdoor,10,35,Nike|Jordan,athleisure,grey,cotton,"New York, NY",continental
U04928,36,male,175.9,74.3,24.0,10.0,M,high,training,intermediate,4,indoor,25,81,Adidas,performance,yellow,synthetic,"New York, NY",continental
U04929,18,male,180.2,67.5,20.8,10.5,S,normal,outdoor,beginner,5,outdoor,27,163,Nike,performance,blue,knit,"Atlanta, GA",temperate
U04930,19,male,187.6,92.9,26.4,11.5,L,normal,running,advanced,3,indoor,18,69,Adidas|Jordan,performance,grey,polyester,"San Francisco, CA",temperate
U04931,18,male,176.4,96.8,31.1,10.5,XL,normal,football,intermediate,2,outdoor,16,49,Adidas,performance,red,mesh,"Atlanta, GA",temperate
U04932,19,female,168.0,59.8,21.2,9.5,S,high,training,beginner,2,indoor,19,52,Nike,athleisure,black,knit,"Philadelphia, PA",temperate
U04933,50,female,157.1,58.0,23.5,7.5,M,low,running,beginner,4,both,65,149,Nike,performance,brown,fleece,"Seattle, WA",temperate
U04934,33,male,175.3,70.4,22.9,10.0,M,normal,yoga,advanced,4,both,73,225,Nike|Adidas,athleisure,black,nylon,"Los Angeles, CA",hot
U04935,26,male,169.8,88.5,30.7,9.0,XL,low,swimming,intermediate,4,indoor,47,202,Adidas,performance,brown,gore-tex,"Chicago, IL",continental
U04936,33,male,177.5,82.2,26.1,10.5,L,normal,running,advanced,2,outdoor,44,140,Nike|Adidas,performance,navy,gore-tex,"San Francisco, CA",temperate
U04937,50,male,174.1,88.5,29.2,10.0,XL,normal,running,intermediate,4,outdoor,10,59,Nike|Adidas|Jordan,athleisure,red,mesh,"Detroit, MI",continental
U04938,18,male,178.2,74.9,23.6,10.5,M,high,training,advanced,3,indoor,22,112,Adidas|Nike,performance,multi,cotton,"San Diego, CA",hot
U04939,56,male,181.2,64.4,19.6,11.0,S,high,training,advanced,5,indoor,33,128,Nike,performance,multi,mesh,"Portland, OR",temperate
U04940,57,female,170.7,60.9,20.9,9.5,S,normal,running,intermediate,4,indoor,13,86,Jordan,athleisure,purple,synthetic,"Seattle, WA",temperate
U04941,56,female,169.7,89.9,31.2,11.0,XL,low,training,beginner,3,both,10,49,Nike|Jordan,performance,green,polyester,"Dallas, TX",hot
U04942,45,male,164.9,66.9,24.6,7.5,M,low,running,beginner,3,outdoor,13,83,Adidas,casual,navy,rubber,"Minneapolis, MN",cold
U04943,33,male,173.6,82.0,27.2,10.0,L,normal,training,beginner,4,indoor,10,48,Adidas|Jordan,performance,white,gore-tex,"Detroit, MI",continental
U04944,35,female,165.3,60.1,22.0,9.0,M,normal,training,intermediate,4,indoor,28,71,Nike|Adidas,performance,blue,cotton,"San Francisco, CA",temperate
U04945,31,female,166.9,61.3,22.0,9.5,M,normal,training,beginner,2,outdoor,10,39,Nike|Jordan,performance,navy,synthetic,"Detroit, MI",continental
U04946,18,male,178.2,74.0,23.3,10.5,M,normal,skateboarding,advanced,4,outdoor,62,147,Adidas|Jordan,casual,white,leather,"San Francisco, CA",temperate
U04947,18,female,165.8,58.0,21.1,9.0,S,normal,training,beginner,4,indoor,23,56,Adidas|Jordan,performance,navy,cotton,"Chicago, IL",continental
U04948,41,female,162.8,53.0,20.0,8.5,S,normal,yoga,intermediate,3,indoor,68,166,Nike,athleisure,navy,mesh,"San Francisco, CA",temperate
U04949,39,female,164.7,78.9,29.1,9.0,XL,low,yoga,intermediate,2,indoor,43,201,Nike,performance,pink,leather,"San Francisco, CA",temperate
U04950,55,male,172.0,73.7,24.9,9.0,M,normal,running,beginner,2,outdoor,10,39,Jordan|Adidas,athleisure,red,mesh,"Los Angeles, CA",hot
U04951,34,female,154.5,98.8,41.4,8.0,XXL,low,running,intermediate,3,outdoor,31,106,Nike|Adidas,performance,purple,mesh,"Los Angeles, CA",hot
U04952,33,female,165.8,79.7,29.0,9.5,XL,low,basketball,intermediate,4,indoor,27,96,Adidas,performance,grey,gore-tex,"San Francisco, CA",temperate
U04953,57,male,177.0,64.2,20.5,10.0,S,normal,training,advanced,4,both,12,71,Nike,performance,navy,leather,"Seattle, WA",temperate
U04954,18,female,168.7,77.7,27.3,10.0,L,normal,yoga,beginner,3,indoor,10,43,Nike|Adidas,athleisure,navy,synthetic,"Denver, CO",cold
U04955,56,female,170.7,76.3,26.2,9.5,L,normal,training,advanced,5,outdoor,88,261,Adidas,performance,grey,polyester,"Los Angeles, CA",hot
U04956,27,male,199.1,64.6,16.3,14.0,S,high,tennis,beginner,3,both,18,50,Nike,performance,red,synthetic,"Detroit, MI",continental
U04957,18,female,161.5,62.6,24.0,8.0,M,normal,running,beginner,4,outdoor,10,38,Nike,performance,white,nylon,"Denver, CO",cold
U04958,49,female,166.9,74.7,26.8,9.5,L,low,running,beginner,2,outdoor,15,64,Nike,performance,green,nylon,"Dallas, TX",hot
U04959,45,male,176.4,77.2,24.8,9.5,M,normal,yoga,intermediate,2,both,50,154,Adidas,performance,brown,knit,"Houston, TX",tropical
U04960,57,female,162.1,67.8,25.8,8.5,L,low,yoga,beginner,4,indoor,16,47,Adidas,athleisure,white,synthetic,"Los Angeles, CA",hot
U04961,18,male,175.9,73.6,23.8,10.0,M,high,training,beginner,4,indoor,20,56,Adidas,performance,navy,knit,"Houston, TX",tropical
U04962,32,male,171.1,84.9,29.0,9.0,XL,normal,training,intermediate,5,both,16,40,Adidas|Nike,athleisure,purple,gore-tex,"Philadelphia, PA",temperate
U04963,18,female,164.7,58.6,21.6,9.5,M,normal,tennis,beginner,3,outdoor,22,68,Jordan|Nike|Adidas,performance,navy,mesh,"Orlando, FL",tropical
U04964,23,female,159.9,66.2,25.9,7.5,L,normal,training,intermediate,2,indoor,25,94,Jordan,performance,grey,fleece,"Minneapolis, MN",cold
U04965,49,male,182.2,69.0,20.8,10.5,S,normal,training,beginner,4,indoor,24,94,Nike,performance,pink,fleece,"Portland, OR",temperate
U04966,48,male,189.4,77.8,21.7,12.5,S,normal,basketball,intermediate,3,indoor,10,48,Nike,performance,grey,nylon,"San Francisco, CA",temperate
U04967,38,female,165.3,62.8,23.0,8.0,M,normal,training,beginner,5,outdoor,16,57,Nike|Jordan|Adidas,performance,blue,cotton,"Seattle, WA",temperate
U04968,31,male,176.4,85.9,27.6,10.5,L,normal,lifestyle,intermediate,3,indoor,64,157,Nike,casual,multi,synthetic,"New York, NY",continental
U04969,23,male,179.1,74.4,23.2,10.5,M,normal,lifestyle,intermediate,4,both,23,68,Nike|Jordan|Adidas,casual,grey,cotton,"Houston, TX",tropical
U04970,37,male,177.5,64.0,20.3,9.5,S,normal,training,advanced,2,outdoor,55,169,Adidas|Jordan,performance,brown,knit,"Philadelphia, PA",temperate
U04971,41,female,168.5,84.0,29.6,9.5,XL,normal,yoga,intermediate,3,indoor,19,88,Nike|Jordan,athleisure,green,mesh,"Orlando, FL",tropical
U04972,22,female,174.2,52.2,17.2,9.5,XS,normal,training,intermediate,5,indoor,24,73,Nike,performance,grey,polyester,"Philadelphia, PA",temperate
U04973,29,male,181.2,82.4,25.1,11.0,M,normal,running,advanced,5,outdoor,55,269,Nike|Jordan,performance,brown,cotton,"Phoenix, AZ",hot
U04974,22,female,162.8,67.6,25.5,8.0,L,low,basketball,intermediate,4,both,12,47,Nike,performance,black,gore-tex,"Orlando, FL",tropical
U04975,59,male,166.0,95.3,34.6,8.5,XXL,low,training,beginner,3,indoor,17,52,Adidas|Jordan,performance,multi,knit,"Las Vegas, NV",hot
U04976,18,male,184.1,92.9,27.4,11.5,L,normal,lifestyle,intermediate,5,both,16,96,Adidas|Jordan,athleisure,pink,leather,"Seattle, WA",temperate
U04977,34,female,191.6,69.0,18.8,12.0,M,high,running,intermediate,3,both,38,156,Adidas|Nike,performance,navy,synthetic,"Phoenix, AZ",hot
U04978,21,male,185.2,91.9,26.8,12.0,L,normal,running,intermediate,3,outdoor,14,82,Nike|Jordan,performance,blue,mesh,"Orlando, FL",tropical
U04979,18,female,159.2,52.5,20.7,8.0,S,normal,training,intermediate,5,both,26,129,Nike|Adidas|Jordan,performance,beige,polyester,"Phoenix, AZ",hot
U04980,20,male,169.2,73.9,25.8,9.0,L,low,running,beginner,4,outdoor,13,52,Adidas|Jordan,performance,orange,mesh,"Seattle, WA",temperate
U04981,39,male,190.7,88.4,24.3,12.5,L,low,training,beginner,5,indoor,24,68,Nike|Jordan,performance,navy,cotton,"Minneapolis, MN",cold
U04982,18,male,165.0,81.7,30.0,8.0,XL,low,training,intermediate,3,indoor,20,89,Nike,performance,orange,mesh,"Dallas, TX",hot
U04983,43,female,159.9,55.0,21.5,7.5,M,normal,running,intermediate,3,outdoor,22,138,Nike,performance,navy,synthetic,"Chicago, IL",continental
U04984,48,female,175.5,49.3,16.0,10.5,XS,normal,training,intermediate,2,indoor,36,132,Nike,performance,pink,cotton,"Los Angeles, CA",hot
U04985,23,male,199.6,64.9,16.3,14.0,S,normal,football,beginner,3,outdoor,10,35,Nike,performance,red,cotton,"Philadelphia, PA",temperate
U04986,23,male,174.7,68.4,22.4,9.5,S,normal,training,beginner,4,indoor,22,58,Adidas,performance,black,rubber,"Minneapolis, MN",cold
U04987,41,male,176.5,83.2,26.7,10.0,L,normal,yoga,beginner,3,indoor,33,82,Nike,casual,black,polyester,"Orlando, FL",tropical
U04988,20,female,159.2,52.5,20.7,8.0,S,high,yoga,intermediate,5,indoor,56,159,Adidas,casual,pink,cotton,"Atlanta, GA",temperate
U04989,27,female,161.5,72.8,27.9,8.5,XL,low,training,advanced,4,indoor,36,108,Adidas|Nike,athleisure,white,cotton,"Miami, FL",tropical
U04990,24,female,158.1,68.7,27.5,8.0,XL,normal,training,intermediate,5,indoor,40,108,Nike|Jordan,performance,brown,polyester,"Orlando, FL",tropical
U04991,41,female,168.0,75.4,26.7,9.5,L,normal,training,beginner,4,indoor,15,56,Nike|Jordan|Adidas,performance,blue,gore-tex,"Houston, TX",tropical
U04992,41,female,160.5,67.2,26.1,8.0,L,normal,training,beginner,4,indoor,24,70,Adidas,performance,black,mesh,"Dallas, TX",hot
U04993,50,male,200.1,98.9,24.7,14.0,L,normal,running,beginner,3,outdoor,11,41,Jordan,casual,green,polyester,"Houston, TX",tropical
U04994,48,male,187.7,72.6,20.6,11.5,S,normal,training,advanced,3,outdoor,46,164,Nike|Adidas,athleisure,green,mesh,"Las Vegas, NV",hot
U04995,34,female,176.2,64.9,20.9,11.0,S,high,training,beginner,3,outdoor,29,74,Adidas|Nike,athleisure,red,mesh,"Houston, TX",tropical
U04996,18,male,186.4,87.2,25.1,11.5,M,low,running,beginner,5,both,14,35,Jordan,athleisure,brown,polyester,"Portland, OR",temperate
U04997,19,female,160.6,74.5,28.9,8.5,XL,normal,basketball,intermediate,3,indoor,43,158,Jordan,performance,green,cotton,"Dallas, TX",hot
U04998,42,female,163.3,57.9,21.7,8.5,M,normal,training,intermediate,4,indoor,24,55,Adidas|Nike|Jordan,casual,green,polyester,"Philadelphia, PA",temperate
U04999,36,male,172.3,89.7,30.2,10.0,XL,high,tennis,intermediate,3,both,41,132,Nike|Adidas|Jordan,performance,blue,leather,"Seattle, WA",temperate
U05000,20,female,165.3,48.9,17.9,9.0,XS,normal,running,advanced,2,outdoor,15,49,Jordan|Nike|Adidas,performance,green,mesh,"Portland, OR",temperate
